collect_doc_no,doc_no,title,url,channel_name,site_name,source_name,collected_date,sentiment,hashtags,related_words,eval_words
13819367197,BL000000013819367197,우당탕탕 25년 상반기 정산,https://blog.naver.com/khsung6846/223954860708,블로그,네이버블로그,^_^,2025-08-01,긍정,,"고양이,드래곤,고릴라,머리,상반기,생일,당일,저녁,오랜만,어제,금요일,지금,어린이날,시간,대회날,시험기간,점심,기간,개만족,정산,반오십,시작,처음,실험,서프라이즈,센터,단체사진,정서,중간,런치,실화,컨디션,기념,이수,가격,수정,다음,중요,번개,개인적,혼자,신기록,기록,친구,자랑,우승,재계약,전설,스쿼드,원조,출신,동기,릴스,꼴찌,어린이,웨이팅,마지막,아이디어,원정,풍경,대여,출발,호소인,호소,휴게,재현,생각,추천,즉석,포즈,유행,느낌,먼지,몬스터,레전드,동문,연합회,대기,카와이,제형,레이디,연습,흰머리,기획,삼총사,지원,십시일반,약속,블랙라벨,아줌마,폭주,나이스,확정,소진,영상,뉴페이스,정신적,역사상,갓생사,마무리,브이로그,이상형,특선,개인,계약,보람,고사,독립,해피,대회,단체,칭찬,억울,연합,무한,리필,극찬,허전,검정색,라벨,아이스,정신,지주,역사,갓생,기대,국수,젤라또,고등어,크림,어묵,갈비,생크림,조청,레몬,매실,바질,생양파,양파,알감자,메론,무화과,체리,감자,유과,사케,원두,커피,아이스아메리카노,마차,양주,아이스티,프라푸치노,소금빵,뇨끼,피자,김치,김치볶음밥,쌀국수,스시,떡볶이,카레,통조림,케이크,족발덮밥,덮밥,국물,고로케,파르페,야식,짜장면,안주,푸딩,닭갈비,생크림 카스테라,오믈렛,부대찌개,족발,카스텔라,찌개,요리,레시피,푸드파이터,점심특선,음식,피스타치오,보통맛,바막,유니폼,장화,안경,지비츠,크리스탈,수트핏,우리집,엘리베이터,수선,필름,학기,학생회,졸업식,졸업,박사,복학,중간고사,성적,스터디,시험,학생,리안,염색,뮤지엄,사진,극장판,혼영,독립영화,영화,체육대회,월드컵,스키,결승전,GOAT,결승,체육,축제,나들이,일본여행,여행,블로그,마커,이상형 월드컵,댄스부,모음집,셀카,전지,먹방,샤워,게임,댄스,드라이브,미사,키리에,생일파티,데이트,엠티,뒤풀이,집들이,알바,근무,실근무,노약자,황금세대,메가,스타벅스,프릳츠,요아정,본가,고디바,빠삐코,메가MGC커피,빽다방,팔도,배홍동,파스쿠찌,조청유과,아디다스,모노크롬,웍스,진격의 거인,해피엔드,유튜브,다방,크롬,수빈,정서윤,유나,최수한,지윤,정환,건우,김지윤,김보라,나연,김재현,현성,페페,빅나티,에스파,포챠코,카리나,이정환,사장,누나,오빠,차장,카페,스키장,식당,갤러리,명동,서점,스터디룸,서울특별시,빵집,휴게소,잠실,맛집,고깃집,무한리필집,대학교,춘천시,대만,일본,극장,부대","비싸다,재미있다,노잼,개만족,알바 야무지다,처음 보다,어색하다,최애,보람 있다,좋다,친하다,신나다,칭찬하다,먹고 싶다,유행 지나다,억울하다,극찬하다,허전하다,잘하다,아쉽다,최악이다,망하다,기대되다,시간 있다,편하다,최악,귀엽다,신기하다,못하다,야무지다,이쁘다,카와이,틀딱,정신적 지주,예쁘다,헬창,맛없다,맛 반하다,꿀맛,맛있다,맵다,맛 내다,맛집"
13826459741,BL000000013826459741,알디콤 집들이(서ver.250215),https://blog.naver.com/ee20919/223957708718,블로그,네이버블로그,뚜우벅,2025-08-03,긍정,,"작년말,처음,능력자,친구,블루,라벨,준비,집들이 선물,베이비핑크,집주인,실패,센스,무한대,무한,제공,마지막,마무리,술쟁이,여행,마커,집들이,모임,자가,훈제오리,편의점 아이스크림,오이,샐러드,위스키,명란구이,마라샹궈,꿔바로우,수육전골,안주,커피머신,우리집,디코,달무티,대천","제대로이다,최애,배부르다,센스쟁이,내 스타일"
13828528432,BL000000013828528432,나만의 방식으로 고독을 짊어지기,https://blog.naver.com/hjgo78_/223957254172,블로그,네이버블로그,hjgo78_님의 블로그,2025-08-04,긍정,,"하루종일,담날,저녁,일주일,다음날,오늘,시간,오전,내일,주말,지금,일요일,하루,방식,고독,사람,오리지널,위장,기상,계속,숯불,직영,가능,실화,친구,선물,하늘,느낌,의식적,행위,혼자,연습,소리,계획,해방,야간개장,로망,실천,어둠,감정,상태,생각,힐링,공간,기억,방법,기회,항정살,고기,간장,소금,과자,초콜릿,하이볼,숯불구이,뼈구이,볶음밥,한식,코스요리,잡채,오코노미야끼,런닝,장화,손잡이,수업,사진,음악,플레이리스트,여행객,여행,마커,개냥이,올세권,회사,정가,재택,퇴근,워킹맘,인용,장마,기상청,엽기떡볶이,신동궁감자탕,신라면,불닭,고래사,버터링,올리브영,iM증권,하나로,언니,어머니,사장,직영점,선릉,특별시,서울특별시,강남구,선릉로,여의도동,영등포구,여의대로,빌딩,요리집,대한민국,카페,핫스팟,정육식당,마포구,독막로,학원,본점,고궁","아프다,정신 없다,힘 내다,시간 있다,쉽지않다,좋다,부끄럽다,제대로하다,행복하다,도움되다,멋있다,맑다,맛있다,맵다"
13831373938,BL000000013831373938,[25.07.28~08.04] 백오십이상,https://blog.naver.com/ehdrbehrb/223959700513,블로그,네이버블로그,규동,2025-08-05,긍정,,"모기,초파리,머리,발톱,다음날,점심,오늘,일주일,오후,이상,평가서,세트,소주병,앞자리,정신,마무리,기억,다음,약속,가족,느낌,커플,색깔,집게,장착,키트,나무,패스,볶음밥용,재료,급속,껍질,계속,블랙라벨,회복,이름,규모,작업,공간,컬렉션,개인,아이템,추가,회의,사진,그림,휴가,페스티벌,인형,마커,만남,쫑파티,모임,인형뽑기,당면,국밥,낙지,갈비,소세지,키위,소주,딸기요거트,스무디,병맥주,위스키,칵테일,버번,맥주,계란말이,만두,곱도리탕,국물,안주,묵사발,닭볶음탕,닭볶음,어향가지,사천탕수육,동치미,훈연,볶음밥,볶음,김치찌개,백김치,김치,마늘쫑,해장,메뉴,출근,직원,퇴근,의자,액자,테이블,사발,포장,우디,갓파더,씨메르,승민,짱구,아버지,사장,약국,포차,국밥집,송도,중국,술집,오사카,만두집,카페,하동,애견카페,이집트","괜찮다,잘먹다,반응 좋다,갖고싶다,좋다,성장하다,느낌 좋다,좋아하다,망치다,아쉽다,기분 좋다,완전 괜찮다,어이없다,힘들다,아프다,세련된 느낌,할 말이 없다,서비스 받다,귀엽다,특이하다,미치다,깔끔하다,시원하다,맛있다,달달하다,맛 시원시원하다,당도 높다"
13844662706,BL000000013844662706,[도쿄 일상 85] 힘든 나날들의 연속  한국 갈 준비를 해요 ✈️,https://blog.naver.com/2_3jy/223964681055,블로그,네이버블로그,내가 사랑하는 순간의 기록,2025-08-09,긍정,"일본,일본일기,일본일상,일본워홀,일본취업,일본여행,도쿄,도쿄일기,도쿄일상,도쿄워홀,도쿄취업,도쿄여행,서이추,서이추환영,서로이웃,서로이웃추가,서로이웃환영","가슴,날개,금요일,월요일,요일,점심,영원,토요일,오늘,하루,오랜만,올해,시간,다음날,기간,여름,지금,일상,연속,준비,시작,능력,버전,번개,부서,한국여자,생각,정신,공개,설치,추천,냉동,마음,상황,쿠폰,가입,대체,모습,왼쪽,투명,품절,눈물,사랑,선물,알코올,양산,우울,잇티제,멘트,감동,사용,츠키미,계절,컨트리,샤인,평균,행운,당첨,포기,사람,재료,고민,구경,발견,취향,저격,상품,신상,한정,마지막,전문,덕분,단백질,기념,리프레시,행복,주먹밥,치즈,삼겹살,아이스크림,곱창,닭발,체다치즈,크림,파마산,계란,붕어,새우,베이컨,에그,소금,딸기,망고,버섯,오이,고추,과자,논알코올맥주,비지,인도커리,치킨,떡볶이,비빔면,후식,불족발,불족,마라탕,마라샹궈,육회,족발,파스타,강정,빙수,도시락,볶음밥,탕탕이,닭볶음,냉라면,라면,물냉면,냉면,버거,파이,슈크림,참치주먹밥,스크램블,티라미수,까르보나라,교자,만두,계란말이,푸딩,타르트,냉털,음식,식비,입맛,푸드,냉장,여름청바지,청바지,런치백,오오티디,스타일,칸막이,리모델링,바가지,설거지,냉동실,노트북,오티,사진,메이저,휴가,팽이,문구,마커,회사,입사,출근,퇴근,야근,사면,로켓,치맥킹,마라엽떡,뿌링클,불닭,치토스,유가네닭갈비,맥도날드,붕어싸만코,페이페이,메종,키디랜드,선배,한국인,아기,차장,도쿄,대한민국,장터,자메이카,이케부쿠로,신주쿠,백화점,동네,술집,전문점,은계","짱짱맨,갖고싶다,가고 싶다,사고싶다,힘들다,애매하다,좋다,여름 좋다,정신 없다,엄청나다,너무하다,쉽다,잘하다,알차다,섹시하다,못하다,밝다,야무지다,상쾌하다,맛 내다,맛있다"
13849568079,BL000000013849568079,숙대입구/남영｜돼지갈비 회식하기 좋은 남영역 고기 맛집 '청기와타운',https://blog.naver.com/sswonnyss/223966387398,블로그,네이버블로그,읽고먹고놀고마시고,2025-08-11,긍정,"청기와타운,청기와타운남영,돼지갈비맛집,숙대입구맛집,숙대입구데이트,숙대입구회식,남영역회식,남영역맛집,남영역돼지갈비,서울돼지갈비맛집","돼지,오늘,예전,영업시간,매일,브레이크타임,주말점심,점심,생일,입구,리뷰,트렌드,지원,작성,근처,요약,위치,라스트오더,방문,예약가능,예약,매장,외관,내부,분위기,초록,파랑,빨강색,조화,키트,메뉴판,입장,종류,모양,싸인,개정,외국인,생각,형태,공간,보관,고급,느낌,주문,이벤트,사이드,고민,제공,연속,선정,설명,위생등급,위로,시스템,인위적,재미,보장,부족,블루,리본,인증,등급,우수,감동,회식,장소,특별,돼지갈비,고기,소갈비,LA갈비,갈비,돼지갈비 양념,양념,와인,식사메뉴,투움바,무생채볶음밥,무볶음,미역국,반찬,생채,볶음밥,메뉴,음식,양념맛,인테리어,간판,테이블,캐비넷,수저,불판,화장실,버스,콘텐츠,콜라보,여행,관광객,관광,마커,모임,식약처인증,역세권,회사,바이럴,위생,청기와타운,블루리본 서베이,캐치테이블,NAVER,숙대,위너,한강,연예인,아기,남영역,맛집,지점,특별시,서울특별시,용산구,숙대입구역,가게,식당,고깃집,음식점,회식장소,타운,용산","좋아보이다,믿음직스럽다,꿀이득,강추드리다,강추,서비스 받다,잘되다,모임하기 좋다,우수하다,편하다,궁금하다,좋다,눈 들어오다,손님 많다,중요하다,메뉴 다양하다,종류 다양하다,다양하다,진하다,안좋다,감동하다,좋아하다,힘들다,화려하다,세심하다,신기하다,통통하다,특이하다,회식 좋다,깔끔하다,은은하다,맛집,맛있다,양념 맛있다,맛있는 곳,맛있는진 모르다"
13850312951,BL000000013850312951,이글레어 10년 (Eagle Rare 10 Year Old) 시음 후기 - 가격 맛 총정리,https://blog.naver.com/natte-space/223966714932,블로그,네이버블로그,"개미에서 베짱이로, 김나떼의 섬살이 노트",2025-08-11,긍정,"이글레어10년,버번위스키추천,제주공항면세점위스키,제주공항면세점위스키추천,버빙수","이글,버팔로,예전,기간,시음,후기,가격,총정리,탑승,구경,발견,기억,구매,정보,구매처,할인,기본,주요특징,숙성,덕분,복합적,복합,애호가,특징,종류,도수,싱글,카테고리,최고,선정,월드,스피릿,대회,더블,오크향,여운,추천,조합,합치,눈꽃,초보자,처음,생각,차이,비교,특유,알콜향,목넘김,사람,느낌,입문,제품,드립,피칸,인절미,치즈,다크초콜릿,카라멜,위스키,버번위스키,버번,스테이크,훈제,빙수,수란,눈꽃빙수,테이스팅 노트,과일향,바닐라향,견과류,과일맛,단맛,호두,입문자,입문용,평론,피니시,마커,면세,금액,페어링,머레이,골드메달,더달콤,우디,프랭클린,트레이스,평론가,면세점,제주공항면세점,생산지,미국,켄터키주,증류소,샌프란시스코","특별하다,요즘유행,유행하다,부담 없다,수상하다,구매하다,추천 받다,편하다,어우러지다,안맞다,가볍다,건조하다,향 부드럽다,은은하다,향 좋다,향 약하다,맛있다,풍미 자랑하다,달콤하다,스파이시하다,단맛,풍미 조화롭다,쌉쌀하다,견과류 고소하다,맛 쎄다,목넘김 부드럽다,목넘김 편하다,느끼하다,가격 좋다,합리적 가격,합리적 가격대,가격 즐기기좋다,가격대비 가볍다,가격대비 좋다,시간 있다,여유롭다,궁금하다,긴 여운,스모키하다,위스키 좋다,좋다,진하다,잘모르다,즐기다,강렬하다"
13850635660,BL000000013850635660,ep.8월의 일상들1,https://blog.naver.com/dkdudwkd216/223966852918,블로그,네이버블로그,AYOUNG HARU,2025-08-11,긍정,,"향수,오늘,점심,종종,일상,개회식,개회,보물찾기,음식물쓰레기,늦잠,사이즈,찬스,반값,취침,다이어트,사진,달리기,톡방,마커,단톡,면세,식단,보리,복숭아,위스키,커피,콩국수,버거,보쌈,런닝,반지,판도라,트랙,바바라,단톡방,팀장,과장,어머니,엄빠,사장,일본,밥집,하남,면세점,남양주,카페","비싸다,가격 사악하다,애타다,기분 좋다,먹고 싶다,힘들다,뿌듯하다,좋다,귀엽다,친절하다,잘생기다,맛있다"
13853783285,BL000000013853783285,"제주 바람에 취하고, 또똣에 또 취했또",https://blog.naver.com/s2s2jihyuns2s2/223968051673,블로그,네이버블로그,Jihyun's Story,2025-08-12,긍정,"제주혼술바,또똣혼술바,제주또똣혼술바,또똣제주,혼술바추천,제주도술집,혼저옵서예,제주가볼만한곳,제주도혼술집,제주도혼술바추천,제주도혼술바예약,제주도혼술바여자,제주도혼술바후기,새벽제주혼술바,제주시혼술바,제주시맛집,제주시술집,혼술집,초보블로거,블린이,혼술안주","악어,이빨,전완근,영업시간,매일,겨울,내일,바람,친구,재회,후기,협찬,제공,추가비용,내돈내산,혼술,위치,주차,가능,무료,주변,상점가,이용,예약,도착,비밀,느낌,입구,사람,분위기,감성,건물,오른쪽,계단,매장,내부,좌석,주문,생각,금지,포인트,혼자,주기,등장,무한,하늘,도라방스,남아,옆자리,방명록,고민,완료,오르가즘,도리,차례,올드,알못,원샷,마무리,대화,남자,여자,밀크,시럽,팝콘,칵테일,하이볼,토닉워터,마티니,디저트,외투,패션,조명,거울,행거,테이블,옷걸이,빨대,화장실,반계단,핸드워시,사진,혼여,혼자여행,여행,마커,손그림,셀카,게임,카드,출근,성비,술병,카타르시스,파리바게뜨,포스틱,시몬스침대,파우스트,말리부,네이버 톡톡,쟈니,사장,제주특별자치도,제주시,중앙로,상점,주차장,아지트,남자화장실,여자화장실,술집","부담 없다,추천하다,제대로이다,좋아하다,좋다,소외되다,거실 편안하다,편안하다,밝지않다,따뜻하다,잊지 못하다,어색하다,친하다,빠르다,뽀짝하다,어울리다,깔끔하다,끊기지않다,은은하다,맛있다,달달하다"
13854997400,BL000000013854997400,경성상회 사당점 회식장소 술집,https://blog.naver.com/lunarjin0805/223968505266,블로그,네이버블로그,Funderful life:),2025-08-12,긍정,"사당역술집,사당역회식장소,사당역모임장소,경성상회사당점","오늘,점심,상회,근처,방문,위치,주차,외관,모습,이름,복고,느낌,선샤인,이벤트,진행,매장,입구,계단,룸형식,단체,회식,프라이빗,형식,남자,메뉴판,매번,주문,준비,선택,오리지널,탄산,사용,왼쪽,생각,뿌리,고급,건배,마지막,특유,전시,일본여행,마커,종이,모임,술자리,회사,음식,메뉴,세트메뉴,일본식,식감,입맛,플레이팅,사시미,닭고기,고기,명란,베이컨,닭날개,생선,참치,새우,와사비간장소스,마요네즈,소금,와사비,간장,양배추,버섯,생맥,맥주,사케,하이볼,탄산수,꼬치,장조림,고추장아찌,장아찌,간장절임,안주,술안주,동그랑땡,복고풍,테이블,바테이블,주방,태블릿,기린 생맥주,주인공,회식장소,술집,핫플레이스,먹자골목,방배,주차장,공영주차장,음식점,출구,골목,일본,베트남,선술집,특별시,서울 서초구,서울특별시,사당역,모임장소","분위기 있다,특별하다,종류 많다,만족하다,두툼하다,좋아하다,좋다,즐기다,재미있다,다양하다,신나다,친근하다,이쁘다,곱다,싱싱하다,어울리다,아삭하다,맛있다,짭쪼름한 맛,맛 반하다,짭짤하다,식감 있다"
13864369364,BL000000013864369364,"[강동 / 천호 술집] 분위기 좋은 천호동 술집, 위로스키 하이볼 위스키 맛집",https://blog.naver.com/d_qovop_b/223971474542,블로그,네이버블로그,강동구 먹짱,2025-08-15,긍정,"서이추,서이추환영,답방,맛집,천호술집,길동술집,강동술집,길동역술집,길동하이볼,길동역하이볼,천호하이볼,길동위스키,길동역위스키,천호위스키,길동바,천호바,길동역바,길동분위기좋은술집,천호분위기좋은술집,길동맥주집,천호맥주집","면도,핸드크림,머리끈,오랜만,영업시간,매일,위로,검색,생각,영업정보,위치,마감,추가정보,사용,매장,메뉴판,확인,내부,분위기,공간,남자친구,구경,재미,종류,설명,초보,후기,주문,추가,구성,기본,커플,다음,처음,우드,총평,추천,초보자,최고,센스,사람,가격,기대,손님,재료,퀄리티,서이추,환영,답방,마커,지원금,민생지원금,메뉴,음식,바닐라향,캬라멜향,풍미,파스타면,에그,소라,새우,페페론치노,오렌지 필,방울토마토,마늘,다진마늘,양송이버섯,양파,양송이,사탕,과자,하이볼,위스키,버번위스키,버번,오렌지향,온더락,발효주,맥주,안주,감바스,에그인헬,브리치즈구이,튀김,기본안주,글라스,전화번호,포드,사장,강동,천호동,술집,맛집,길동,길동역,천호역,강동구,가게,먹자골목,야장,대한민국,특별시,서울특별시,맥주집","분위기 좋다,만족하다,좋아보이다,마음에 들다,술 좋아하다,가격 만족하다,저렴한 곳,저렴한 가격,저렴하다,가득하다,추천 받다,추천 해주다,가깝다,종류 다양하다,센스 있다,다양하다,위스키 좋다,좋다,풍부하다,좋아하다,충분하다,엄청나다,친절하게 설명하다,감동하다,역하다,생기롭다,예쁘다,통통하다,완벽하다,어울리다,잘 어울리다,구성 좋다,상큼한향,달달한 향,향 잘어울리다,향 좋다,맛집,맵다,매콤하다,식감 좋다,풍미 깊다,맛있다,입맛 맞다"
13866423967,BL000000013866423967,전포동 이자카야 추천 | 치락스 후기,https://blog.naver.com/lccyxx/223972501800,블로그,네이버블로그,뭉치면 주먹밥 흩어지면 볶음밥,2025-08-16,긍정,"서면술집추천,전포동이자카야,서면하이볼,치락스,전포치락스,서이추,서이추환영,전포술집,서면술집","영업시간,월요일,요일,수요일,일요일,매주,화요일,시간,오늘,추천,후기,휴무,주차,주차불가,유료주차,사용,단체,이용,가능,예약,동반,외관,분위기,위치,도보,내부,생각,혼술,방문,대화,추천메뉴,주문,전체적,장소,다음,마실,가격,차감,추측,모양,느낌,조화,친구,해피아워,마커,반려동물,소모임,모임,데이트,민생회복 소비쿠폰,간편결제,해피아,키리모찌,사시미,치즈,하몽,아이스크림,요구르트,와사비,칠리,바나나크림,시래기,바나나,하이볼,맥주하이볼,위스키하이볼,맥주,생맥,마전,스시,치킨난반,야끼소바,크림새우,프라이,감자튀김,안주,명란버터구이,타코와사비,크림브륄레,기본안주,명란구이,메뉴,노미호다이,간판,테이블,락스,하이볼잔,접시,머들러,주소,화장실,전화번호,무선인터넷,마이크,로손,돈페이야끼,니혼슈,산토리,애비,전포동,이자카야,남포동,광역시,부산광역시,부산진구,서전로,인근,유료주차장,오사카,글리코상,일본,전포역,부전역,출구,가게,오이타","좋아보이다,별로다,괜찮다,흡족하다,가고 싶다,주문 괜찮다,가격대 적다,저렴하다,가성비 좋다,추천하다,눈 띄다,가깝다,데이트 좋다,한적하다,좋다,메뉴 다양하다,간단하다,종류 다양하다,다양하다,재미있다,잘모르다,감사하다,주말 즐겁다,귀엽다,청결하다,화장실 깨끗하다,깨끗하다,달콤하다,짭짤하다,맛있다,달달하다,단짠단짠,조용하다"
13867062739,BL000000013867062739,"이마트 와인, 데일리로 마시기에 괜찮은 종류와 가격대 후기!",https://blog.naver.com/leedh428/223972709924,블로그,네이버블로그,심심풀이 블로그,2025-08-16,긍정,,"데일리,오늘,다음날,종류,가격대,후기,상품,이유,소개,블루,제품,할인,남아,기준,반대,가격,도수,블랙앤화이트,흰색,상품권,할인율,데일리용,공간,마커,온누리 상품권,면세,가격대비,위스키,싱글몰트,하이볼,와인,블렌디드,레드루비,이마트 와인,이마트,잭다니엘,와일드 터키,조니 워커,로얄살루트,솔드아웃,성지,인천광역시,면세점,신촌,특별시,서울특별시,마포구,신촌로","인기 좋다,괜찮다,숙취 없다,나쁘지않다,종류 많다,가격 있다,세일하다,가격대 좋다,저렴한편 아니다,가격 좋다,가격 싸지 않다,할인 받다,구매하다,안팔리다,좋다,쉽지않다,아쉽다,좋아하다,열풍 불다,꾸미다,데일리 좋다,적합하다,맛있는것 같다"
13870518871,BL000000013870518871,"강원도 정선 가볼만한곳...(가리왕산 케이블카, 파인 포레스트 정선 알파인 리조트...",https://blog.naver.com/elion68/223973928184,블로그,네이버블로그,불가능한 것을 꿈꾸며 살아가다....,2025-08-18,긍정,"가리왕산케이블카,하이원워터월드,파인포레스트정선,주천묵집,정선팔도숯불구이,흔들바위,정선가볼만한곳,강원도정선가볼만한곳,정성여행,정선가성비숙소,강원도정선맛집,파크로쉬정선맛집","원숭이,숄더,중순,올해,여름,오랜만,지금,시간,점심,다음날,오늘,아침,어제,일차,포레스트,더위,성격,위치,국내,최대,파도,소리,나이,체력,생각,숯불,발견,일기,기록,본격적,시작,아점,전국적,유일무이,처음,주문,과식,예정,슬라이드,방전,입장,만신창이,퇴장,이동,근처,검색,등극,전문,이상,리필,방문,지인,입성,예약,조리,명장,에바,검정색,버전,입문,도전,싱크,주변,취침,일정,탑승,종목,변형,탑승권,발부,탑승자,이용,대기,인원,정상,상부,도착,인증샷,로드,조성,전망,하차,하늘,대기줄,풍경,하산,마지막,백미,국밥,몰트,돼지갈비,감자,호박식혜,위스키,하이볼,버번위스키,숯불구이,옹심이,비빔밥,도토리묵,감자전,반찬,후식,된장국밥,디져트,식감,식사,저녁식사,음식,입맛,스타일,트윈베드,창문,바닥,베드룸,테라스,주방,루프탑,데크,배터리,케이블,리프트,바퀴,사진,풍경사진,수채화,바다수영,동계올림픽,올림픽,슬라이더,수영,경기,리조트,여행,먹방여행,숙소,숙박,취미,마커,케이블카,물놀이,파도풀,놀이기구,튜브,산책,서클,전세,브랜딩,치루,인피니티,파노라마,팔도,월터,세미,에반,여사,부부,선수,강원도,강원,정선,가리왕산,계곡,수영장,워터파크,온천,발왕산,맛집,영월,평창,흔들바위,하이원 워터월드,전국,식당,나전역,관광지,플라자,탑승장,정원,전망대,산책로,포토스팟,카페","유명하다,Good,가성비 좋다,추천하다,힘들다,좋아하다,놀이 즐기다,자랑하다,기쁘다,최애,해결하다,질리다,후회하다,배 터지다,어울리지않다,즐기다,간단하다,물 좋다,좋다,아쉽다,전망 담다,관광 편하다,경치 감상하다,다양하다,편하다,밝다,부드럽다,맛집,맛있다,인생 맛집,최고의 맛,맛 들다"
13871327464,BL000000013871327464,"한 모금에 담긴 버번의 깊이, 메이커스 마크 위스키",https://blog.naver.com/wlswn2487588/223974251218,블로그,네이버블로그,지아의하루,2025-08-18,긍정,"메이커스마크,위스키추천,버번위스키,위스키입문,위스키애호가,프리미엄위스키","오늘,오랜만,현재,깊이,마크,라이프,도수,소개,상징,매력,애호가,브랜드,특징,사람,역사,배경,표기,사용,프리미엄,대표,전세계적,세계적,고급화,고급,흐름,국내,애주가,입문,삼대장,도전,탄생,시작,전통적,가문,비법,배합,시도,숙성,등장,차례,대형,인수,과정,그룹,모어,세계,보유,라인업,스탠다드,제품,기본,해외,매장,버전,바탕,오크,스틱,추가,덕분,일반적,이유,원료,강조,특성,여성,장벽,골드,검정색,입구,방식,상징적,특유,베이스,올드,클래식,고민,옥수수,호밀,바닐라,버번,위스키,보드카,버번위스키,주류,테킬라,온더락,칵테일,단맛,얼음,매쉬,패션,왁스,오크통,파라핀,영국식,입문용,입문자,아세톤,프렌치,전통,마커,모금,면세,생산,기업,구조조정,메이커스 마크,아메리칸 위스키,짐빔,산토리,브랜즈,아이코닉,스트레이,하나로,미국,켄터키주,클럽,일본,면세점,대한민국,제주면세점","인지도 높다,유명하다,특별하다,인기 있다,부담 없다,구매하다,추천하다,마시기 좋다,활용도 높다,잘 어울리다,깔끔하다,부드럽다,매끈하다,향 있다,향 줄어들다,향 깊다,위스키 즐기다,풍미 느끼다,풍미 있다,스파이시하다,단맛,달콤하다,부드러운 풍미,풍미 즐기다,단맛 은은하다,고급스럽다,디자인 자랑하다,즐기다,흥미롭다,새로운 방식,성장하다,특별한 제품,제품 다양하다,자랑하다,쉽다,어려운 점,편안하다,활용 높다,친근한 매력,매력 적다"
13875479970,BL000000013875479970,"#61 요즘 일상 (여름 일본과 부산, 요리조리 피해 가는 비 오는 날;>)",https://blog.naver.com/ordinaryzy/223975962243,블로그,네이버블로그,ordinaryZy,2025-08-19,긍정,"요즘일상,주간일기,주간도쿄,도쿄긴자,긴자여행,도쿄여행,도쿄,일기,요즘,여행의의미","바디,얼굴,각질,강아지,돼지,여름,시간,어제,점심,주말저녁,오래간만,주말,아침,하루,주간,예전,일상,일정,결말,짜증,시작,다짐,늦잠,계획,다음,계속,나이,타이밍,숯불,리스키,브랜드,등장,주인,마실,쇼핑,먹부림,목적,규칙적,규칙,시간차,시야,결항,노심초사,도착,날씨,뉴스,이슈,나이스,기억,센스,스위트,프라이빗,공간,중앙,분위기,근처,매번,베이스,평점,처음,햇살,친구,소개,마지막,느낌,리뷰,자랑,포인트,자제,간식타임,마무리,생각,만족,완성,공식,감정,경험,물건,순간,가치,소유,구경,심리적,심리,자유,인연,일기,의미,두부,돼지갈비,해초,해산물,오이스터,소금,당근,토마토,살구,초콜릿,스낵,위스키,칵테일,맥주,커피,라테,레페,마리네이드,안주,가이센돈,해산물 요리,라면,육수,토핑,라멘,국물,피자,나폴리피자,푸딩,디저트,돈코츠라멘,콜라겐,식사,해장,셰프,패딩,귀걸이,그릇,루프탑,세신사,버스,와이퍼,마사지,플레이리스트,사진,3박4일여행,도쿄여행,투어,여행,세신,풍선,인형,마커,주간일기,텐트,만남,소비,피해,출장,직원,오픈런,혈당스파이크,기절,알레르기,병원행,지코바,샤넬,코코,Google,포시즌스,안다즈,아버지,시장,일본,부산,서울특별시,온천,온천장,베이커리,긴자,도쿄,김포시,김포국제공항,지하주차장,맛집,츠키지,병원,도쿄타워,모스크","특별하다,마음에 들다,원 없다,사고싶다,갖고싶다,전환 뜻깊다,어울리다,쾌적하다,깔끔하다,시원하다,녹진하다,맛집,맵다,맛있다,쫀득하다,고소하다,조용하다,깜깜하다,으리으리하다,기대하다,여행 즐기다,행복하다,애매모호하다,귀찮다,제대로이다,즐기다,서운하다,시간 없다,긴장하다,좋다,신선한 해산물,궁금하다,가깝다,간단하다,즐겁다,뜻깊다,충분하다,유쾌하다,야무지다,못하다,쿨하다,귀엽다,기특하다,맑다,반짝이다"
13875877175,BL000000013875877175,매쉬빌(Mash Bill) 위스키는 뭐고 어떻게 나뉘나? 메막은 무슨 버번에 속 하나?,https://blog.naver.com/verdaderamente/223962979081,블로그,네이버블로그,Maximist,2025-08-19,중립,"위스키,버번위스키,버번3대장,메이커스마크,메막,버팔로트레이스,물소,와터,와일드터키,매쉬빌,매쉬빌뜻,하이라이,하이라이위스키,라렌시,웰러스페셜,웰러스페셜리저브,웰러,파피반윙클,사제락라이,사제락,리튼하우스,휘슬피그,휘슬피그10년,불렛라이,불렛라이버번,번헴,소노마컨트리위트,소노마,드라이플라이,서이추","허브,드라이,사용,배합,비율,일반적,이야기,소개,기본형,기본,중간,오크향,균형감,균형,대표,페퍼향,존재감,존재,위트,강조,이상,풍미,단맛,스파이시,곡물,옥수수,보리,호밀,바닐라,민트,카라멜,위스키,버번,버번위스키,매쉬,로즈","스타일 추천,감 좋다,강하다,부드럽다,풍미 달라지다,단맛,풍미 부드럽다,크리미하다"
13878181467,BL000000013878181467,[신동엽 위스키] 블랙써클 - 비교 & 솔직후기,https://blog.naver.com/zzian_u/223976948581,블로그,네이버블로그,"찌안: [일상,소비 기록]",2025-08-20,긍정,"신동엽위스키,신동엽술,신동엽블랙써클,블랙써클,블랙써클위스키,블랙써클도수,블랙써클에어링,블랙써클니트,가성비위스키,하이볼위스키","일주일,검정색,비교,후기,사람,후기작성,결제내역,출시,확인,할인,구매가능,방지,태그,도수,용량,목넘김,특징,검색,세팅,마실,준비,뿌리,알콜향,시음,마크,순위,차이,에어링,마무리,추가,마커,서클,금액,가성비,풍미,바닐라향,치즈,후추,바닐라,카라멜,위스키,온더락,하이볼,블렌디드,안주,위조,세븐일레븐,글렌피딕,와일드 터키,메이커스 마크,카카오페이,신동엽,지점","괜찮다,구매하다,금액 있다,궁금하다,간단하다,행복하다,기대하다,부드럽다,향 세다,향 나다,달콤하다,맛있다"
13887451821,BL000000013887451821,"[이태원] 몬드리안호텔 서울 - 내돈내산,시그니처킹 후기,수영장,서울호캉스,답프로포즈",https://blog.naver.com/jboo21/223979239247,블로그,네이버블로그,기록하기,2025-08-23,긍정,"몬드리안호텔,몬드리안서울이태원,알티튜드풀,이태원호텔,몬드리안수영장,몬드리안,몬드리안시그니처킹,몬드리안후기,몬드리안이태원,이태원몬드리안,이태원호텔수영장,서울호캉스,서울호텔야외수영장","식물,기념일,휴일,성수기,시간,아침,옛날,브레이크타임,내돈내산,시그니처,후기,프러포즈,기념,주변,예약,패키지,입장,가격,신청,비수기,할인,도착,리셉션,진행,지하,홍보영상,계속,웨이팅,발견,구경,차례,인기,추천,시티,완료,고층,입장권,크기,충전,시스템,조절,웰컴,객실정비,수납,준비,분위기,입구,오른쪽,케미,브랜드,유기농,원료,남산뷰,공사,집중,결심,확인,티켓,교환,날씨,성공,앞자리,사람,커플사진,주문,타임,시간절약,위치,헐레벌떡,서프라이즈,마음,눈물,포토,마감,부족,오매불망,외국인,다음,달걀,과자,약과,간식,커피머신 캡슐,양주,칵테일,모히토,케이크,클럽샌드위치,프라이,마라탕,꿔바로우,샌드위치,식물성,음식,메뉴,정장,아머,슬리퍼,팔찌,선글라스,침대,액자,조명,옷장,수납장,의자,거울,조화꽃,정수기,냉장고,엘리베이터,화장실,샤워실,배달,다리미,al,샴푸,컨디셔너,바디클렌저,사진,노래,셀프촬영,수영,호텔,5성급,투숙객,투숙,체크인,투어,숙소,여행,호캉스,셀카,눈치게임,풍선,마커,물놀이,성수,미군부대,결제,신용카드,카드,내수,고용,코웨이,여기어때,유튜브,마이리얼트립,몬드리안호텔,이태원,서울특별시,수영장,피트니스센터,군부대,성수동,용인,포토존,옥상,실내수영장","뷰 있다,뷰 좋다,유명하다,마음에 들다,짱 좋다,좋게하다,가격 좋다,가격 비싸다,비싸다,절약되다,잘모르다,설레다,기분 좋다,잘 챙기다,안좋다,신나다,흐리다,좋다,사진 찍기 좋다,물 좋다,웃기다,재미있다,조심하다,든든하다,잃어버리다,잘하다,즐기다,제대로되다,내기 좋다,헬스장 좋다,잘되다,편하다,예쁘다,귀엽다,평범하다,꾸미다,유용하다,쓰기 편하다,맛있다"
13901400452,BL000000013901400452,6월ㄹ,https://blog.naver.com/hbhaja/223985672627,블로그,네이버블로그,⠀⠀⠀,2025-08-27,긍정,"도우스탠드,방천시장,스탠다드커피하우스,교동장미,마당,문현사커피로스터스,삼덕동피삼사","이마,장미,고양이,얼굴,영원,하루,담날,아침,시간,오랜만,새벽,지금,일상,인간,변명,시작,사랑,사이즈,존재,행복,일기,기대,착각,고민,기억,휴무,선물,매장,가족,유독,이름,추가,사이드,의미심장,구매,덩어리,다사다난,천근만근,무념무상,초지일관,자포자기,춘래불사춘,본인,스탠다드,추천,지하,마지막,조합,기름,물기,최고,친구,이슈,운영,처돌이,도안,상황,해결,찐막,물건,번호,행동,문제,뽀뽀,약속,오바쌈바,거인,양심,재료,다이어트,자랑,색감,맛도리,개인적,이유,계속,정석,처음,완전체,분리,등장,재미,남자친구,지인,마무리,결정,보유,배웅,근처,종류,생각,도착,집들이 선물,준비,감흥,웰컴,미니,시간제한,최대,점수,다음,칭찬,중요,거품,우울,동네친구,빈티지,상태,개인,남자,부족,제한,베이글,당면,두부,망개떡,술밥,치즈,크림치즈,고기,조개,명란,차돌박이,계란,갈매기살,멸치육수,젤라또,아이스크림,에그,버터,크림,놀래미,대구,참치,멸치,식초,간장,참치액,참치액젓,참기름,후추,양념,양념장,된장,액젓,머쉬룸,바질,토마토,수박,청경채,감자,오이,샐러드,다진마늘,복숭아,자두,부추,간식,고량주,커피,아이스아메리카노,위스키,웰컴주,피자,투움바 파스타,김치볶음,소세지볶음,볶음,불족발,불족,족발,술찜,명란덮밥,토마토덮밥,덮밥,청경채볶음,볶음면,마라샹궈,토마토라면,교동,된장술밥,비빔면,계란반숙,된장찌개,푸딩,월남쌈,디저트,토스트,닭죽,샤브,튀김,수제비,안주,김치,참치김밥,김밥,육회,조개찜,라면,반숙,육수,에그토스트,김치김밥,음주,냉털,크림치즈맛,푸드파이터,커피맛,행복지수,별미,메뉴,치즈맛,냉장,셔츠,지갑,가방,스탠드,거울,테이블,바가지,냉장고,마당,우리집,하우스,전화,내과,버스,오도방,오도방구,대학생,사진,노래모음,노래,사격,스티커,모음집,키링,마커,인형,뽑기,게임,수다,인형뽑기,집들이,술약속,거품주,계산,카드,사기,출근,만근,퇴근,직원,알바,닌텐도,본가,탕화쿵푸,솔밭샤브,응우옌,쿠로미,알레프,치이카와,도희,지수,남동생,동생,누나,사장,시장,피자집,부산,동성로,카페,방천시장,술집,동네,마트,동대구역,커피 하우스,반월당,맛집,떡집,일본,게임장,젤라또 가게,가게,월남,삼덕동,빈티지샵,대학교,갤러리,고등학교,무인샵,학교","이름 나다,만족하다,질 미치다,잘 쓰다,별로다,좋은 기억,종류 많다,구매하다,양이 작다,신나다,행복하다,오열하다,칭찬 받다,즐겁다,중요하다,기막히다,우울하다,좋다,커피 좋다,궁금하다,친구 좋아하다,쉽다,토마토 좋다,짜릿하다,진하다,좋아하다,잘 다니다,머쓱하다,고맙다,웃기다,심심하다,감탄하다,먹고 싶다,밉다,소소하다,민망하다,시간제한 없다,너무하다,기대하다,상태 좋다,서비스 주다,빠르다,미치다,귀엽다,예쁘다,미친놈,신기하다,센스 좋다,못하다,부족하다,맛 반하다,맛있다,맛 궁금하다,맛집,음식 맛있다,달달하다,맛 부족하다,조용하다"
13909324234,BL000000013909324234,제주 혼술바 핫플 인정인 또똣 제주혼술바,https://blog.naver.com/merryjin11022/223988193565,블로그,네이버블로그,메리View,2025-08-30,긍정,,"오늘,시간,지금,저녁,하루,영업시간,혼술,인정,근처,감성,혼자,대화,분위기,위치,외관,느낌,입구,모습,센스,처음,사투리,실내,생각,공간,일반,테이블석,마련,사람,방문,시작,벽면,포스터,메뉴판,확인,알코올,구성,참고,기본,세팅,구입,발걸음,방명록,특유,마음,고민,이야기,기회,주변,걱정,제조,마실,실력자,즉석,친구,연락,인연,계속,마무리,그림,제주도 여행,혼자여행,여행객,여행,관광객,게임,마커,엽서,술게임,직원,메뉴,무알콜,식사,음식,팝콘,과자,간식,버번위스키,칵테일,하이볼,위스키,꼬냑,위스키하이볼,안주,겉옷,가방,스타일,바테이블,테이블,옷걸이,주소,배달,업체,전화번호,잭다니엘,하리보젤리,포스틱,사장,제주특별자치도,핫플,동문시장,맛집,핫플레이스,만남로,제주시,중앙로","자유롭다,유명하다,관광객 많다,종류 많다,부담 없다,강추 드리고싶다,가득하다,가득차다,추천하다,눈치 보다,좋다,우울하다,즐기다,재미있다,따뜻하다,자랑하다,다양하다,기회 얻다,선택 좋다,안주 좋다,먹고 싶다,느낌 좋다,파티 즐기다,시간 있다,친하다,소중하다,여행하기 편하다,외롭다,따사롭다,편하다,도움 주다,감성적이다,예쁘다,잘 어울리다,가볍다,부드럽다,맛집,다양한 맛,맛있다"
13844269875,CF000000013844269875,[일본]  일본 여행 전리품 입니다.,https://cafe.naver.com/whiskycognac/757562,카페,네이버카페,위스키코냑클럽,2025-08-09,중립,,"전리품,구입기,필수,정보,구입처,구입가격,구매,회원,자랑,게시판,이용,주의사항,삭제,금지,게시글,이름,제품명,표시,가격,개인,거래,언급,문의,댓글,쪽지,이벤트용,이벤트,참여,후기,내용,협찬,혜택,국내,예시,참고,질문,미부착,부착,판매,라벨,매입,해외,구입,목적,배치,블랑,주문,포인트,사용,프라이빗,셀렉트,시음,지배적,생각,기준,사진,유도,일본여행,탐방,호텔,문구류,마커,미니어쳐,면세,재판매,금액,바닐라,위스키,불법유통,불법,한글,빅카메라,글렌알라키,신세계면세점,아마존,위즐,일마존,와이프,일본,도쿄,면세점,긴자,대한민국","좋게하다,괜찮다,구매하다,좋다,고맙다,좋은 분,시원하다,스파이시하다"
13868935033,CF000000013868935033,[주류샵]  시트러스맛 위스키/메막/시그넷 바이알 구매(feat. 위스키파크 인천부천점),https://cafe.naver.com/whiskycognac/761077,카페,네이버카페,위스키코냑클럽,2025-08-17,긍정,,"예전,중복,구매,문의,회원,추천,클래식,검색,마크,올드,스톤,싱글,참고,구입,처음,안내,마지막,이벤트,메뉴판,구입기,필수,정보,구입처,구입가격,자랑,게시판,이용,주의사항,삭제,금지,게시글,이름,제품명,표시,가격,개인,거래,언급,댓글,쪽지,이벤트용,참여,후기,내용,협찬,혜택,국내,예시,질문,미부착,부착,판매,라벨,매입,해외,유도,면세,재판매,불법유통,알바,불법,테이스팅 노트,메뉴,시트러스,위스키,넥타,인공지능,한글,박스,하우스,정리,카발란,글렌고인,메이커스 마크,넬리,엔트리,감사용,마키,오반,블레어,사장,주류샵,인천광역시,부천시,카페","명성 자자하다,떨리다,친절하게 안내하다,좋다,최애,궁금하다,빠르다"
13876272352,CF000000013876272352,"[초보시음기]  시트러스노트에 결국 흥미를 못느꼈다고 한다. 취향찾기 성공?(feat.,피트충격)",https://cafe.naver.com/whiskycognac/762054,카페,네이버카페,위스키코냑클럽,2025-08-19,중립,,"예전,초보,흥미,취향,성공,충격,구매,문의,회원,추천,게시판,이용,주의사항,삭제,금지,게시글,이름,제품명,표시,구입기,구입처,정보,개인,거래,자랑,언급,댓글,쪽지,이벤트용,이벤트,참여,후기,내용,협찬,혜택,국내,예시,참고,질문,미부착,부착,판매,라벨,매입,해외,구입,유도,공책,면세,재판매,불법유통,불법,시음기,시트러스,레몬,위스키,레몬수,버번,한글,하우스,정리,넬리,엔트리,소독약,감사용,마키,인천광역시,부천시,카페,병원","별로다,어질어질하다,축하하다,매력적이다,매력 적다,꿉꿉하다,느끼하다"
13899435544,CF000000013899435544,로얄샬루트 21년과 글렌피딕 18년 중 어느게 더 좋을까요?,https://cafe.naver.com/whiskycognac/765165,카페,네이버카페,위스키 코냑 클럽,2025-08-27,중립,,"오늘,옛날,로얄,쿠폰,차이,나열,알코올,순수,게시판,이용,주의사항,삭제,금지,게시글,이름,제품명,표시,구입기,구입처,정보,개인,거래,자랑,언급,문의,댓글,쪽지,이벤트용,이벤트,참여,후기,내용,협찬,혜택,국내,구매,예시,참고,질문,미부착,부착,판매,라벨,매입,해외,구입,유도,면세,재판매,불법유통,불법,싱글몰트,위스키,쉐리,하이볼,한글,글렌피딕,홈플러스,발렌타인,오켄토션,맥켈란,켄토,러셀","잘먹다,구매하다,좋다,싫다,안맞다,냄새 싫다,향 없다,입맛 맞다,맛이 없다,맛있다"
13852902039,DC000000013852902039,사실 병입 에어링은 환상이 아닐까?,https://gall.dcinside.com/mgallery/board/view/?id=whiskey&no=1283347,커뮤니티,디시인사이드,"위스키 갤러리
마이너",2025-08-12,부정,,"지금,에어링,환상,상온,여지,발굴,차이,마실,생각,해골,코르크,변화,위스키,취업,변론,현행,찬장,보틀,부엌,요이치,본가,파라필름,일본",확실하다
13870681449,DC000000013870681449,칵바리)상수 크로우,https://gall.dcinside.com/mgallery/board/view/?id=cock_tail&no=148454,커뮤니티,디시인사이드,"칵테일 갤러리
마이너",2025-08-18,긍정,,"오늘,생일,휴일,시리즈,발아,테이크,리뷰,스압,슬로우,입구,흰색,후기,진취,지인,혼자,변경,탄산,최고,이벤트,취향,서브,마실,올드,특유,손님,주문,진리,서비스,친구,이야기,선택,투어,마커,쉘터,얼음,몰트,옥수수,대구,초콜릿,하이볼,칵테일,패션,상수,테이블,그래버 바,바카디,하이드아웃,숙대,리프트,노선,숙희,앨리스,마리아,스즈,리키,사장,합정,대전,청담,창원특례시,천안시,불당동,상수역,경주,영등포구,동인천역,마산,부산서면,서면,월평동,홍대입구,하바나,클럽,맨하탄,바티칸시국,PC방","만족하다,안좋다,좋다,맛있다,밍밍하다,새콤하다,스파이시하다"
13879087238,DC000000013879087238,선생님들 메이커스 마커 먼지쌓인거 사도 되나요??,https://gall.dcinside.com/mgallery/board/view/?id=whiskey&no=1292266,커뮤니티,디시인사이드,"위스키 갤러리
마이너",2025-08-20,중립,,"할인,마커,선생님,편의점","안팔리다,야무지다,먼지 쌓이다,먼지 있다"
13905326322,DC000000013905326322,형님들 감사합니다,https://gall.dcinside.com/mgallery/board/view/?id=whiskey&no=1301051,커뮤니티,디시인사이드,"위스키 갤러리
마이너",2025-08-28,긍정,,"오늘,할인,검색,컴백,출국,기억,마커,위린이,한화,글렌피딕,돈키호테,형님,갤러리,일본",감사하다
13911737471,DC000000013911737471,릴) 송충이볼 받고,https://gall.dcinside.com/mgallery/board/view/?id=whiskey&no=1303551,커뮤니티,디시인사이드,"위스키 갤러리
마이너",2025-08-31,중립,,"송충이,오늘,잔인,한정,위스키,주인공",
42554540156,TW1951304657332322399,"메이커스마커
니트로 마셔본 소감 
첫맛은 매움 지금 혓바늘 돋아서 더매움
그 다음에 강렬한 알코올향 올라옴
맨 뒤에 바닐라향인지뭔지 향긋한거 잠깐 인사함",https://x.com/Comme_des_Garry/status/1951304657332322399,X(트위터),X,Comme_des_Garry,2025-08-02,중립,,"지금,소감,다음,알콜향,인사,마커,바닐라향","향 올라오다,향긋하다,맵다"
42574835953,TW1958983551392862304,@hippy49_1968 왠일인지 스카치보다는 버번이 제 입에는 더 맞더군요. 나름의 순위는 버팔로 트레이스-와일드 터키- .... -메이커스 마커 입니다. 버번은 스카치와 다르게 상당히 다양한 풍미를 브랜드별로 갖고 있는게 저를 좀 편안하게 해주는 것 같습니다. 아마도 넉넉한 규정이  만든 현상인듯요. ㅎ,https://x.com/aesthetics4food/status/1958983551392862304,X(트위터),X,aesthetics4food,2025-08-23,긍정,,"버팔로,순위,브랜드,규정,현상,마커,풍미,버번,스카치,와일드 터키,트레이스","다양하다,편안하다,넉넉하다"
13921587871,BL000000013921587871,<타마타마하이볼> 상도동 상도역 간단하게 하이볼 한잔하기 좋은 곳,https://blog.naver.com/green-mong/223992533916,블로그,네이버블로그,그린멍멍 입맛 저장소,2025-09-03,중립,"타마타마하이볼,상도역2차하기좋은,상도동2차하기좋은,하이볼맛집,상도하이볼,상도동하이볼,싱하하이볼","영업시간,휴무일,매주,일요일,평상시,느낌,휴무,주차,불가능,전문,취향,소개,내부,규모,일반,일품,소주파,방문,주문,선택,기본,날씨,남표니,등장,소리,탄산,본인,결정,최고,거품,분위기,기름,새싹,다음,카테고리,마무리,생각,혼술,종류,퇴근길,처음,시그니처,근처,혼수,추천,도로,불펌,재편집,사진,마커,메뉴,상차림,음식,샐러드,하이볼,소주,일본소주,맥주,생맥,탄산수,안주,가라아게,기본안주,나폴리탄,튀김옷,튀김류,튀김,우산,테이블,인테리어,의자,하이볼잔,화장실,에비스,알새우칩,부부,상도동,상도역,맛집,일본,술집,동네,특별시,서울특별시,동작구","꽃무늬 귀엽다,괜찮다,만족하다,간단하다,좋다,즐기다,눅눅하다,너무 아니다,취향 맞다,꾸미다,귀엽다,잘 맞다,두껍다,부드럽다,맛집,바삭하다,단맛 들다,단맛 싫다"
13930489095,BL000000013930489095,광교위스키바 디제스티프 | 광교 카페거리에서 올드패션드 한 잔,https://blog.naver.com/yondo_i/223996746100,블로그,네이버블로그,욘됴리의 하루,2025-09-05,긍정,"디제스티프,올드패션드,광교칵테일바,광교칵테일,광교위스키바,광교위스키,광교데이트술집,수원칵테일바","영업시간,매일,올드,소식,욕구,위치,사용,가능,내부,분위기,다찌석,상황,대비,예약,방문,메뉴판,사람,고정,클래식,매장,처음,재미,베이스,우드,마실,사랑,개인적,하단,실패,경기,포스팅,마커,민생회복 소비쿠폰,음주,메뉴,바질향,치즈,바질,토마토,크래커,위스키,칵테일,사제락,오렌지향,안주,기본안주,패션,테이블,플레이트,마운자로,크런키 초콜릿,포드,처방,사장,광교,위스키바,광교 카페거리,카페거리,경기도,수원시,수원,영통구,센트럴파크,칵테일바","클래식하다,마시고 싶다,추천하다,안타깝다,즐기다,다양하다,무난하다,종류 다양하다,데이트 좋다,좋다,잘 어울리다,부드러운 느낌,은은하다,향 올라오다,맛있다"
13941542771,BL000000013941542771,동작 야키토리,https://blog.naver.com/mmean_/224001132970,블로그,네이버블로그,cantabile,2025-09-09,긍정,"구월동맛집,인천구월동맛집,맛집추천,야키토리동작,인천시청맛집","기린,다리살,올해,옛날,시간,토요일,저녁,미래,영업시간,매일,동작,회식,방문,소개,계획,이름,생각,판매,포스터,유리,모습,영상,전체적,종합,종류,메뉴판,인상적,바람,느낌,맵찔이,재미,초보,주문,플레이스,가격대,가격,개인적,라스트오더,새우,염통,닭껍질,목살,닭다리,닭가슴살,계란,노른자,사시미,비법소스,스리라차,와사비마요,소금,와사비,토마토,막걸리,사케,주류,하이볼,생맥,생맥주,맥주,위스키,야키토리,마전,꼬치,기본안주,떡볶이,베이컨말이,데리야끼,고기완자,술안주,꼬치류,스키야키,알코올 쓰레기,레몬향,메뉴,스타일,간판,인테리어,하이볼잔,오픈형 주방,에어컨,태블릿,사진,일러스트,그림,전집,마커,인천광역시청,회사,술병,한자,수이진,테라,아사히,아기,사장,블로거,야키토리집,횟집,일본,동네,시청,광역시,인천 남동구,인천광역시","감성 낭낭하다,빈티지하다,사람 많다,괜찮다,별로다,종류 많다,좋아보이다,저렴하다,추천하다,좋아하다,간단하다,즐기다,눈 띄다,좋다,재미있다,감성 즐겁다,감성 있다,즐겁다,어렵다,다양하다,인상적이다,부드럽다,가볍다,향 상큼하다,맛있다,매콤하다,달달하다,맵다,짭잘하다"
13943366622,BL000000013943366622,"도쿄 2박 3일 여행 | 2일차(2) - 세리아, 무인양품, OK마트, 츠키시마 몬자야끼, WPC...",https://blog.naver.com/oiioiiioiio/224001884364,블로그,네이버블로그,Angie’s Blog,2025-09-09,긍정,"검정면봉,도쿄무인양품,도쿄무인양품추천템,도쿄오케이마트,도쿄ok마트,ok마트오타이산,ok마트카베진,ok마트파스,ok마트일본파스,ufo라면,이치란라멘,이치란라멘컵라면,츠키시마몬자타마토야히비야,wpc우산,wpc양산,wpc플래그십스토어,도쿄wpc매장,도쿄wpc양산가격,도쿄wpc양산매장,도쿄wpc양산파는곳,산리오월드,산리오,산리오키티가방,키티수저포크세트,일본쇼핑목록,일본쇼핑리스트,일본아기장난감쇼핑,일본아기장난감추천,일본아기용품쇼핑리스트,일본아기장난감","손톱,발톱,어치,두더지,물고기,머리,눈썹,일차,매일,오랫만,교체시기,저녁,구매,방문,신고,다음,검정색,귀지,제거,느낌,국내,판매,스틱,개인적,사용,케이스,아이템,사이즈,진리,반대,대박,예정,사랑,보호,숲향,주기,봉지,라인,맥주캔,최고,패스,캡슐,타입,개입,쇼핑,후기,플러스,양산,종류,매장,가격,입구,위치,햇볕,분홍색,구매가능,저가격,할인,착각,월드,세트,해방,구매완료,구경,샌드박스,고민,방향,개인,교체,시기,동전,동료,스토어,분홍,가능,완료,모래,놀이,계란,곤약,곤약젤리,초콜릿,젤리,위스키,드라이맥주,캡슐커피,커피,맥주,몬자야끼,라면,컵라면,애피타이저,오코노미야끼,라멘,발목양말,쪼리,양말,머리삔,우산,우양산,가방,동전지갑,지갑,방향제,손잡이,박스,샤워볼,주방용품,도마,식판,수저,젓가락,포크,수저세트,주방,카메라,소화제,파스,동전파스,지하철,면봉,눈썹칼,뷰러,드라이,아기용품,2박3일여행,여행,숙소,도쿄여행,마커,코팅,마그넷,샤워,캠퍼,모래놀이,만남,면세,회사,사기,회사동료,소화,부피,빅카메라,카베진,K마트,글랜피딕,아사히,이치란라멘,몬자,아사히맥주,이치란,무인양품,교보문고,seri,릿첼,카이,츠키시마,산리오,키티,아기,동생,부모,남편,어머니,이모,여동생,조카,도쿄,일본,시내,마트,타이산,히비야,플래그십 스토어,대한민국,문고,플래그십","괜찮다,동생 괜찮다,나무 예쁘다,꿀이득,저렴하다,가격 있다,가격 좋다,할인되다,구매하다,강추,추천템,추천하다,아프다,좋다,제대로이다,좋아하다,샀으면 후회,잘하다,간단하다,다양하다,제대로되다,예쁘다,귀엽다,착하다,미치다,두껍다,맛있다,커피 괜찮다"
13956726596,BL000000013956726596,"범어 2,3차 가기좋은 위스키바 1993 범어",https://blog.naver.com/jongsuk456/224006866014,블로그,네이버블로그,Fun Fun 삶을 즐기다,2025-09-13,긍정,"범어,대구,데이트,분위기,추천,위스키,바,동대구역,하이볼,맛집","위치,입구,케이스,분위기,고급,취향,정통,주문,기분,비교,추천,전시,마커,지구본,데이트,먹거리,치즈,대구,과일,위스키,하이볼,주류,칵테일,안주류,안주,기본안주,지구,조명,마루바닥,진열장,태블릿,글렌알라키,글렌피딕,스카치 위스키,재패니스 위스키,누네띠네,바텐더,위스키바,골목,맛집,미국,대만,광역시,대구 수성구,대구광역시,수성구,수성동,동대구로,동대구역","고풍스럽다,괜찮다,좋다,다양하다,종류 다양하다,좋아하다,간단하다,즐기다,잘모르다,마시기 좋다,멋있다,친절하다,맛집,곁들이기좋다,조용하다"
13961832424,BL000000013961832424,"✨ 제주 탑동에서 만난 특별한 공간, 게스트하우스와 혼술바의 만남 ✨",https://blog.naver.com/dbflatmdgus/224008942511,블로그,네이버블로그,윰미 일상,2025-09-15,긍정,"제주술집,제주혼술바,제주시혼술바,제주혼술,제주핫플,제주데이트,제주가볼만한곳,탑동혼술바,탑동혼술,탑동맛집,제주맛집,동문시장혼술바,동문시장혼술,동문시장맛집","크림,샴푸,린스,바디워시,하루,아침,저녁,브레이크타임,밤시간,공간,혼술,일정,마무리,순간,운영,지하,근처,주변,접근성,계단,매장,감성,분위기,혼자,커플,친구,느낌,남녀노소,포토,계속,추가,주문,인상적,설명,처음,방문,손님,애정,기억,베이스,준비,문자,방명록,이용,이용안내,개인,장점,구비,매력,해결,시그니처,피로,연중무휴,주차,완비,걱정,변수,전체적,경험,현지인,힐링,힐링공간,선물,다음,음악,게스트하우스,제주도 여행,여행객,체크인,여행,숙소,마커,만남,데이트,메뉴,시그니처 메뉴,음식,생크림 아이스크림,위스키,깔루아,칵테일,윙봉,감자튀김,조식,테이블,조명,소파,공용공간,주방,화장실,갓파더,제주특별자치도,제주시,중앙로,동문시장,맛집,포토존,술집,주차공간,핫플,제주동문시장","인테리어 어우러지다,특별하다,술 좋아하다,천국같다,만족하다,좋은선물,추천하다,편하다,서비스 주다,서비스 적다,편리하다,즐기다,접근성 좋다,따뜻하다,어색하지않다,좋다,친절하게 설명하다,진하다,종류 다양하다,간단하다,큰 장점,소중하다,구애 받지않다,든든하다,편안하다,지인 좋다,기분 좋다,감성적이다,차분하다,아늑하다,인상적이다,세심하다,쾌적하다,부드럽다,맛집,달달하다,맛있다"
13967632840,BL000000013967632840,수원 인계동술집추천 [육회야문연어] 점심특선도 판매중인 술집,https://blog.naver.com/r22ang/224010963013,블로그,네이버블로그,알짱이는 뭐하고 살까 ?,2025-09-17,긍정,"인계동술집,권선동맛집,인계동술집추천,매탄동맛집,인계동맛집추천,인계동육회,인계동문어,인계동연어,인계동육회야문연어,수원육회야문연어,육회야문연어,인계동2차술집,인계동술집육회야문연어,인계동육사시미,수원육사시미,인계동육사시미맛집,인계동맛집,인계동분위기좋은술집,인계동단체모임,인계동단체술집,인계동단체,인계동회식,인계동단체회식,인계동문어맛집,인계동육사시미맛집추천,블린이,이웃추가,인계동데이트술집,인계동민생지원금술집,인계동점심특선","오늘,점심,영업시간,일요일,추천,판매,위치,방문,처음,가격,매장,입구,메뉴판,스페셜,상태,주문,고민,내부,분위기,포스터,블루,단체,단체회식,기본,필수,파랑,기준,본격적,마블링,대박,맛도리,참고,다음,남자친구,개인적,예정,손님,인계점,인계,경기,마커,모금,데이트,보세,점심특선,메뉴,메인메뉴,알콜맛,알코올 쓰레기,얼음,감칠맛,식감,연어,문어,육사시미,초장,간장,와사비,하이볼,육회,육회덮밥,덮밥,육회초밥,초밥,연어덮밥,연어초밥,구이,잡채,미역국,기본안주,안주,인테리어,테이블,거울,박스,배달,포장,수원,인계동,술집,장사도,화산섬,경기도,수원시,팔달구","분위기 좋다,영롱하다,가성비 좋아보이다,먹어보고 싶다,추천하다,편하다,간단하다,힘들다,좋다,강하다,눈길 가다,배부르다,궁금하다,남발하다,질기다,완벽하다,깔끔하다,부드러운 식감,탱글하다,맛있다,식감 좋다,감칠맛,맛 궁금하다"
13969847502,BL000000013969847502,서른 전 마지막 제주도(1),https://blog.naver.com/jinji1009/224012088158,블로그,네이버블로그,rreal rreal,2025-09-17,긍정,"제주,혼자여행,제주도혼자,혼술바자작,자작이자카야,혼술바리리스,즉흥여행","고래,여름,오전,저녁,오랜만,마지막,신청,비행,이동,자작,혼술,유행,사이즈,대화,리뷰,내용,혼자,주문,마실,사람,지하,구경,습기,주변,합격,즉흥,무계획,계획,과음,식사,음식,막창,관자,간장,양념,와사비,생맥,맥주,사케,칵테일,안주,타코야끼,샤베트,집안일,비행기,버스,종업,사진,유도,휴가,여행,마커,농구동호회,종업원,퇴근,기린 생맥주,NAVER,선배,제주특별자치도,대학교,이자카야,제주시,식당,시내,칵테일바,성산일출봉,막창집","요즘 핫하다,만족하다,가고 싶다,추천하다,느리다,피곤하다,좋아하다,좋다,즐기다,다양하다,즐겁다,반갑다,아쉽다,자연스럽다,비주얼 합격,시원하다,맛있다"
13970400317,BL000000013970400317,야장 분위기좋은 길동 술집 칵테일바 - 위로스키,https://blog.naver.com/cescw/224012287784,블로그,네이버블로그,cesc wannabe,2025-09-18,긍정,"위로스키,길동술집,길동칵테일,길동바,길동야장술집,길동분위기좋은술집","강아지,새치,운영시간,일전,식전,오랜만,위로,소개,정성,위치,주문,생각,날씨,대화,집중,분위기,모습,모양,소품,텐션,종류,마실,마지막,처음,조합,냉동,상태,보관,준비,입가심,마커,메뉴,에그,치즈,보코치니,문어,먹태,봉골레,소라,아이스크림,트러플오일,올리브오일,곶감,토마토,과자,하이볼,위스키,생맥,생맥주,맥주하이볼,버번,버번위스키,싱글몰트,꼬냑,콜라,레몬즙,맥주,칵테일,안주,감바스,에그인헬,카나페,카프레제,브리치즈구이,트러플 감자튀김,새우튀김,카르파치오,훈연,스튜,블렌디드,디저트,테이블,무드등,조명등,전화번호,치즈볼,재패니스 위스키,아일라,사장,야장,길동,술집,칵테일바,맛집,특별시,서울특별시,강동구,번화가,어린이공원,가게","분위기 좋다,낭만있다,좋은 음식,할인 좋다,추천하다,좋다,다양하다,좋아하다,위스키 좋다,처음 보다,기분 째지다,먹고 싶다,안주 좋다,정성 들어가다,이쁘다,멋있다,귀엽다,아기자기하다,아늑하다,밝다,친절하다,상큼하다,조합 탁월하다,사장 유쾌하다,어우러지다,탁월하다,조명 깔끔하다,깔끔하다,시원하다,가볍다,은은하다,맛집,맛있다,달콤하다,상큼한 맛,담백하다,프레쉬하다,음식 맛있다"
13983607760,BL000000013983607760,떠나니 그리운 내 고향 부산으로 - 일몰 보면서 요트타기 |  희와제과♥️,https://blog.naver.com/wawa0615/224017138615,블로그,네이버블로그,Energywon,2025-09-22,긍정,"왓츠인마이블로그,2025블로그챌린지","시간,아침,하루,당일,저녁,주말,추석연휴,추석,연휴,일몰,사람,소식,실감,친구,결혼식,웨이팅,현장,클래식,최고,생각,구매,농가,시연,날씨,걱정거리,걱정,예약,개조,방음,호재,포기,특가,도오착,하늘,야경,기억,출발,마음,생색,추천,내포,타임,현장대기,대기,원격,도착,온정,기분,연속,코스,광역,친절,결혼,빵피,옥수수,새우,삼겹살,소갈비,암소갈비,표고버섯,표고,버섯,비스킷,하이볼,제과,팥빵,휘낭시에,밤팥빵,크림치즈빵,가지튀김,우육면,크루아상,에그타르트,소금빵,야키토리,구이,피스타치오,하우스,원룸,요트,퍼프,사진,촬영,수영,경기,1박2일여행,부산여행,관광객,관광,숙소,체크인,요트투어,관광코스,마커,포로,상가,취준,멀미,아이폰17,델리카한스,팥고당,고당,해운대암소갈비,대교,유튜브,롯데호텔,박명수,통통이,미호,중국사람,아기,고향,부산,관광도시,광역시,부산광역시,부산진구,전포동,부산역,이웃집,서전로,베이커리,동천로,가게,중앙대로,빌딩,서면,술집,골목,요트경기장,해운대해변로,해운대구,바다,서울특별시,광안대교,바쿠,야키토리집,해운대,동천","유명하다,괜찮다,가고 싶다,그립다,큰 기대,엄청나다,좋다,불안하다,요상하다,당황하다,도망치다,이상하다,아쉽다,쉽지않다,친하다,쉽다,깍쟁이,예쁘다,친절하다,더럽다,촉촉하다,입맛 최고,맛있다,맛없다,조용하다"
13988126101,BL000000013988126101,"[길동 술집] 위스키를 좋아한다면 여기 강동 술집 ""위로스키""",https://blog.naver.com/ds5407/224018946474,블로그,네이버블로그,일기장,2025-09-23,긍정,"왓츠인마이블로그,2025블로그챌린지,길동술집,길동역술집,천호술집,길동하이볼,길동역하이볼,천호하이볼,길동위스키,천호위스키,길동바,천호바,길동역바,길동분위기좋은술집,천호분위기좋은술집,길동맥주집","머리,면도,머리끈,매일,시간,저녁,결혼,집들이 선물,선물,설명,위로,마감,위치,날씨,신상,외관,내부,야외석,발견,분위기,장난,느낌,개인적,마실,생각,근처,종류,목표,재료,간맥,고민,기분,정보,방문,입문,노포감성,낭만적,덕분,혼자,깊이,리뷰,인생,이야기,먹잘알,잘알,주문,요청,칠링,추가요금,추가,이름,취향,탄산,연하,메모,구비,입가심,지식,다음,혼술,마커,데이트,결제,음식,위린이,얼음,소라,나또,토마토,고추,레몬,오렌지,과자,초콜릿,사탕,위스키,하이볼,생맥,생맥주,온더락,맥주하이볼,안주,기본안주,감바스,마늘칩,전구,테이블,조명,야마자키,유튜브,회사원,남편,사장,길동,술집,강동,서울특별시,강동구,길동역,특별시","유명하다,이름 알다,이름 없다,마음에 들다,좋아보이다,부담 없다,추천 해주다,좋아하다,제대로이다,다양하다,기깔나다,멀지않다,대중교통 타다,교통 오기좋다,좋다,싫어하다,조명 좋다,엄청나다,센스 있다,안심하다,간단하다,안주 좋아하다,사장님 센스있다,낭만적이다,기대하다,거짓말 아니다,아쉽다,진하다,즐기다,서비스 주다,밝다,사장 센스있다,신기하다,비주얼 합격,친절하다,약하다,깨끗하다,가볍다,은은하다,맛있다,풍미 느끼다,풍미 있다,진한 맛,맛 신기하다,느끼하다,매콤하다,맵다,맛있는것 같다,음식 맛있다"
13990251490,BL000000013990251490,[한남동] 분위기 좋은 재즈바/ 조째즈의 바 “바우슈텔러”,https://blog.naver.com/comecome1200/224019686250,블로그,네이버블로그,comecome☝️,2025-09-24,긍정,"왓츠인마이블로그,2025블로그챌린지,한남동맛집,한남동바,한남동술집,한남동술집추천,한남동와인바추천,한남동바추천,한남동바우슈텔러,바우슈텔러,조째즈,조째즈술집옆,한남동쇼룸투어,한남동쇼룸리스트,한남동날씨,한남동,한남동불거리,한남동놀거리","수목,영업시간,오늘,하루,운영,위치,계획,주문메뉴,오리지널,스탠다드,탄산,아이스,주문,분위기,도장깨기,재즈,사진,노래,투어,마커,집들이,메뉴,케이크맛,캐모마일,올리브,샤인머스켓,과일,초코,주류,마티니,탄산수하이볼,위스키,안주,윙봉,초코티라미수,케이크,타르트,니트,스크린,맥켈란,산토리 가쿠 하이볼,산토리,오레오,조째즈,사장,와이프,한남동,재즈바,카페,서울특별시,용산구,이태원,한강진역,출구,쇼룸,특별시","분위기 좋다,취향저격,부담 없다,잘먹다,비싸다,편안하다,좋다,다양하다,좋아하다,재미있다,가창력 좋다,서비스 주다,아담하다,예쁘다,반짝반짝하다,잘 어울리다,가볍다,맛 무난하다,맛있다"
13995995562,BL000000013995995562,[코스트코 평택점] 코스트코 추천템_코스트코 평택점 고객센터 위치,https://blog.naver.com/yjanna0212/224021881509,블로그,네이버블로그,♡반려견은 사랑입니다♡,2025-09-25,긍정,"왓츠인마이블로그,2025블로그챌린지,코스트코평택점,코스트코코리아평택점,코스트코필수템,코스트코추천템,코스트코생수,코스트코치즈,코스트코수세미,코스트코냉동새우,코스트코발사믹식초,코스트코냉동만두,코스트코냉동새우만두,코스트코아보카도,코스트코블루베리,코스트코계란,코스트코양주,코스트코메이커스마커,코스트코고객센터,평택마트,평택코스트코","명절,매일,정기휴무,일요일,올해,고객센터,위치,구입,지하,주차,매장,입구,물건,소개,매번,건강,생각,시작,비법,흰색,효자,개인적,거품,지름신,경기,마커,스내킹,아침식사,옥수수,치즈,모짜렐라치즈,브리치즈,새우,냉동새우,계란,간장,발사믹식초,블루베리,과일,아보카도,샐러드,생수,버번,하이볼,오일파스타,감바스,아보카도 비빔밥,계란후라이,핫도그,베이크,세제,냉장고,그물망사 수세미,수세미,포장,냉동실,코스트코,코스트코코리아,통새우만두,커클랜드,레오,신랑,평택,평택시,아르헨티나,경기도 평택","필수 아이템,가격 좋다,추천템,복잡하다,좋아하다,좋다,새우 좋다,잘 안 먹다,몸에 좋다,든든하다,안좋아하다,잘 사다,편하다,착하다,귀엽다,깨끗하다,맛 괜찮다,맛있다"
14009842261,BL000000014009842261,연남동 하이볼 맛집 '카시' 와규 철판구이와 레몬사와,https://blog.naver.com/201149m/224027177105,블로그,네이버블로그,"with me, every day",2025-09-30,긍정,"왓츠인마이블로그,2025블로그챌린지,연남동카시,연남동하이볼,연남동모츠나베,연남동데이트,홍대데이트,홍대철판구이,연남동철판구이,연남동레몬사와","직장,영업시간,매일,일요일,정기휴무,오랜만,오늘,감성,마감,주차,주차불가,근처,이용,위치,도보,분위기,처음,글자,모양,가격,내부,혼술,철판,환상,달인,이유,맛도리,최고,이야기,아웃,옥수수,와규,소대창,명란,레몬,바질,감자,토마토,버섯,숙주,양파,애호박,새송이버섯,하이볼,철판구이,볶음,모츠나베,안주,가니쉬,메뉴,육즙,불향,별미,카라,반지,바테이블,테이블,대야,주소,반지층,전화번호,일본어,마커,데이트,퇴근,스트레스,홍대,남편,사장,연남동,맛집,서울특별시,마포구,동교로,주차장,공영주차장,특별시,연트럴파크,골목,이자카야,홍대입구역,출구,일본,연남,나가사키","끝내주다,푸짐하다,좋다,잘하다,데이트 좋다,평화롭다,매력적이다,매력 적다,테이블 아기자기하다,아기자기하다,잘 어울리다,깔끔하다,촉촉하다,맛집,맛있다,잘구워지다,아삭한 식감,식감 살다,식감 있다,달콤하다,조용하다"
13918759705,CF000000013918759705,[위스키 관련]  메막샐러에이지드&웰러12,https://cafe.naver.com/whiskycognac/768258,카페,네이버카페,위스키코냑클럽,2025-09-02,중립,,"게시판,이용,주의사항,삭제,금지,게시글,이름,제품명,표시,구입기,구입처,정보,개인,거래,자랑,언급,문의,댓글,쪽지,이벤트용,이벤트,참여,후기,내용,협찬,혜택,국내,구매,예시,참고,질문,미부착,부착,판매,라벨,매입,해외,구입,유도,면세,재판매,위스키,불법유통,불법,한글,일본,미국","구매하다,비싸다"
14000894795,CF000000014000894795,성동구 룡룡버거 하우스,https://cafe.naver.com/everythingburger/3823,카페,네이버카페,햄버거의 모든것 [수제버거 맥도날드 버거킹 롯데리아 맘...,2025-09-27,긍정,,"팝업,굿즈,실내 디자인,컨셉,느낌,네온,뒷골목,연상,추가,비교,기본,밸런스,디테일,다음,디제잉,마커,성수,육즙,매운맛,꽃빵,패티,닭고기,고기,마라소스,버거,치킨버거,마라치킨,LED,하우스,CJ온스타일,성동구,미국,차이나타운,버거집","스타일 더하다,느낌 좋다,소스 좋다,좋다,부드럽다,촉촉하다,맵다,매운맛"
13998737912,DC000000013998737912,형형형 위스키랑 활어회랑 맞을까???,https://gall.dcinside.com/mgallery/board/view/?id=whiskey&no=1331164,커뮤니티,디시인사이드,"위스키 갤러리
마이너",2025-09-26,중립,,"활어,위스키",
14010330986,DC000000014010330986,편의점에서 술샀어,http://web.humoruniv.com/board/humor/read.html?table=pdswait&number=11873449,커뮤니티,웃긴대학,유머/웹툰 > 웃긴자료 > 대기자료,2025-09-30,부정,,"마커,편의점",비싸다
96964260,IG000000000096964260,"가을로 넘어가려나 싶은 요즘날씨에 추천하는 위스키, 메이커스 마크  아무리 여름이 길어졌다고들 하지만 확실히 9월이라 그런가 아침저녁 바람이 차가워진게 느껴지는 요즘, 이렇게 조금 꺾인 날씨엔 버번콕(버번위스키+얼음+콜라)이 어울리는 듯 하다  바닐라, 케러멜, 오크향이 아주 강하고 조화로움 알콜도수 45%  유명한 버번 위스키들이 많지만, 메이커스 마커는 일반 호밀이 아닌 가을밀을 사용하는 것이 특징  물속에 있는듯한 습기와 엄청난 온도로 놓칠수 없었던 시원한 맥주를 이제는 내려놓고 달달하고도 꼬소한 메이커스 마크 버번콕을 추천해본다  *물론 메막은 콜라와 섞지 않고 샷으로 마셔도 아주아주 맛있다  #makersmark #bourbon",https://www.instagram.com/p/DOdKEYwD0yg,인스타그램,인스타그램,술마시는 꽉꽉이 允,2025-09-02,긍정,"makersmark,bourbon","가을,여름,날씨,마크,바람,오크향,알코올,도수,일반,사용,습기,온도,마커,얼음,호밀,바닐라,위스키,버번위스키,콜라,맥주,버번,메이커스 마크","유명하다,추천하다,강하다,엄청나다,조화롭다,특징 있다,어울리다,시원하다,향 강하다,달달하다,꼬소하다,맛있다"
99978474,IG000000000099978474,회사에서 감사하게도 소고기를 보내주셔서 바로 먹기는 그렇고  소고기를 봤으니 그냥 지나가기도 그래서 청기와타운 고고고 . 메이커스마커 하이볼과 남의 살 구워 먹다 결국 3차까지 ㅋㅋㅋ . #감사합니다  #소고기  #보내주셔서 #우리회사  #좋은회사  #워커힐호텔앤리조트  #청기와타운  #하이볼,https://www.instagram.com/p/DOwruUok2vZ,인스타그램,인스타그램,이용혁,2025-09-19,긍정,"감사합니다,소고기,보내주셔서,우리회사,좋은회사,워커힐호텔앤리조트,청기와타운,하이볼","마커,소고기,고기,하이볼,워커힐호텔앤리조트,청기와타운","회사 감사하다,감사하다,회사 좋다"
42595509194,TW1966867171654746422,@blacknoel_ff14 앗 메이커스 마커는 매장에서 봤어요 ㅇ0ㅇ)!!! 입문자용으로 추천하는 브랜드였군요... 가죽향...모르겠어요. 막 너무 매운 향도 좋아했어서 한 번 시도해보고...정해보는 것두 좋을 거 같아요 uu)S2 버번쪽은 진짜 아는 게 없어서 추천을 어떻게 받을지 고민이었는데 감사해요...!,https://x.com/Gaming_Lethe/status/1966867171654746422,X(트위터),X,Gaming_Lethe,2025-09-13,긍정,,"매장,브랜드,가죽향,시도,고민,마커,버번,입문용","추천하다,추천 받다,좋아하다,좋다,감사하다,맵다"
14013003015,BL000000014013003015,평범한 일상도 재밌게 봐주세요,https://blog.naver.com/yam_yam2_/224028357413,블로그,네이버블로그,Byte by Byte,2025-10-01,긍정,"왓츠인마이블로그,2025블로그챌린지","고양이,주말,종종,아침,저녁,다음날,화요일,오랜만,일상,기록,중요성,중요,동시,주기,교체주기,계속,고민,접수,대기,걱정,행사,완료,분배,현장,사람,상황,리필,컨트리,미니,국산차,화면,연결,검색,비주얼,온도,트렌드,결론,생각,마크,아이디어,광합성,합성,구경,발견,모습,컨디션,이슈,데이뚜,근처,도구,재미,대상,입장,신고,안전핀,뿌리,품절,추석선물,나눔,전어,생선,돼지갈비,고기,전어회,호박,채소,초코,새우샌드위치,구움과자,샌드위치,초코머핀,족발,샤브샤브,1인 샤브샤브,전어구이,바베큐,김치,안주,회덮밥,덮밥,음식,식품,장우산,우산,상다리,수건,호스,빗자루,우리집,포장,디스플레이,카플레이,수술,깜빡이,자기소개서,시험,정보처리기사,실기,ADsP,부경대학교,부산대학교,빡공,자석젤,파우더,치크,네일,공연,사진,숙소,포스팅,자석,마커,비눗방울,업무,신입사원,맹장염,소화,완미족발,메이커스 마크,스파오,마블,미니 컨트리맨,써니,수연이,라바,용호,부장,막내,오빠,언니,어린애,아기,통영시,후문,샤브샤브집,마라탕집,별관,용호동,본토,고깃집,옥상,리베,카페","치크 예쁘다,유명하다,괜찮다,괜히 샀다,돈 들다,돈 버렸다,재미있다,좋다,좋아하다,신경 쓰이다,감사하다,아쉽다,안좋다,애정하다,다양하다,교훈 주다,먹고 싶다,피곤하다,상태 좋다,편하다,편리하다,평범하다,예쁘다,네일 예쁘다,야무지다,못하다,신기하다,사랑스럽다,신선한 상태,꾸덕하다,맛있다,맛없다"
14017587067,BL000000014017587067,오랜만에 제주 신도심 데이트,https://blog.naver.com/jihwa__/224030063540,블로그,네이버블로그,comfy,2025-10-02,긍정,"제주도,데이트,제주맛집","거북,새우등,오랜만,예전,가을,매번,여자친구,매장,이름,내부,밝기,자세유지,긍정,계절,생각,마지막,함박,스테이,출처,마음,파이브,집중,모양,제공,섬세하다,Leave,메뉴판,재미,다음,단품,완벽,가루,구도,구도심,인트로,사진,화분,마커,산책,업장,데이트,누룽지,숙성회,해산물,명란,전복,미역,광어,전갱이,참치,참돔,단새우,와사비,게우소스,고구마,스낵,하이볼,사케,칵테일,시그니처 음료,웰컴티,초밥,고등어봉초밥,치즈감자전,기본안주,아부리,카스텔라,스시,디저트,김치,메뉴,포티,달항아리,페어링,의자,인테리어,창호문,물티슈,티슈,봉초밥,거북목 교정,목교정,실장,사장,제주특별자치도,신도심,시청,가게,제주시,대한민국","디테일하다,가고 싶다,여자 친하다,친구 좋아하다,친구 친하다,좋아하다,좋다,긍정적이다,신나다,섬세하다,디테일 있다,쓰고싶다,시간 있다,갑작스럽다,효과적이다,서비스 주다,여자 예쁘다,친구 예쁘다,예쁘다,가을 좋다,매장 깔끔하다,깔끔하다,향 뿌리다,맛있다"
14018780158,BL000000014018780158,[강릉] 너울주막  (느좋 데이트맛집 ◡̈ 느낌 좋고 분위기 좋은 파스타 맛집 ✨ / 애견동...,https://blog.naver.com/ekekz486/224030463857,블로그,네이버블로그,나의 집,2025-10-03,긍정,"강릉여행,강릉맛집,강릉레스토랑,강릉느좋레스토랑,강릉느좋맛집,강릉분위기맛집,강릉분위기좋은레스토랑,강릉소개팅,강릉데이트,강릉기념일맛집,강릉양식당,강릉한옥레스토랑,강릉애견동반레스토랑,강릉애견동반맛집,강릉입암동맛집,강릉입암동레스토랑,강릉양식,강릉브런치,횡성한우안심큐브스테이크,명란알리오파스타,루꼴라하몽샐러드,메이커스마커,강릉스테이크,강릉큐브스테이크,너울주막,강릉너울주막,서이추,서이추환영,서로이웃,서로이웃신청","매일,브레이크타임,옛날,현대,생일,저녁,식전,시간,주막,주차안내,갓길주차,가능,라스트오더,유기농,예약,동반,이용,좌석,연인,나그네,이웃,정보,교류,슬로건,현대적,감성,재탄생,일상,기회,방문,공간,기운,입구,이름,착각,외관,실내,매장,성공률,생각,여자,분위기,소품,유럽풍,주황색,날씨,계절,주문,방식,설명,리필,호출,중독적,오크,굽기,종류,기름,고수,성애자,극락,기분,면발,명란,하몽,씨겨자,들기름,페스토,피클,루꼴라,샐러드,제철과일,과일,바닐라,구운마늘,통마늘,마늘,와인,막걸리,위스키,파스타,한식,양식,김치,한우 안심스테이크,큐브스테이크,스테이크,가니쉬,오이피클,쌀국수,오일파스타,메뉴,조리과정,식욕,디너,육즙,감칠맛,식사,유아의자,리모델링,테이블,어닝,조명,아로마,물병,화장실,출입구,테라스,사랑방,한옥건물,담벼락,오픈키친,야외테라스,무선인터넷,휠체어,사진,여행객,여행,마커,코팅,애완견,반려동물,데이트,소개팅,지역화폐,카드,직원,이용가,페어링,횡성한우,우디,오빠,강릉,맛집,강원,강릉시,무료주차장,공영주차장,식당,카페,휴식처,술집,북유럽,야외,레스토랑,강원특별자치도","분위기 좋다,유럽 스타일,인테리어 고급스럽다,고급스럽다,차분한 분위기,분위기 있다,강추,느낌 좋다,데이트 좋다,좋다,환장하다,다양하다,문제없다,먹고 싶다,적당하다,좋아하다,아쉽다,기분 좋다,편안한 휴식,선선하다,자극 적다,꾸미다,예쁘다,세련되다,조명 예쁘다,매력적이다,매력 적다,내 스타일,특이하다,어우러지다,자극하다,향 나오다,맛집,먹음직스럽다,신선하다,달콤하다,맛있다,입맛 버리다,새콤하다,풍미 장난 아니다,짭짤하다,감칠맛,느끼하다,깔끔한맛,고소하다,짭조름하다"
14037091864,BL000000014037091864,"당산역 오뎅바 추천, 로지오뎅 당산직영점",https://blog.naver.com/bono_27/224036466454,블로그,네이버블로그,스리의 식도락 여행,2025-10-10,긍정,,"연휴,영업시간,평일,주말,저녁,추천,직영,날씨,좌석,다찌석,단체,느낌,세트,주문,취향,세팅,종류,추가,개인적,왼쪽,순서,종이,마커,불향,경단,면사리,어묵,계란,닭껍질,오돌뼈,메추리알,베이컨,간장,겨자,곤약,대파,토마토,하이볼,맥주,어묵꼬치,국물,유부주머니,물떡,육수,꼬치,오뎅국물,테이블,인테리어,하이볼잔,그릇,주소,다다미,당산역,오뎅바,직영점,당산,특별시,서울특별시,영등포구,당산로,타워,출구,일본,오사카","분위기 있다,좋은 날씨,추천하다,좋다,따스하다,궁금하다,좋아하다,강하다,취향 맞다,따뜻하다,먹고 싶다,다양하다,잘하다,안주 좋다,쌀쌀하다,특이하다,달달하다,짭조름하다,맛있다,조용하다"
14037769423,BL000000014037769423,"성시경 먹을텐데, 육식맨도 다녀간 경리단길 맛집 ‘로코스 비비큐’",https://blog.naver.com/nnkstory/224036738747,블로그,네이버블로그,웹툰작가의 솔직한 후기수집,2025-10-10,긍정,"경리단길맛집,이태원맛집,이태원바베큐,경리단길비비큐,남산바베큐맛집,이태원하얏트호텔맛집,이태원맛집추천","영업시간,시간,오늘,기념일,생일,코스,채널,최초,정통,위치,나무,라스트오더,내부,주차,가능,예약,지정,좌석,외관,장작,활용,참고,옆집,주차비,전체적,느낌,덕분,분위기,프라이빗,주변,가족,단체,가족모임,중앙,무한,구비,사용,표지판,표지,원목,소재,마크,입구,유리,메뉴판,방문,주문내역,샘플러,음식사진,스페어,오리지널,구성,종류,처음,생각,부위,설명,영상,스위트,크기,이상,개인적,다음,추가,재미,인원,온도,이름,완성,분리,계속,평가,유명세,특성,구경,기념,할인,할인쿠폰,이벤트,후기,수집,완료,튀김가루,고기,삼겹살,치즈소스,머스타드소스,핫소스,기본소스,야채,나초,와인,생맥,바베큐,플래터,훈연,양송이튀김,폭립,프렌치프라이,코울슬로,치폴레,풀드포크,식사,음식,메뉴,스파이시,인테리어,내부인테리어,조명,4인 테이블,테이블,진열대,수전,물티슈,티슈,비닐장갑,포크,화장실,콜키지,키오스크,마을버스,드리프트,번호판,출연,밴드음악,투숙,마커,록 밴드,피리,애견동반,단체 모임,추가금,중독,지형,파노라마,로코스비비큐,메이커스 마크,BBQ,테라,네이버 예약,하얏트,성시경,육식맨,차장,경리단길,맛집,이태원,본점,대한민국,텍사스주,가게,서울특별시,용산구,주차장,공영주차장,특별시,녹사평역,용산,필리핀,대사관,오르막길,영주,오스트레일리아,미국,프라이빗룸,셀프바","유명한 곳,종류 많다,강력 추천하다,추천하다,강추,궁금하다,데이트 좋다,따듯하다,부족하지않다,야들야들하다,재미있다,중독성 있다,느낌 좋다,좋다,증정 있다,편하다,멋있다,직원 친절하다,특이하다,솔직하다,적합하다,어우러지다,깨끗하다,뜨겁다,촉촉하다,맛집,맛 느끼다,맛있다,바삭하다,매콤하다"
14041551143,BL000000014041551143,5월 대만여행 일정 1일차! 닝샤 야시장 맛집 푸드파이터 2명 출현? ! 미슐랭 굴전이랑...,https://blog.naver.com/akflcks/224038006013,블로그,네이버블로그,아리땡의 미션-파서블,2025-10-11,긍정,"대만여행,대만여행적기,5월대만여행,대만위스키,대만닝샤야시장,닝샤야시장굴전,닝샤야시장맛집,닝샤야시장고구마볼,닝샤야시장,닝샤야시장미슐랭,닝샤야시장추천,대만맛집추천,대만일정4박5일,대만여행일정","일차,오랜만,지금,시간,일정,마무리,가품,참고,강시,부처,다음,중화권,도착,생각,중국식,이름,사람,위치,걱정,방법,주문,근처,구경,날씨,취향,영상,숯불,입구,이수,모양,나라,수집,완료,후기,뿌리,랭킹,위생적,느낌,추천,아침 비행기,비행,쇼핑,오픈,색상,블루,레드,라벨,덕분,입문,종류,옥수수,반죽,찹쌀,소세지,오징어,칠리소스,죽순,야채,마늘,고구마,바닐라,양주,맥주,수박주스,위스키,굴전,우육면,옥수수구이,어묵꼬치,돼지고기덮밥,덮밥,덮밥류,돼지덮밥,큐브스테이크,취두부,문어구이,푸드파이터,음식,음식종류,요리,간장베이스,식감,베스트,냉장고,젓가락,소스통,우리집,픽업,포장,비행기,대만여행,여행,호텔,체크인,숙소,포스팅,전집,종이,마그넷,마커,대만달러,삥땅,비리,사면,미슐랭,카발란,빕구르망,유튜브,짱구,시장,한국인,할아버지,닝샤 야시장,맛집,베이징,대만,융캉제,뽑기방,가게,진주,타이베이,음식점,길거리,대한민국,스테이크집,기념품샵,야시장","사람 많다,유명하다,좋게하다,거부하다,나쁘지않다,먹어보고 싶다,구매하다,비싸다,저렴하게 구매하다,굿굿,엄청나다,감성 좋다,종류 다양하다,다양하다,메뉴 다양하다,아쉽다,좋다,가깝다,간절하다,좋아하다,지나치다,따뜻하다,웃기다,퀄리티 좋다,귀엽다,짱구 귀엽다,위생적이다,더럽다,야들하다,촉촉하다,부드럽다,향 좋다,맛집,맛 나쁘지않다,맛 남다,맛있다,꼬소하다,매콤하다,느끼하다,음식 맛있다,스파이시하다"
14042461616,BL000000014042461616,오사카 돈키호테 추천 리스트 쇼핑템 오사카 쇼핑 리스트 추천,https://blog.naver.com/qpqpqdo/224038300959,블로그,네이버블로그,*.:｡✿*ﾟ¨ﾟ 은요미 미니홈피¨ﾟ*✿｡:.*,2025-10-12,긍정,"일본양배추소스,양배추소스,오사카여행,오사카기념품,일본여행기념품,돈키호테쇼핑리스트,돈키호테기념품,오사카여행기념품,돈키호테,돈키호테추천템,돈키호테쇼핑템,오사카쇼핑,오사카쇼핑템,오사카쇼핑리스트","엉덩이,종아리,발바닥,모공,얼굴,작년,시간,오늘,추천,리스트,쇼핑,쇼핑리스트,포트,연두색,우유갑,노란색,대용량,일회용,코너,브랜드,품절,이슈,마을,세트,케어,비추,선물용,선물,연인,가격,한정,필수,인지,싸인,제품,장미향,미개봉,개봉,상태,접착력,우수,버전,장난,효과,아이스크림,밀크,크리미치즈,껍데기,크림,계란,양배추,다래,죽순,초콜릿,과자,곤약젤리,화이트초코,티라미수 초콜릿,감자칩,젤리,콜라,말차,밀키트,간장계란밥,푸딩,크림브륄레,브라우니,크레이프,쿠키,타코야끼,베이크,치즈케이크,컵라면,라면,불량식품,냉장보관,져지,패치,양우산,파우치,손수건,장바구니,젓가락,자가,탈취,위장약,인공눈물,연고,동전파스,비누,선크림,마스크팩,선스틱,유분기,사진,오사카 여행,기념품,일본여행,여행,마그넷,마커,방울,면세,구내염,여드름,두통,소화,플라시보 효과,카베진,케어리브 밴드,돈키호테,부르봉,이치란라멘,큐피,코스트코,테라오카,테라,초코송이,산토리,짐빔,자가비,킷캣,로이스,오리히로,모리나,모리나가,프링글스,닛신,페어아크네,휴족시간,비오레,두유 아이크림,다이소,네코,산리오,호빵맨,아기,오사카,공항,쿠바,대한민국,일본,타이,백화점,지점,도톤보리","유명하다,인기 있다,별로다,잘 쓰다,좋게하다,쇼핑템,구매하다,비싸다,저렴하게 사다,추천템,다양하다,좋다,미미하다,감사하다,편하다,백탁 현상없다,예쁘다,시원하다,무겁다,딱딱하다,유분기 많다,똥 냄새나다,맛있다,맛없다"
14043052451,BL000000014043052451,문래역 근처 맛집 / 모에루 문래 본점 서울라멘맛집 오뎅바 / 일본 감성 문래맛집,https://blog.naver.com/blog_supporter/224038517545,블로그,네이버블로그,슬기로운 여행 생활,2025-10-12,긍정,"문래역근처맛집,문래역맛집,문래맛집,서울라멘맛집,모에루,모에루문래본점","크림,오늘,점심,저녁,운영시간,브레이크타임,평일,주말,점심때,저녁때,공휴일,오후,당일,시간,근처,감성,공간,대화,후기,공유,위치,주문,소개,마감,라스트오더,주차,가능,무료주차,주차권,제공,건물,방문,날씨,바람,분위기,친구,연인,손님,운영,웨이팅,리얼,첨가,미니,추가,스틱,나이스,단품,기본,삼각,미끼,크리미,행사,제로,세트,슬라이스,도쿠리,방법,이벤트,참고,확인,시그니처,생각,종류,재미,설치,사용,준비,메뉴판,지도,사진,로데오,야구,마커,두부,라멘면,어묵,버터,한우,왕새우,새우,계란,치즈,수제햄,생선,오징어,돼지고기,고기,슈가,바질,우엉,마늘,토마토,베리,무우,곤약,레몬,복숭아,멜론,숙주,스낵,크래커,하이볼,나마죠조,맥주,소주,생맥,생맥주,토닉워터,콜라,사이다,사케,라멘,식사메뉴,카레,덮밥,돈코츠라멘,소보로빵,차슈,탄탄멘,야키니쿠,경양식,왕돈까스,돈까스,규동,치킨가라아게,교자,고로케,가라아게,해물야끼우동,볶음우동,볶음,오코노미야끼,차돌숙주볶음,오뎅튀김,프라이,새우튀김,국물 떡볶이,국물,사라다,타코야끼,모찌리도후,꼬치,당고,완자,두부튀김,실곤약,유부주머니,버거,사골육수,육수,메뉴,식사,요리,세트메뉴,음료메뉴,불맛,점심식사,음식,조명,테이블,보틀,주소,토리카,불닭,에비스,아사히,한맥,아사히 생맥주,산토리,참이슬,처음처럼,진로,카스,테라,카스 제로,청하,화요,일품 진로,제로콜라,수이진,산토리 가쿠 하이볼,가모츠루 혼죠조 가라구치,간바레오또상,남부비진 긴죠,돈사골,유즈,미도,스바루,도쿠,엑스트라,문래역,맛집,본점,서울특별시,오뎅바,일본,출구,영등포구,당산로,문래동,상가 주차장,야외공간,일식집,부산,긴자,특별시","분위기 좋다,분위기 있다,아늑한 분위기,인기 있다,주문 편하다,감성 좋다,좋다,즐기다,편안하다,진하다,다양하다,뜨끈하다,부들부들하다,좋아하다,즐겁다,편하다,선선하다,퀄리티 좋다,꾸미다,잘 맞다,깔끔하다,시원하다,묵직하다,부드럽다,부드러운 식감,맛집,맛있다,불맛,짭조름하다,담백하다,아삭아삭하다,식감 있다"
14048243390,BL000000014048243390,[서울/문래] 모에루 문래본점 / 문래의 작은 일본 문래라멘맛집 (with 주차 정보),https://blog.naver.com/1004tjsdnr/224037969650,블로그,네이버블로그,"우기록, Woogie-log✍️",2025-10-14,긍정,"문래맛집,오뎅바,라멘,문래라멘,문래오뎅바","식도,연휴,영업시간,주말오전,새벽,오후,브레이크타임,평일오전,시간,저녁,주말,금요일,영원,주차,주차정보,생각,이유,결혼,기념,욕심,오픈,위치,도보,지원,꿀팁,변신,매장,분위기,방문,예약가능,사람,날씨,느낌,운영,짝꿍,경험,이름,예상,비주얼,기분,마지막,로데오,여행,일본여행,식도락 여행,마커,매직,영업,숙취,식사,메뉴,요리,계란,고기,숙주,하이볼,맥주,라멘,기본반찬,단무지김치,김치볶음,볶음,김치,라면,초밥,계란초밥,소보로빵,국물,돈코츠라멘,차슈,반숙,패션,그릇,남편,우리오빠,서울특별시,본점,일본,맛집,제주특별자치도,독일,오사카,특별시,영등포구,당산로,문래역,출구,인근,주차장,아울렛,쇼핑몰,오뎅바,동네,창가,야장,초밥집,가게","분위기 있다,사람 많다,색깔 진하다,마음에 들다,맘에 쏙 들다,한산하다,다양하다,좋다,느낌 있다,아쉽다,좋아하다,윤기 흐르다,선선하다,못하다,이국적이다,근사하다,보들보들하다,맛집,단짠단짠하다,맛있다,맵다,매콤하다,해장되다,진한 맛,깊은 맛"
14065894666,BL000000014065894666,이시가키 돈키호테 & 맥스벨류 & 로컬마켓 탐방기,https://blog.naver.com/song_e89/224046646826,블로그,네이버블로그,난아의세계,2025-10-19,긍정,"이시가키지마,이시가키여행,이시가키돈키호테,돈키호테쇼핑리스트,맥스밸류","이마,로컬,후기,케바케,기준,비교,명물,기념,행복,코너,세트,현지인,퇴근길,한정,소원,기본,가격,전체적,미니사이즈,패키지,선물용,선물,자재,중심,품목,입구,레저용,특징,덕분,모습,구경,생각,구성,일반,물품,느낌,크기,사이즈,세계,대중적,고급,지참,필수,자동,물건,사시미,천일염,소금,과자,군것질,전통과자,산도,화이트 초콜릿,주류,위스키,버번위스키,야식,도시락,잡채,초밥,오니기리,쿠키,버터쿠키,음식,메뉴,푸드,소스류,식자재,식품,식품류,감칠맛,별거,리퍼,렌트카,화장품,물놀이용품,기념품,여권,레저,물놀이,캠핑용품,캠핑장비,낚시용품,본적,환급,금액,시세,패키징,미세입자,돈키호테,패밀리마트,산토리,이마트,메이커스 마크,돈키,Google,이시가키,마켓,편의점,일본,마트,동네슈퍼,슈퍼마켓,푸드코트,대한민국,대형할인점,공항,중심가,오사카,후쿠오카,캠핑장,오키나와,우리나라,미야코지마","한정적,괜찮다,저렴하다,금액 있다,가격 좋다,비싼 가격,구매하다,추천하다,아쉽다,기대하다,다양하다,좋아하다,재미있다,힘들다,캠핑 좋다,좋다,느낌 있다,이동 편하다,편하다,귀엽다,신기하다,색다르다,가볍다,부드럽다,맛이 없다,맛있다,바삭하다,짭조름하다,감칠맛,고소하다,달콤짭짤하다"
14067078219,BL000000014067078219,[10월 둘째주] 일상로그,https://blog.naver.com/smr616/224047065773,블로그,네이버블로그,ENJOY my life,2025-10-20,긍정,"왓츠인마이블로그,2025블로그챌린지,메이커스마커,몽키숄더,글렌피딕12,헤네시vsop,페이머스그라우스하이볼,발베니더블우드,매머드아몬드라떼,이수역힐스테이트,아크로드서초,절약,절약하는20대,가계부,주간가계부,20대가계부,자취가계부,일상,운동,헬스,자기계발,영어공부,독서,자취라이프,간호사,간호사일상,3교대간호사일상","손목,머리,원숭이,숄더,맘모스,추석,연휴,내년,아침,저녁,이브닝,당일,담날,오늘,어제,매일,지금,주간,일상로그,엔딩,올드,상담,신청,본인,고민,깊티,성격,도전,상황,맥락,잡생각,할인,메모,순간,발생,주문,횡포,확신,유교걸,마무리,기념,선물,사람,이야기,보따리,인사이트,공유,타임,동아리,인연,생각,포인트,세월,더블,우드,체력,고려,하늘,이유,건강,재고,방문,총평,주변,사랑,모습,어른이,어른,절약,일상,기계,라이프,간호,교대,베이글,스트링치즈,곱창,닭발,키위,바질,메론,한과,약과,간식,라떼,위스키,커피,와인,하이볼,아몬드 라떼,육회비빔밥,김밥,묵은지,야식,만두,된장찌개,반찬,영양제,냉털,영양,해장,음식,스커트,양말,스타일,보자기,집안일,우리집,안전망,자취,집청소,알뜰배달,배송,이사,이어폰,물리치료,지하철,바퀴,공부,교수,영어공부,사진,운동,헬스,마커,독서,결제,청약,특별공급,장사,페이,가계부,가계,사기,사건,연봉,퇴근,출근,퇴사,이직,3교대,사회적,사회,주치의,성장통,간호사,글렌피딕,헤네시,발베니,요아정,올리브영,다이소,힐스테이트,아크로,싸이,시나모롤,트위티,안나,동생,리더,막내,사장,언니,신혼부부,일본,몽골,동네,강남,본점,특별시,서울특별시,강남구,학동로,카페,이수역,서초,이란","고급스럽다,행복 있다,절약하다,존경스럽다,감사하다,어렵다,두려워 하다,좋다,아쉽다,좋아하다,열받다,미안하다,아프다,안좋다,충격 주다,제대로이다,고맙다,답답하다,꿈 많다,최애,고민스럽다,충분하다,정착하다,서비스 주다,유능하다,진지하다,신중하다,미치다,귀엽다,맛있다,맵다,입맛 맞다"
14069212646,BL000000014069212646,[선릉] 아란 위스키에 대해서 알고 싶다면 '위클리위스키' 아란 정기 시음회 후기,https://blog.naver.com/mooninani/224047908337,블로그,네이버블로그,이나랑 놀자 :),2025-10-20,긍정,"왓츠인마이블로그,2025블로그챌린지,아란,아란정기시음회,정기시음회,아란시음회,선릉위스키바,위클리위스키,위스키,위스키시음회,아란10년,아란10년위스키,아란위스키,아란쿼터캐스크,아란쿼터캐스트,아란쉐리캐스크,아란쉐리,선릉바,싱글몰트위스키","입안,바디,신경,위클리,정기,매월,일요일,운영시간,현재,오늘,현대,시간,후기,주기,종류,브랜드,기회,참석,장소,도보,위치,진행,전문적,전문,지하,좌석,마련,내부,주종,감상,역사,숙성,방식,품질,우선주의,고집,위상,시음,라인,설명,이름,천연,자연,사이드,규모,소량,설립,세계,현대적,평가,특징,냉각,색소,첨가,고수,유지,기본,사과,오크,조화,초보자,럭셔리 브랜드,선물용,도착,안내,마실,준비,기념,생각,모자이크,타이밍,리스트,배럴,쿼터,연기,중심,느낌,첫인상,매력,혼합,허니,오크향,중간,깊이,기준점,제품,밸런스,추가,스트렝스,시트러스향,덕분,농축,도수,캐릭터,추천,극대화,라인업,비교,선정,애정,동일,선물,혼자,마지막,방문자,방문,성함,명함,재방문,할인,다음,지참,제공,수제,자극,모어,취향,정기적,운영,참여,시나몬,오렌지,바닐라,시트러스,오렌지껍질,코코넛,자두,초콜릿,위스키,위스키 칵테일,싱글몰트,쉐리,버번,핑거푸드,카나페,풍미,과일향,아몬드,위스키향,버번캐스크,단맛,견과류,바디감,뒷맛,스타일,바테이블,소파,오브제,오크통,주소,조주기능사,입문자,스모키,시음회,예술품,미술품,미술,이미지,그림,사진,피니시,마커,견주,페이,생산,페어링,캐스,알코올 도수,신흥,아란 위스키,맥켈란,미니 프레첼,올로로소,라프로익,앰배서더,장인정,브랜드 앰버서더,시장,앰버서더,선릉,선릉역,서울특별시,강남구,테헤란로,테헤란,위스키바,스코틀랜드,수원,증류소,거창,스페인,특별시","관심 많다,유명하다,인기 있다,좋아보이다,선물용 좋다,마시고 싶다,추천하다,마시기 좋다,자극적이지 않다,어우러지다,깨끗한 공기,깔끔하다,깨끗하다,가볍다,부드럽다,질감 가볍다,무겁다,질감 좋아하다,향 없다,향 좋아하다,향 즐기다,상쾌한 향,향 어우러지다,향 조화롭다,향 개성있다,깔끔한맛,위스키 즐기다,단맛,달콤하다,스파이시하다,바디감 살다,바디감 있다,풍미 깊다,크리미하다,풍미 진하다,맛 개성있다,단맛 적다,고급스럽다,분위기 좋다,균형 잡히다,가격 부담스럽다,기회 없다,기대되다,즐기다,좋다,가깝다,풍부하다,강하다,빠른 성장,성장하다,놀랍다,부담스럽다,언급하다,준비 되지않다,좋아하다,간단하다,푸드 좋다,이상하다,섬세하다,깊이 있다,진하다,파워풀하다,긴 여운,위스키 좋다,다양하다,젊다,밝다,매력 보이다,매력 있다,잘생기다,자연스럽다,완벽하다"
14072265544,BL000000014072265544,[구의] 건대칵테일 위스키맛집 < 퍼즈 > Pause 칵테일추천! 건대혼술 칵테일바추천,https://blog.naver.com/sb3619/224049061658,블로그,네이버블로그,맛집탐방_여행_소소한 행복♡,2025-10-21,긍정,"구의칵테일,건대칵테일,구의다트바,건대다트바,구의술집,구의혼술,건대혼술,서울칵테일바,구의칵테일바,건대칵테일바,기네스생맥주,칵테일추천,칵테일바추천,모스코뮬,숙성위스키,건대데이트,구의데이트,건대분위기맛집,위스키맛집,서로이웃,서이추환영","버팔로,신경,영업시간,매일,시간,추천,혼술,클립영상,장소,주차,기타,시크릿,시그니처,발견,소개,전문적,전문,퀄리티,오른쪽,주차자리,매장,입구,계단,구매,내부,분위기,기분,기계,마감,단비,통합,운영,방문,메뉴판,슬라이드,전체,주문,뿌리,친구,맛도리,처음,숙성,기회,문의,옐로우,목넘김,우드향,싱글,단독,쿠폰,오크,도수,검색,느낌,다음,서비스,가격,재방문,재방문의사,맛점,맛저,공감,하트,이웃추가,일상,후기,아이스크림,소금,생강청,진저,라임,과자,초콜릿,크래커,칵테일,위스키,위스키 칵테일,와인,주류,맥주,버번,보드카,진저에일,안주,기본안주,블렌드,블렌딩,메뉴,비니,오크통,화장실,전화번호,건국대학교,크런치,맛집여행,어플,다트,마커,불멍,직원,파우제,트레이스,데일리샷,NAVER,로즈,맛집,칵테일바,위스키바,서울특별시,광진구,아차산로,술집,구의역,출구,골목,공영주차장,주차장,포차,모스크,구리,특별시","분위기 좋다,고급스럽다,관심 있다,가성비 좋다,저렴하다,저렴하게 구매하다,구매하다,추천하다,좋아하다,좋다,가게 고급스럽다,다양하다,처음 보다,강하다,제대로이다,술안주 좋다,행복한 하루,픽업 가능하다,편하다,서비스 받다,도움되다,세련되다,좋은 사람,친절하다,신기하다,매력적이다,매력 적다,좋은 분,약하다,은은하다,향 좋다,맛집,맛있는 곳,맛있다,달달하다,목넘김 부드럽다,달달한맛,맛 은은하다"
14086686360,BL000000014086686360,일본 여행 다카마쓰 돈키호테 위치 주류 가격 쇼핑리스트,https://blog.naver.com/amor_serendipia/224054092216,블로그,네이버블로그,빙글빙글 돌아가는 딴지의 하루,2025-10-26,긍정,"다카마쓰여행,다카마쓰쇼핑,다카마쓰가볼만한곳,다카마쓰쇼핑리스트,다카마쓰쇼핑추천,다카마쓰돈키호테,다카마쓰돈키호테면세,다카마쓰돈키호테쇼핑,다카마쓰돈키호테쇼핑리스트,다카마쓰돈키호테술,다카마쓰돈키호테위치,돈키호테술,일본돈키호테술","봄베이,기린,운영시간,예전,위치,가격,쇼핑리스트,상점가,접근성,종류,시작,생활용,판매,필수,방문,미화,전체,용량,이상,이용,지참,귀국,도보,내부,계단,방식,구경,페트,일반,사과,유행,친구,사용,기억,이름,레드,라벨,반값,참고,역사상,제품,가격대,선물용,마크,입문,뚜껑,특징,디자인,베이스,쇼핑,계산대,다음,추천,밀크,커피우유,주류,위스키,사케,맥주,토닉워터,버번위스키,하이볼,리큐르,보드카,깔루아,커피,칵테일,콜라,온더락,버번,식품,코코넛맛,복숭아향,과일향,생활용품,왁스,에스컬레이터,전자제품,의약품,의약,연산,입문자,입문용,사진,노래,일본여행,여행,여권,포스팅,홈파티,마커,입국,주류면세,면세한도,면세,과세,세금,생산,창립자,창립,돈키호테,산토리,산토리 위스키,산토리 가쿠 하이볼,짐빔,짐빔하이볼,예거마이스터,스미노프,조니 워커,스카치 위스키,발렌타인,메이커스 마크,아사히,호로요이,돈키,화이,말리부,하나로,러시안,와이프,다카마쓰,일본,아케이드,상점,마쓰에,쇼핑몰,오사카,도쿄,대도시,대한민국,이자카야,술집,미국,멕시코,삿포로,기념품샵","사람 많다,유명하다,인기 있다,종류 많다,술 좋아하다,좋게하다,선물 괜찮다,구매하다,저렴해지다,구매하면 좋다,추천하다,접근성 괜찮다,다양하다,가깝다,좋다,즐기다,괜찮아 보이다,눈 들어오다,종류 다양하다,재미 느끼다,편하다,마시기 좋다,매력적이다,매력 적다,쇼핑 좋다,가볍다,향 적다,달달하다,맛있다,달콤하다"
14105306940,BL000000014105306940,압구정역 신사역 '뱀피르' 위스키바 외부음식가능 할로윈 와인 컨셉술집,https://blog.naver.com/heung0427/224060558971,블로그,네이버블로그,SEOB DAILY,2025-10-31,긍정,"압구정몰트바,신사술집,신사맛집,가로수길맛집,가로수길술집,신사피로연,신사낮술","직장,할로윈데이,오늘,정기휴무,매주,토요일,일요일,가능,컨셉,뱀파이어,라스트오더,도착,캐슬,감성,먼지,흥미,대체,처음,흰색,시작,반입,메뉴판,느낌,쿨링,기본,계속,리필,조합,분위기,남자,재미,레드,서비스,덩어리,선물,무제한,제한,이야기,추천,여자친구,기분,주심,스코어,마커,직장인,외부음식,메뉴,얼음,음식,초콜릿,와인,위스키,화이트와인,레드와인,온더락,안주,마들렌,피자,페퍼로니피자,엔틱,식탁,살림,하우스,배달,엑셀런트 아이스크림,뱀피르,사장,압구정역,신사역,위스키바,술집,맛집,영등포역,영국,특별시,서울특별시,강남구,도산대로","분위기 있다,비싸다,혜자다,가고 싶다,권장하다,추천하다,멀지않다,잘모르다,느낌 있다,감사하다,아쉽다,좋아하다,버겁다,정도 알맞다,걱정하지않다,꿀꿀하다,편하다,신기하다,꾸미다,미치다,못하다,안맞다,맛집,맛있다,당도 있다,단짠단짠,입맛 맞다"
14022296308,CF000000014022296308,메이커스 마크 Private selection  The lost recipe series 55.45% 700ml,https://cafe.naver.com/pcbmw/15225,카페,네이버카페,올드바틀위스키-OBW club 스프링뱅크&재팬위스키,2025-10-04,중립,,"작년,마크,숙성,나무,첨가,기법,복합적,복합,블랜딩,라인,등장,배치,출신,특징,관심,위스키,버번,캐스,판자,메이커스 마크,seri","독특하다,부드럽다"
14037524890,CF000000014037524890,집에서 하이볼 만들어 먹을건데 위스키 추천좀,https://cafe.daum.net/ok1221/8mNz/827693,카페,다음카페,쭉빵카페,2025-10-10,중립,,"추천,맛알못,알못,마커,하이볼,위스키,잭다니엘,짐빔",맛있다
14039226922,CF000000014039226922,[초보 질문]  위린이 위스키 추천해주세용!!,https://cafe.naver.com/whiskycognac/786640,카페,네이버카페,위스키코냑클럽,2025-10-11,중립,,"버팔로,지금,초보,질문,검정색,가격,언저리,도전,고수,게시판,이용,주의사항,삭제,금지,게시글,이름,제품명,표시,구입기,구입처,정보,개인,거래,자랑,언급,문의,댓글,쪽지,이벤트용,이벤트,참여,후기,내용,협찬,혜택,국내,구매,예시,참고,미부착,부착,판매,라벨,매입,해외,구입,유도,면세,재판매,불법유통,불법,위린이,과일향,테이스팅 노트,스파이시,매운맛,위스키,한글,잭다니엘,발베니,트레이스,맥라렌","별로다,먹어보고 싶다,추천 해주다,추천 받다,추천하다,얼얼하다,좋다,향 가득하다,스파이시하다,매운맛"
14062713461,DC000000014062713461,Your mom 위스키 VS. My Wife 위스키...,https://gall.dcinside.com/mgallery/board/view/?id=whiskey&no=1354082,커뮤니티,디시인사이드,"위스키 갤러리
마이너",2025-10-18,중립,,"사본,위스키,싱가포르",
14076330909,DC000000014076330909,버번 뉴비인데 원래 터키<버팔로 임?? (가격),https://gall.dcinside.com/mgallery/board/view/?id=nuncestbibendum&no=113451,커뮤니티,디시인사이드,"세계 주류 갤러리
마이너",2025-10-23,중립,,"버팔로,뉴비,가격,에바,기준,중후반,마커,버번,유튜브,윌리엄스,튀르키예",가격 오르다
14084526370,DC000000014084526370,성덕이 되기 위한 캠벨타운+아일라여행기 05. 라프로익 uisge,https://gall.dcinside.com/mgallery/board/view/?id=whiskey&no=1361656,커뮤니티,디시인사이드,"위스키 갤러리
마이너",2025-10-25,긍정,,"나뭇잎,가슴,등골,대황,물고기,다리,들꽃,사슴,식물,입안,배스,일차,아침,시간,오늘,초기,예전,작년,기간,점심,오랜만,쉬는시간,주말,하루종일,종종,일주일,지금,성덕,시리즈,프롤로그,오픈,헤드,비행,꿀팁,모어,이동경로,포트,시작,프라이빗,언저리,사과,도로,길이,홍보,자연친화적,바람,프로그램,날씨,도착,구경,웰컴,모닝,센터,구석,값어치,내국인,초이스,official app,무료,마실,신청,사람,순간,취소,럭키,일상,전문적,전문,발음,진행,라인,이야기,등록,큐알코드,임대,방문,공짜,설명,프로덕트,생각,기원,스틸,용량,환경,발견,책임,이상,나무,금속,절단,작업,시설,처음,규모,보관,양질,영향,낭만,포인트,우드,하늘,공기,가이드,전담,혼자,마음,휴식,정수,매입,쌀먹,갈색,질감,평생,아줌마,트레디셔널,강제,잉글리시,게스트,보수,개인적,여유,상대,주인,이중,수치,질문,결혼식,보스,연애결혼,대답,동년배,남자,여자,연애,관계,노처녀,처녀,노총각,총각,가족,친구,결혼,불가능,야외결혼식,문제,약속,청혼,마을,전체,꼭대기,의식,다음,소방,집단,기분,문화,종류,마무리,깃발,케이스,넘버,근처,표시,메모,프렌즈,가입가능,홈페이지,가입,증서,연기,나이스,타이밍,시음,숙성,왼쪽,흰색,오른쪽,준비,스피릿,샘플,고민,라벨링,마지막,인사,문장,깃털,라벨,햇살,대비,기억,몰트,고기,치즈,곱창,계란,샬롯,과일,딸기,과육,가이란,토마토,위스키,커피,마차,토마토스프,미네랄,영양분,버번캐스크,음식,식사,은행,배낭,수도꼭지,테이블,글라스,런치박스,물병,증축,창고,주방,쓰레기,핸드폰,버스,버스시간,학생,회화,영어,고교졸업,스피킹,사진,운동,호텔,투어,비지터,프라이빗 투어,여행,기념품,관광객,관광,축제,숙소,여행기,문구,동화,어플,미니어쳐,마커,다트,종이,나발,하이킹,산책,교회,만남,면세한도,카드,파운드,생산시설,비행기 결항,직원,출근,캐드,매니저,출퇴근,월급,직업,은퇴,입사,사회,사면,소송,보모,해풍,캐스,발린,라프로익,카덴,보모어,샘물,부나하벤,웨어하우스,헌터,아일라,범도,하늘과 바다,마이너 갤러리,챗지피티,구글 지도,찰스,한강,사장,사진사,언니,아버지,신랑,신부,왕실,타운,발리,아일라섬,스코틀랜드,증류소,영국,대한민국,마트,바닷가,바다,중국,인근,들판,수원,기념품샵,본토,상점,농장,학교,동네,초등학교,고등학교,소방서,파출소,관공서,산골짜기,무덤","특별하다,유명하다,원 없다,살기 좋다,만족하다,운 좋다,마시고 싶다,가지고싶다,불편함 없다,영양 많다,편하다,찾기 쉽다,위험하다,자연친화적이다,깨끗하다,상쾌하다,건조하다,무겁다,시원하다,향 나지않다,구린내나다,맛있다,새콤달콤하다,맛 더 좋다,짭짤하다,맛 나지않다,느끼하다,따끈한 국물,꿀맛,위스키 즐기다,숙성 들어가다,소리 나다,푸르다,거대하다,가격 작다,비싸다,가격 비싸다,저렴한 가격,가득하다,기대하다,좋아하다,설레다,탄탄하다,강하다,좋다,평화롭다,식은땀 나다,영어 잘하다,잘하다,정도 불편하다,어렵다,다양하다,인연 있다,자랑하다,밀려나다,재미있는 이야기,물고기 좋다,잘못하다,날카롭다,조심하다,엄청나다,행복하다,고맙다,풍경 그림 같다,자연 깨끗하다,당황하다,간단하다,웃기다,잘모르다,시간 있다,직업 좋다,운영 힘들다,힘들다,즐기다,궁금하다,신나다,쉽다,자연 맑다,눈 띄다,잘 챙기다,얼얼하다,즐거운 시간 보내다,기분 좋다,잃어버리다,재미있다,즐겁다,아름답다,맑다,친절하다,못하다,신기하다,젊다,반짝이다"
102932998,IG000000000102932998,"편하게 마시기 좋은 버번 위스키, 버팔로 트레이스  짝꿍에게 메막(Maker's Mark)으로 버번콕의 맛을 보여줬더니 또 마실만한게 뭐 있을지 물어보길래 바로 편의점에서 겟 했던 버팔로!  바닐라, 호밀, 오크향이 아주 강하고 조화로움 알콜도수 45%  생각 해 보니 버번을 좋아하는데도 버팔로는 먹어 본 적이 없어서 뜻밖의 도전이었으나 도전이라는 단어가 무색하게 너무 맛있었다  흔히 버번 입문 3대장으로 꼽히는 메막, 와터, 버팔로를 비교 해 봤을때 버팔로가 라벨과는 반대로 가장 바닐라 향이 강하고 부드럽게 느껴졌던 것 같다  45도라는 도수가믿기지 않을정도로 부드러워서 버번콕으로 시작했으나 샷으로 끝내버린..  #buffalotracebourbon #bourbon #편의점위스키",https://www.instagram.com/p/DOdaIRkj0XY,인스타그램,인스타그램,술마시는 꽉꽉이 允,2025-10-08,긍정,"buffalotracebourbon,bourbon,편의점위스키","버팔로,대장,짝꿍,마실,오크향,알코올,도수,생각,도전,무색,입문,비교,라벨,반대,시작,바닐라향,호밀,바닐라,버번위스키,버번,위스키,트레이스,편의점","편하다,마시기 좋다,강하다,좋아하다,조화롭다,부드럽다,향 강하다,향 부드럽다,맛 보이다,맛있다"
104782127,IG000000000104782127,오랜만에 메막!  #위스키 #메이커스마크,https://www.instagram.com/p/DQPFqbSjx25,인스타그램,인스타그램,,2025-10-25,중립,"위스키,메이커스마크","오랜만,위스키,메이커스 마크",
42638897356,TW1983147720337698848,많이들 러셀 싱글 베럴과 이걸 비교하던데 레어 브리드가 이정도면 러셀 싱베는 어떨지 궁금하네. 나한테 있어서 버본의 느낌은 메이커스 마커가 전부였는데 (참고로 너무 알코올해서 난 별로임) 레어 브리드로 이미지가 굉장히 좋아졌다,https://x.com/kimshuk/status/1983147720337698848,X(트위터),X,kimshuk,2025-10-28,긍정,,"싱글,비교,레어,느낌,참고,알코올,마커,러셀","별로다,궁금하다,좋다,이미지 좋다"
14110677816,BL000000014110677816,25/novem buying list,https://blog.naver.com/sijin912/224062323306,블로그,네이버블로그,universe,2025-11-02,긍정,"위스키,글렌피딕,싱글캐스크,스카치위스키,조니워커,블랙라벨,블렌디드위스키,버팔로트레이스,버번위스키,글렌캐런,솔리튜드,핸드크림,버번나잇,anri,heavenbeach,lp,바이닐,턴테이블,바이닐샵,원피스,해적무쌍4,트래비스스캇,내한,서커스막시무스,감각,향,맛,시향,미식,구매목록","후각,버팔로,물소,동물,튤립,식물,스톡,심장,온몸,신경,올해,이번달,시간,예전,기간,오랜만,탄생일,일일,지금,하루종일,현재,여름,summer,생일,분기,공연시간,존중,태도,사람,시야,집중,영상,시각적 경험,촉각,청각적,경험,미각,계속,해석,취향,파악,행위,공간,행동,본인,상호작용,상향평준화,목표,생각,가족,세계,종류,알코올,주량,긍정,인식,시음,상태,특유,알콜향,기억,코너,고민,제품,역사,의미,기존,미화,특성,싱글,이름,숙성,과정,처음,느낌,가치,참고,특징,특색,유독,반대,핵심,선정,적정,혼합,라인,레드,라벨,블랙라벨,숫자,접근성,최소,주조,위치,불호,중앙,하단,신사,브랜드,디자인,시리즈,블루라벨,완성도,완성,대체적,가격대,마실,구비,친구,언어유희,올드,원초적,개인적,입문,근본적,본질,본질적,근본,호박색,색소,투입,분류,제조,주재료,비율,허가,재사용,사용,매번,오크,마지막,이유,도수,이상,헤리티지,이야기,기준,가격,추적,개척,시대,개발,동시,방법,체력적,발자국,길이,방식,결정,작용,성분,개념,선택,상대적,대표,표준,유리,설계,필수,전문적,전문,초심자,직관적,직관,시기,설명,찬물,단점,감소,증폭,입체적,케이스,제외,역사적,감각,컨셉,초록,힐링,조향,인위적,인상적,풀향,남자,여자,주변,피드백,잔향,국내,접근,공유,취향존중,지도,장소,시각적,분위기,무드,깊이,주제,회자,릴스,팩트,샘플링,원조,인물,참여,기념,선물,스트리밍,중간,메세지,알림,방해,배제,형성,인생,재미,개봉,무한,시즌,내용,캐릭,눈물,시작,게임화,해적,할인,스테이지,캐릭터,내한,일정,월드,외국,존재,소름,라이브,지각,지정석,일행,구경,스탠딩,조건,외국인,연속,소리,순간,아이디,현장,경계심,이벤트,더위,넥스트,이중,색채,매장,향기,사례,친밀감,구매,곡물,옥수수,바닐라,카라멜,위스키,주류,리큐르,와인,소주,맥주,전통주,싱글몰트,버번위스키,버번,칵테일,블렌디드,발효,과실향,풋사과향,쓴맛,스파이시,식사,음식,테이스팅,요리사,셰프,얼음,음용,위스키향,청바지,바지,원피스,스니커,워커,패션,패션계,도어,스머지스틱,오크통,글라스,창고,하우스,펜스,턴테이블,레코드,핸드폰,노트북,디지털 기기,엠비언트,졸업작품,독일어,입문자,한국어,일본어,중학,향수,핸드크림,무쌍,내한공연,공연,사진,음악,그림,스토리,바이닐,연출,노래,테크노,장르,디제잉,시티팝,신스팝,제이팝,수록곡,멜로디,명곡,프로듀싱,초판,애니메이션,애니,스포,아티스트,셋리스트,내레이션,무대,샤프트,증권거래위원회,해외여행,concert,마커,인형,취미,앨범,클립,게임,파티,통일,트레이더,소비,석탄,품절대란,물가,리셀가,마케팅,해고,사회적,사회,법인,우주,지구,스키마,캐스,이탄,스펙트럼,명반,글렌피딕,발베니,스카치 위스키,셰리와인,쉐리캐스크,조니 워커,조니워커 블랙라벨,그린라벨,와일드 터키,스카치,트레이더스홀세일클럽,백화수복,우디,톰브라운,리바이스,라메르,조던,룰루레몬,트레이스,흑백요리사,체인소 맨,귀멸의 칼날,엔트리,오유,인스타그램,스캇,시저,아트북,존 워커,조국,세미,에드워드 리,네이브,짱구,도라에몽,타일러,트래비스,아스트로,저스틴 비버,드레이크,다니엘,퍼렐 윌리엄스,디자이너,시장,할아버지,래퍼,마켓,증류소,스코틀랜드,미국,일본,대한민국,서촌,법원,위스키바,우리나라,편의점,서부,금광,제이드가든,정원,식물원,을지로,성수동,한남동,동네,비치,중학교,고등학교,플래그십 스토어,편집숍","유명하다,유명한 곳,관심 있다,유행하다,행복 있다,마음에 들다,질 좋다,좋아보이다,만족하다,여운 남다,수상하다,인정하다,구매하다,마시고 싶다,가지고싶다,추천하다,추천하지않다,도움 받다,품질 좋다,효과적이다,위험하다,깔끔하다,부드럽다,가볍다,시원하다,향 있다,향 부드럽다,향 나다,향 상큼하다,향 같다,상큼한향,향 음미하다,향 아니다,향 다가오다,달달한 향,향 올라오다,향 줄어들다,향 적다,향 즐기다,향 맑다,향 좋다,향 추천하고싶다,향 가지다,위스키 괜찮다,맛 음미하다,쓴맛,깊은 맛,맛 느끼다,위스키 즐기다,달달하다,듣기 좋다,쿵쾅거리다,캐주얼하다,유니크하다,디자인 상당하다,색채 다르다,가격대비 좋다,가격대 있다,저렴하다,가격 적다,가격적 부담스럽다,가격 상당하다,위스키 풍부하다,사랑하다,아끼다,가깝다,섬세하다,존중 받다,다양하다,유리하다,행복하다,긍정적이다,잘모르다,강하다,역하다,싫어하다,어렵다,흥미 가지다,비중 크다,접근성 좋다,궁금하다,호불호 갈리다,스모키하다,흥미롭다,처음 알다,조심스럽다,엄격하다,두려워 하다,쉽지않다,인정 없다,힘들다,어렵지않다,개척하다,차갑다,힐링하다,선호하지않다,좋다,잘하다,공감하다,소중하다,장점 있다,좋아하다,뚜렷하다,깊이감 있다,적당하다,질리다,의미 있다,재미있다,슬프다,든든하다,즐기다,우직하다,감사하다,긴장되다,눈치 보다,아쉽다,중요하다,공 들이다,특징 있다,까다롭다,착하다,매력적이다,매력 적다,감각적이다,인상적이다,깊이감,귀엽다,못하다"
14112312282,BL000000014112312282,압구정바 챕터쓰리 산토리 버번위스키 메이커스 마커스 등 6종 시음기,https://blog.naver.com/mjena09/224062943636,블로그,네이버블로그,은주로운생활,2025-11-03,긍정,"왓츠인마이블로그,2025블로그챌린지,산토리위스키,메이커스마크,베이즐헤이든,베이커스위스키,리젠트위스키,놉크릭,챕터쓰리바,게스트바텐딩,위스키클래스,위스키시음회,압구정바,위스키러버,위스키테이스팅,서울바투어","바디,허브,저녁,하루,시간,리뷰,초청,후기,작성,하이엔드,VIP,애호가,라인업,무료,시음,게스트,세션,깊이,마크,캐스트,스트렝스,기본,설명,진행,특징,알코올,인상적,캐릭터,단일,배럴,특유,오크,시트러스향,마지막,전형적,구조,숙성,배경,비교,경험,조합,시그니처,판매,구성,베이스,시소,동양적,표현,개인적,추천,개성,알콜향,완성,이름,총평,브랜드,체험,공간,정제,감각,리코타,크림,리코타치즈,와인식초,트러플오일,유자,라즈베리,트러플,샐러드,카라멜,말차초콜릿,버번위스키,위스키,버번,칵테일,말차,비트주스,레드와인,과일주,과일주스,마라떡볶이,마라로제,로제떡볶이,떡볶이,디저트,시음기,바텐딩,바닐라향,바디감,메뉴,트러플향,풍미,테이스팅,업체,클래스,마스터클래스,스모키,시음회,퍼포먼스,투어,마커,피크닉,캐스,철학,페어링,산토리,산토리 위스키,메이커스 마크,라프로익,마커스,김진환,요조,미국인,엠버서더,바텐더,압구정,미국,서울특별시","클래식하다,인지도 높다,추천하다,깊은 인상,뚜렷하다,최애,섬세하다,흥미롭다,깊이 있다,좋다,강하다,독창적이다,진하다,재미있다,완벽하다,인상적이다,돋보이다,인상 깊다,세련되다,감각적이다,어우러지다,깔끔하다,부드럽다,묵직하다,질감 돋보이다,가벼운 느낌,청량하다,향 감돌다,풍미 적다,스파이시하다,달콤하다,달달하다"
14125300008,BL000000014125300008,상암 이자카야 가성비 추천 미스터교자 상암동 2차 술집 맛집으로 인정,https://blog.naver.com/y_very_thing/224067649827,블로그,네이버블로그,조잘조잘 윤주log,2025-11-07,긍정,"상암가성비이자카야,상암가성비이자카야추천,상암동2차술집맛집,상암동2차술집이자카야,상암동가성비술집,상암가성비술집,미스터교자,야끼명물교자,치킨난반,토마토라면","기린,직장,영업시간,평일,주말,저녁,겨울,인정,주요정보,사용,가능,방문,이름,처음,서비스,분위기,후기,위치,감성,내부,컬러,모습,가격,공간,개인,취향,제외,조합,꿀팁,미소,방법,개인적,추파,주문,할인,탄산,종류,명물,밑바닥,사람,밥도둑,소문,순간,느낌,생각,저격,덕분,최고,총평,남자친구,추천,위장,보호,남자,친구,동료,친절,특별,메뉴,육질,해장,토마토맛,입맛,닭고기,고기,소금,후추,식초,타르타르소스,오렌지,레몬,토마토,생맥,맥주,하이볼,교자,잡채,안주류,안주,치킨난반,야끼교자,만두,튀김옷,토마토라면,국물,라면,치킨,바테이블,테이블,주소,전화번호,사진,월드컵,마커,데이트,민생회복 소비쿠폰,가성비,고물가시대,물가,술값,회사,할인가,직장동료,직원,근무,직장인,퇴근,위장보호,숙취,기린 생맥주,기린 이치방,미스타교자,사장,상암,이자카야,상암동,술집,맛집,서울특별시,마포구,월드컵북로,일본,대로변,언덕,본토,특별시,마포","유명하다,만족하다,숙취 없다,먹어보고 싶다,가고 싶다,추천하다,잘 어울리다,좋은 구성,녹진하다,가볍다,시원하다,맛집,달지않다,달달하다,당도 없다,바삭하다,새콤달콤하다,맛 이상하다,맛있다,안주 즐기다,깜깜하다,두툼하다,가성비 추천,가성비 좋다,값 장난 아니다,가득하다,마음 걸리다,좋다,즐겁다,적당하다,큰 장점,쉽다,청량감,즐기다,기대하다,실망하다,싫어하다,아쉽다,너무하다,완전하다,오렌지 귀엽다,귀엽다,아기자기하다,착하다,친절하다"
14130085290,BL000000014130085290,라스베가스 카지노 술집 바 루카(Bar LUCA) 카지노바,https://blog.naver.com/minsuuuus/224069340164,블로그,네이버블로그,개발하는 민수쓰의 걸어서 세계 여행,2025-11-08,긍정,"세계여행,해외여행,혼자여행,자유여행,미국여행,라스베가스여행,라스베가스,라스베이거스,라스베거스,바루카,BarLUCA,카지노바,카지노펍,베네시안호텔,라스베가스카지노펍,라스베가스카지노바,라스베가스현지인바,카지노술집","오늘,새벽,24시간,영업시간,미니,위치,소개,중앙,형태,구성,혼자,운영,기계,손님맞이,추천,주문,재미,단점,문화,근처,스트립,느낌,메뉴판,판매,가격,개인적,거품,센스,장난,시작,차감,진행,서비스,아웃,버튼,이득,판단,개인,요청,포즈,마실,장소,현지인,사진,호텔,곤돌라,세계여행,해외여행,혼자여행,자유여행,미국여행,여행,미니게임,게임기,포커게임,게임,마커,술자리,카드,캐쉬,리워드,물가,술값,달러,센트,크레딧,가성비,영업,메뉴,칵테일,생맥,생맥주,맥주,와인,드링크,위스키 칵테일,바테이블,테이블,루카,바텐더,라스베이거스,카지노,술집,성지,베네시안 호텔,미국,한복판,칵테일바","차분한 분위기,사람 많다,선호하다,금액 즐기다,비싸다,저렴하다,추천하다,즐기다,유쾌하다,취향 맞다,종류 다양하다,무난하다,다양하다,수익 내다,즐겁다,장점 있다,좋다,마시기 좋다,퀄리티 좋다,찾기 힘들다,화려하다,세련되다,가볍다"
14131480281,BL000000014131480281,잭슨 바비큐 미아점,https://blog.naver.com/gopdmz33/224069792726,블로그,네이버블로그,Enjoy My Hobbies,2025-11-09,긍정,"미아삼거리역맛집,바비큐,브리스킷,폭립,훈연삼겹살,잭슨바베큐,풀드포크","지방,아점,방문,근처,숯불,판매,매장,주문,전문,구성,포토,개인적,마커,모임,소고기,고기,삼겹살,야채,할라피뇨,위스키,버번위스키,주류,바베큐,돼지고기구이,돼지숯불구이,플래터,풀드포크,폭립,모닝빵,훈연,테이블,코스트코,플러터,잭슨,특별시,서울특별시,강북구,도봉로,삼거리,백화점,전문점","잘먹다,추천하다,양이 작다,아쉬운 점,콜키지 가능하다,평범하다,잘 어울리다,부드럽다,촉촉하다,맛있는것 같다,맛있다"
14134563252,BL000000014134563252,"[인계동술집] 인계동 위스키바, 칵테일바 ‘그롤라’ 후기",https://blog.naver.com/jiky0802/224070902177,블로그,네이버블로그,지우개 일상,2025-11-10,긍정,"인계동그롤라,인계동위스키바,인계동칵테일바,인계동데이트,인계동2차","화장품,앰플,지방,금요일,오늘,지금,오랜만,시간,후기,친구,인계,동선,추천,외관,유리,방문,좌석,다찌석,소규모,혼술,손님,추위,메뉴판,종류,마크,주문,알코올,모어,목넘김,도전,다음,마실,대형,사각,우디향,허니,구현,설명,중간층,예비,기본,중간,사진,경기,마커,소개팅,데이트,메뉴,무알콜,꿀향,음식,위스키향,소금,초콜릿,위스키,온더락,칵테일,기본안주,프레첼,안주,샤드,통유리,테이블,행거,담요,미니바,우리집,메이커스 마크,달모어,엘리시아,스트레이,우디,사장,예비신부,신부,인계동,술집,위스키바,칵테일바,경기도,수원시,수원,팔달구,타워","인테리어 잘하다,분위기 좋다,좋아보이다,별로다,잘먹다,비싸다,뭉치다,좋다,넘나 좋다,잘모르다,가깝다,힘들다,안좋다,멋있다,아늑하다,못하다,찰떡이다,부드럽다,향 부드럽다,입맛 맞다,목넘김 부드럽다,맛있다,화장품맛,조용하다"
14137806982,BL000000014137806982,[제주 술집 추천] 자유의지 : 원조 혼술바에서 친구만들기,https://blog.naver.com/hei-hey/224072110554,블로그,네이버블로그,순간의 일기쨩,2025-11-11,긍정,"왓츠인마이블로그,2025블로그챌린지,제주혼술바,제주혼술바추천,제주혼술바후기,제주혼술바자유의지,자유의지제주,자유의지후기,자유의지,제주자유의지,제주자유의지후기,제주자유의지예약,제주자유의지메뉴,제주자유의지평일,제주자유의지혼술,제주공항혼술바,제주혼술,제주혼술자유의지,제주혼술집,제주혼술추천,제주혼술후기,제주술집,제주추천맛집,제주추천장소,제주술집추천,제주존맛,제주핫플,제주핫플술집,제주핫플추천,제주가볼만한곳","원숭이,숄더,주말,평일,요일,새벽,추천,자유의지,원조,혼술,친구,소개,혼자,방문,예약,사람,주문,확인,대표,첨부,알코올,종류,기준,입구,대기,빈자리,손님,재미,옆자리,사각,패드,취향,마실,TMI,정보,꿀팁,리뷰,공짜,요약,가능,이성,동성친구,초콜릿,위스키하이볼,위스키,온더락,칵테일,안주,기본안주,메뉴,무알콜,얼음,겉옷,가방,테이블,바테이블,옷걸이,모니터,노래,투어,여행,공책,밸런스게임,마커,워크인,직원,장님,시조새,디엠,지구,닭다리과자,인스타그램,NAVER,빵빵이,나나코,제주특별자치도,술집,부산,지점,제주시,공항,골목,가게","괜찮다,부담 없다,부끄럽다,가깝다,다양하다,질리다,좋다,간단하다,어색하다,친구 재밌다,재미있다,즐기다,친절하다,세심하다,예쁘다,얼굴맛집,조용하다"
14138977678,BL000000014138977678,"[구월동 맛집] 구월동 술집 | 구월동 혼술, 미스타교자 인천구월점",https://blog.naver.com/svvimmin9/224072599779,블로그,네이버블로그,@svvimmin9,2025-11-11,긍정,"왓츠인마이블로그,2025블로그챌린지,구월동술집,구월동맛집,구월동혼술,구월동미스타교자,미스타교자","오늘,매일,혼술,박수,소개,간술,추천,라스트오더,도보,가능,외관,기분,내부,일본풍,가격,리뷰이벤트,참여,상품,리뷰,기회,갈증,해소,사용법,사용,제조,명물,정석,압승,최고,혼자,로데오,인형,게임,마커,메뉴,겉바속촉,레시피,별미,마라맛,완두콩,완두,시즈닝,생맥,맥주,야끼교자,야끼소바,바지락볶음,볶음,교자,안주,일식,테이블,물수건,그릇,미스타교자,기린 생맥주,한국인,구월동,맛집,술집,인천광역시,구월,광역시,인천 남동구,예술회관역,일본,사천,대한민국,궐동,이자카야","저렴하다,가득하다,가깝다,따뜻하다,혜택 받다,어렵다,다양하다,배부르다,마라맛,메뉴 다양하다,귀엽다,생각 어렵다,깔끔하다,시원하다,맛집,맛있다,바삭바삭하다,잘튀기다,매콤하다,새콤하다"
14141739764,BL000000014141739764,서래마을 2차 술집 베스퍼 분위기 위스키 바,https://blog.naver.com/kizaki56/224072813510,블로그,네이버블로그,몽몽의 먹어야 사는 블로그,2025-11-12,긍정,"베스퍼,서래마을술집,서래마을2차술집,서래마을베스퍼,서래마을위스키,서래마을바,서래마을위스키바","영업시간,오전,새벽,보관기간,분위기,근처,방문,소개,전문,이웃,감성,공간,대화,위치,연계,주차,유료주차,이용,참고,외관,낮술,내부,단체,요청,숙성,이야기,기억,메뉴판,판매,전천후,선택,구성,매장,준비,나라,보관,무제한,제한,제조,본격적,대표,마크,매력,시작,주문,다음,총평,사진,마커,영업,다이닝,점심메뉴,메뉴,식사,올리브,과일,감자칩,위스키,칵테일,주류,미트볼,술안주,샐러드 파스타,스테이크,안주,기본안주,인테리어,테이블,바테이블,오크통,보틀,주소,전화번호,메이커스 마크,바텐더,주민,서래마을,술집,위스키바,특별시,서초구,서울특별시,사평대로,골목,식당,유료주차장,동네","분위기 좋다,인테리어 좋다,모던하다,스타일 즐기기좋다,인기 있다,특별하다,유명하다,다채롭다,좋게 보다,만족하다,종류 많다,서비스 친절하다,좋다,다양하다,간단하다,엄청나다,여유롭다,즐기다,와인 좋다,느낌 예쁘다,예쁘다,신기하다,맛있다,곁들이기좋다,위스키 즐기다,당도 높다,조용하다"
14142721360,BL000000014142721360,"[부천 술집] 오늘의위스키 중동점,",https://blog.naver.com/buzzingbuzzing/224073927403,블로그,네이버블로그,kiki,2025-11-12,긍정,"오늘의위스키중동점,상동역술집,부천시청역술집,중동이자카야,부천와인바,부천술집,부천술집추천,중동술집,중동핫플,오위,오늘의위스키,오늘의위스키후기,부천이자카야,부천데이트,부천와인바추천,부천위스키바,부천위스키바혼술,부천혼술,분위기좋은바,부천데이트코스,상동술집,상동위스키,부천시청위스키,부천시청위스키바,위스키바,부천시청역핫플,부천시청핫플,부천술집리뷰,부천바,중동와인바","크림,오늘,영업시간,월요일,요일,새벽,예전,오랜만,근처,방문,후기,체험단,기회,진행,리뷰,휴무,운영,위치,외관,내부,입구,확인,느낌,분위기,종류,메뉴판,선택,겸비,구비,알코올,취향,주문메뉴,주문,추가주문,제공,참여,미니,변경,가능,왼쪽,오른쪽,기억,정석,처음,적응,추가,총평,생각,혼자,네온사인,형성,라인업,설명,추천,드립,이상,경기,모금,금액대,금액,가성비,고가,영업,메뉴,단맛,알콜맛,얼음,건빵,생크림,바나나,위스키,하이볼,맥주,테킬라,와인,음료수,버번위스키,온더락,안주류,안주,츄러스,기본안주,입간판,간판,조명,블라인드,코스터,플레이트,오크통,주소,이마트,짐빔하이볼,와일드 터키,벤로막,NAVER,부천시,술집,중동,부천시청역,위스키바,상동역,이자카야,와인바,원미구,경기도,출구,가게","좋아보이다,마음에 들다,먹어보고 싶다,추천 해주다,편하다,부실하다,알맞다,깔끔한 느낌,가볍다,향 좋다,은은하다,짭짤하다,맛있다,단맛,달달하다,분위기 좋다,분위기 있다,금액 부담스럽다,저렴하다,합리적 금액,합리적 가격,좋다,세련된 느낌,꺼리다,큰 장점,다양하다,선택 좋다,간단하다,취향 맞다,즐기다,잘모르다,궁금하다,낯설다,잘하다,편안하다,친절하게 설명하다,기분 좋다,잘 나오다,솔직하다,비율 완벽하다,강렬하다,못하다"
14142920580,BL000000014142920580,용리단길 술집 이자카야 '핫피엔도' 고등어 봉초밥 맛집,https://blog.naver.com/bbyela5221/224073992126,블로그,네이버블로그,Justin MIN,2025-11-12,긍정,"용리단길술집,용리단길이자카야,삼각지역맛집,삼각지역회식,핫피엔도,민스타","입안,운영시간,평일,주말,오랜만,오늘,브레이크타임,저녁,오후,오늘자,후기,작성,현생,일상글,소개,방문,느낌,도보,커플,웨이팅,내부,마련,혼술,멤버,모습,인상적,표정연기,대박,분위기,참고,테이블석,주문,메뉴판,좌석,매장,시그니처,허니,손님,생각,시작,동영상,사이드,합격,계속,다음,준비,도수,비주얼,개인적,개인,집게,이름,맛도리,뿌리,옆면,최대,제거,남녀노소,행복,브이로그,인증샷,장소,옆자리,삼각,지역,회식,초밥밥,사시미,전복,생선,와사비,마늘,실파,하이볼,주류,자몽하이볼,사이다,고등어봉초밥,전복내장파스타,안주,프라이,초밥,감자튀김,맥주안주,가니쉬,사이드 메뉴,저녁식사,일본식,메뉴,음식,시그니처 메뉴,내부인테리어,테이블,창틀,조명,바테이블,엔틱,양초,접시,주소,전화번호,셋팅,맛집투어,블로그,블로그 포스팅,마커,데이트,소개팅,비리,이직,인용,안정기,봉초밥,산토리 위스키,산토리,슬램덩크,한강,용리단길,술집,이자카야,맛집,서울특별시,용산구,국립중앙박물관,일본,삼각지역,출구,성지,창가,특별시","유명하다,술 좋아하다,괜찮다,잘먹다,마시고 싶다,강추,추천하다,자극적이지 않다,자극 적다,편하다,약하다,깔끔하다,가볍다,걸쭉하다,사르르 녹다,맛집,맛있다,맛있는 곳,고소하다,맛이 없다,조용하다,유니크하다,두툼하다,든든하다,정신 없다,가깝다,사진 찍기 좋다,좋다,데이트 좋다,다양하다,괜찮아 보이다,좋아하다,먹고 싶다,느끼하지않다,제대로이다,싫어하다,행복하다,아늑하다,밝다,인상적이다,신기하다,짝꿍 좋아하다,넉넉하다,돋보이다,힙하다"
14145399529,BL000000014145399529,서귀포 술집 모르는 곳 제주혼술바 특별한 칵테일과 안주,https://blog.naver.com/jejuoj/224074858583,블로그,네이버블로그,제주를 탐방하는 요망진 여행가,2025-11-13,긍정,"모르는곳제주혼술바,서귀포술집,제주도술집,제주도혼술,제주도혼술바,서귀포혼술,서귀포혼술바,제주칵테일바,서귀포칵테일바,제주칵테일,서귀포칵테일","입안,오늘,지금,사계,영업시간,월요일,요일,화요일,일요일,직후,혼술,공간,분위기,시작,외관,초록색,불빛,검은색,위치,주차,주차정보,사용,단축,라스트오더,정규,내부,감각,배치,사람,준비,메뉴판,큐알코드,확인,취향,최고,반입,가격,주문,마크,에메랄드빛,매장,시그니처,베이스,수제,탄산감,탄산,처음,반신반의,순간,선사,단짠,폭발적,생각,완벽,시너지,추가,퍼펙트,알코올,일품,노랫소리,종류,주재료,특징,관리,에어링,마실,오크향,지속적,지속,느낌,오른쪽,노란색,혼자,방문,조합,옥수수,치즈,오징어젓갈,크림치즈,귤청,청귤청,시럽,민트,청귤,시트러스,바닐라,크래커,카라멜,칵테일,위스키,맥주,테킬라,주류,와인,청귤에이드,럼주,버번위스키,안주,술안주,미식,메뉴,외부음식,음식,민트향,풍미,식감,감칠맛,단맛,인테리어,테이블,바테이블,아로마,그릇,식기,대문,화장실,콜키지,차량,탐방,여행,마커,단체 모임,생산,열감,카타르시스,페어링,알코올 도수,아지랑이,메이커스 마크,하나로,사장,서귀포,술집,제주특별자치도,칵테일바,산방산,가게,서귀포시,안덕면,건물주차장,미국","분위기 편안하다,분위기 좋다,잔잔하다,특별하다,영롱하다,밸런스 좋다,풍성하다,쉽다,여유롭다,편안하다,좋다,즐기다,소통 있다,소통하다,다양하다,프레시하다,안주 괜찮다,놀랍다,위스키 좋다,기분 좋다,진하다,어색하다,궁금하다,감동하다,민트 상쾌하다,행복하다,모임하기 좋다,서비스 제공되다,잘되다,편하다,훌륭하다,장엄하다,멋들어지다,빛나다,신비롭다,감각적이다,위트 있다,아름답다,인상 깊다,못하다,상큼하다,조화롭다,반짝이다,강렬하다,친절하다,멋있다,감정적이다,어울리다,잘 어울리다,상쾌하다,부드럽다,뜨겁다,은은하다,향기 풍성하다,청량하다,향 인상 깊다,향긋하다,맛있다,달달하다,쫀득하다,바삭하다,풍미 느끼다,감칠맛,단맛,고소하다,맛깔나다,풍미 적다,풍미 편안하다"
14168814260,BL000000014168814260,대구 소고기 맛집 수성구 마블드한우 들안길점,https://blog.naver.com/dlwngml5351/224082574346,블로그,네이버블로그,문별의 지구별여행,2025-11-21,긍정,"대구소고기맛집,대구수성구한우맛집,마블드한우,수성구룸,들안길맛집","머리,영업시간,매일,오후,주말,브레이크타임,시간,오전,평일,생일,기념일,오늘,예약,기념,프라이빗,선도,프라이버시,보장,일행,후기,방문,위치,주차,매장,마련,기준,참고,내부,인기,실감,단백질,보충,시스템,판매,회식,근처,생각,공간,장점,테마,기대,현수막,대박,특별한 날,세팅,센스,정보,주문,제공,가심비,완료,수준,리필,수준급,도착,최대,동시,수용,모습,고급,으뜸,구성,특수,사전예약,필수,모양,본격적,화력,완성,설치,환경,맛도리,추가,즉석,사이즈,추천,소개,형태,특별,대구,소고기,고기,한우,갈빗살,갈비,새우살,새우,살치살,시즈닝,양념장,궁채,샐러드,야채,양파,당근,얼그레이하이볼,주류,외식,케이크,한우된장찌개,물냉면,냉면,반찬,궁채장아찌,단호박 샐러드,맛탕,김치,겉절이,한우구이,가니쉬,야채구이,된장찌개,살얼음,정육코너,메뉴,입맛,불향,식감,구이용,마늘향,얼음,식후,토퍼,환기구,앞접시,주소,포장,배달,콜키지,빔프로젝트,크루즈,사진,여행 인플루언서,파티용품,마커,모임,생일파티,영업,가성비,회사,서버,안동갈비,마블,삼성 라이온즈,한정수,선수,주인공,맛집,수성구,들안길,대구 수성구,수성못,주차공간,정육식당,프라이빗룸,파티룸,경북 안동,광역시,대구광역시","인기 좋다,마음에 들다,가성비 즐기기좋다,가성비 좋다,추천하다,좋다,즐기다,제대로이다,기대만발,특별한 날,스페셜하다,고기 좋다,괜찮아 보이다,먹고 싶다,파티 즐기다,퀄리티 좋다,고급스러운 분위기,널찍하다,돋보이다,꾸미다,친절하다,예쁘다,쾌적하다,사르르 녹다,은은하다,향 끝내주다,맛집,꿀맛,양념 맛있다"
14170989355,BL000000014170989355,"호주여행) [3일차 멜버른] - 세븐시즈, 위스키주문 팁, 퍼핑빌리&필립아일랜드",https://blog.naver.com/pharmcu_/224081158962,블로그,네이버블로그,팜구의 블로구,2025-11-21,긍정,"호주여행,멜버른여행,퍼핑빌리,필립아일랜드,미스마플,호주스콘맛집,멜버른","유칼립투스,코알라,동물,쿼카,딩고,멍멍이,늑대,시고르자브종,타조,캥거루,다리,알파카,화식조,가시두더지,생쥐,펭귄,일차,오늘,아침,종종,주말,공휴일,summer,하루,VIP석,주문,후기,갓생,날씨,예측불가,불가,테토남,나라,도착,내부,안내,포장주문,여자친구,흰색,변경,온라인 주문,다음,귀국,사이트,검색,팝업,고객센터,주기,온라인,인기제품,품절,수령,케이스,확인,안내문,일정,지연,걱정,기준,생각,우드,배치,마스터,실수,일반,신용카드 결제,완료,예약,가이드,중간,건물,이름,느낌,사람,웨이팅,메뉴판,기억,마실,플레인,혼합,재질,주변,크기,풍경,추위,증기,외국인,하늘,가루,근처,방문,구경,애니멀,소규모,입장,매니아,패스,국조,얼빡샷,대조적,공작,처음,관종,계속,구도,만족,먹이,헐레벌떡,미식가,공격,컬러풀,이동,시력문제,금지,제재,센터,대기,서식,로컬,나무,나이,아줌마,후레쉬,제지,홈페이지,개인,귀가,마무리,리뷰,백설기,식빵,우유,닭다리,라즈베리잼,생강,과일,건포도,포도,위스키,커피,차이티라떼,라떼,플랫화이트,두유,버번,TEA,롱블랙,밀크티,맥주,스콘,브렉퍼스트,잉글리쉬 브랙퍼스트,파이,커피맛,식사,메뉴,음식,식감,미식,우비,우산,마루,울타리,바닥,픽업지,인터넷,배송,픽업,비콘,플래시,car,증기기관차,기차,사진,그림,호주여행,호텔예약,호텔,체크인,투어,퍼레이드,숙소,여행,블로그,마커,동화,도장,먹방,면세,결제,해외결제,카드,수수료,MOU,석탄,사망,직원,이력,유당불내증,알비노,바틀샵,와일드 터키,부커스,노비스,포드,포니,퍼핑,필립,주인장,셀러,한국인,형님,할아버지,중국인,멜버른,아일랜드,오스트레일리아,카페,우리나라,미국,면세점,대한민국,시드니,동화마을,산골마을,방문자센터,동물원,공원,시골,빅토리아주,명당,서식지,중국","사람 많다,인기 있다,유명하다,좋게하다,종류 많다,저렴하다,쿠폰 뜨다,비싸다,비싸게 사다,구매하다,사고싶다,추천하다,가능하다,좋다,잘모르다,따뜻하다,절망하다,다양하다,조마조마하다,여자 미스다,조심하다,깜빡하다,퍽퍽하다,구멍 나다,부담스럽다,이상하다,힘들다,잘 나오다,당황하다,재미있다,쌀쌀하다,문제 있다,서럽다,아쉽다,무섭다,택배 가능하다,강렬하다,이국적이다,친절하다,신기하다,독특하다,못하다,경치 좋다,귀엽다,난폭하다,순둥순둥하다,귀하다,멋있다,관종,고고하다,생기롭다,잘 어울리다,깔끔하다,부드럽다,묻어나다,맛있다,맛 무난하다"
14173113173,BL000000014173113173,110,https://blog.naver.com/ynaxx0/224084239983,블로그,네이버블로그,유나네,2025-11-22,긍정,"일상일기,일상,홍대맛집,홍대백해,홍대술집,홍대밤말,홍대자연도소금빵,홍대연남주막,연남주막,연남자연도소금빵,연남동밤말,불오징어볶음면,환연모임,환승연애,멸치쌀국수,집밥일기,기브닝커피,봉순게장,생새우,진도켄,성수진도켄","머리,입술,저녁,오랜만,담날,가을,지금,생일,옛날,깜놀,혼자,뿌리,목적,방치,도리,나눔,낫마스,걱정,선물,죽음,주문,손질,갓성비,준비,습기,중요성,중요,몸통,변경,마무리,잘못,지인,인기,취향,시작,가족,아점,이야기,공간,계획,예정,발견,기회,포기,재탄생,조합,날씨,기본,기억,탑승,이상,약속,토론,사람,주막,방문,친구,후기,세트,대체,매리트,기념,이동,도착,완전체,생각,원픽,호출,근처,식빵,바게트,참치,새우,연어회,해산물,새우회,어묵,소고기,고기,등심,차돌박이,꽃게,명란,스프레드,간장,알룰로스,고춧가루,굴소스,소금,체리,샐러드,양배추,야채,머쉬룸,트러플,감자,두바이 초콜릿,소주,와인,화이트와인,맥주,하이볼,커피,위스키,막걸리,생맥,생맥주,브런치,계란후라이,반숙,돼지고기짜글이,감자짜글이,후식,가지덮밥,덮밥,구이,새우구이,감바스,라면,디저트,어묵탕,김치,게장,육회,비빔냉면,파스타,냉동김밥,김밥,만두,우동,우동국물,국물,닭갈비덮밥,닭갈비,밀키트,쌀국수,오징어볶음,안주,꽃게탕,소금빵,가라아게,음식,한상차림,상차림,푸드파이터,푸드,청바지,바지,우산,냉장고,자취생,공구,설거지,청소,픽업,냉동실,노선,고등학생,오일,블러셔,틴트,조각,사진,월드컵,타구,여행,숙소 예약,지우개,마커,블로그,성수,파티,수다,모임,번개모임,중독,사기,몰카,출근,직원,퇴근,중독자,월파,평양소주,버거킹,본가,요아정,성심당,컵누들,불닭,아사히,자연도소금빵,오드타입,혜인,홍대,승민,민지,언니,어머니,아버지,이자카야,북한,두바이,게장집,카페,맛집,정육식당,쌀국수집,식당,일본,만남의 장소,연남,가게,특별시,서울특별시,마포구,동교로,월드컵북로","이름 모르다,별로다,마음에 들다,마음에 안 들다,레알 별로,안 먹고싶다,잘 안쓰다,강추,푸짐하다,간단하다,먹고 싶다,귀찮다,이상하다,행복하다,아쉬운 마음,극찬하다,빵 터지다,사진 찍기 좋다,좋다,성공하다,기분 상하다,짜증나다,후회하다,재미있다,좋아하다,싫다,축하하다,최애,아쉽다,고맙다,최악,불편하다,신기하다,예쁘다,야무지다,이쁘다,미친놈,맛있다,억지로 먹다,프레쉬하다,맛집,음식 괜찮다,맛있는 곳"
14178714141,BL000000014178714141,일상 소개 너무 힘들다..,https://blog.naver.com/tree222t4/224086148212,블로그,네이버블로그,~.~,2025-11-24,긍정,"왓츠인마이블로그,2025블로그챌린지","등골,여름,시간,지금,일상,소개,마지막,처음,생각,개인적,마커,소개팅,감기,차돌박이,사시미,초코,뭉티기,꼬까옷,정리,설빙,창비,두바이","가고 싶다,추천하다,힘들다,조심하다,맛있다"
14196531471,BL000000014196531471,대구 수성구 들안길 맛집 회식 룸식당 가성비 소고기 마블드 한우,https://blog.naver.com/axax79/224092456113,블로그,네이버블로그,대구 경북 힐링여행담,2025-11-29,긍정,"대구수성구들안길맛집,들안길가성비맛집,수성구룸식당,마블드한우,수성구맛집,들안길맛집","영업시간,브레이크타임,오늘,새해,연말,겨울,회식,소개,운영,기본정보,주차,이중주차,일행,센스,카운터,전달,주변,이용,내부,방문,인증샷,판매대,최상급,제공,주문,방식,예약,상태,대표,특수,프라이빗,공간,맞춤,상차림비,무료,준비,모습,리뷰,활용,자료화면,재료,리필,등장,느낌,고급,참고,필수품,필수,솜씨,양도,화력,표현,깊이,남자,사나이,두부,소고기,고기,한우,대구,갈빗살,갈비,새우살,새우,채끝등심,살치살,된장,궁채,샐러드,채소,위스키,주류,기본찬,기본반찬,궁채장아찌,단호박 샐러드,김치,겉절이,반찬,가니쉬,야채구이,된장찌개,냉면,먹거리,식사,음식,메뉴,상차림,외투,테이블,옷걸이,그릇,태블릿,프로젝터,노트북,크루즈,사진,조각,야구선수,선수단,사인볼,문구,마커,연말모임,가성비,오픈런,룸식당,안동갈비,마블,함장종합사회복지관,삼성 라이온즈,사장,대구 수성구,수성구,들안길,맛집,골목,식당,육가공공장,주차장,주차공간,광역시,대구광역시","유명하다,좋은 자료,잘먹다,추천하다,퀄리티 좋다,연결 좋다,안성맞춤,사르르 녹다,맛집,맛있다,먹음직스럽다,신선하다,맛 남다르다,맛 진하다,구수하다,조용하다,로고 멋스럽다,다채롭다,정갈하다,가성비 좋다,착한 가격,비싸다,여유롭다,여유롭지않다,좋아하다,반갑다,기대되다,취향 맞다,시간 있다,신선한 채소,잘갖추다,쉽다,좋다,기막히다,배부르다,다양하다,등신,비주얼 예쁘다,예쁘다"
14197140971,BL000000014197140971,최근 먹은 술 리뷰(& 콜키지프리 등 맛집추천),https://blog.naver.com/yunjidbswl03/224092656155,블로그,네이버블로그,.,2025-11-30,긍정,"땅코참숯구이,방어맛집,맛집,칵테일바,콜키지프리,위스키추천,칵테일,신도림맛집,백일도,서울루덴스,손선장노량진,노량진수산시장,강남콜키지프리,강남고기집,꿉당,뻐꾸기,오뎅바,신림맛집,야끼소바,홈텐딩,조주기능사","내장,뻐꾸기,돼지,평일저녁,시간,리뷰,추천,입문,하트,곤란,연락,규칙,무료,조합,표현,기본,레드,탈락,올드,알못,가격,내부,눈물,연습,초록색,색깔,웨지,검정색,피스,기억,다음,대용량,처리,기념,인공적,순서,섹스,블루,트리플,덕분,명성,범용성,거품,비교,원샷,특유,탄산,다이어트,감동,캐릭터,인위적,릴스,계속,무한리필,신사,홀릭,이수,웨이팅,회전율,회전,참고,느낌,사치,황홀,도전,방어,직영,대화,처음,사랑,중앙,구조,이색적,지인,숙성,생각,남자,서바이벌,발견,커플,주문,필수,이동,블랑,관심,발굴,대박,감성,재방문,방문,예정,환영,가능,조화,흰색,친절,초록,핑크,레이디,용량,구매,자극,밸런스,인공,정확,사과,특별,복어회,생선,참돔,계란,흰자,크림,우유,밀크,새우,참치,고기,삼겹살,어묵,곱창,닭똥집,치즈,스프레드,초장,설탕,생강향,기름장,오렌지,바닐라,진저,민트,멜론,레몬,크랜베리,라임,감귤,메론,토마토,할라피뇨,복분자,통마늘,마늘,생고구마,고구마,복숭아,오이,생강,위스키,소주,스파클링 와인,스파클링화이트와인,와인,로제와인,화이트와인,레드와인,콜라,음료수,전통주,칵테일,보드카,진저에일,리큐르,브랜디,핑크레이디,레몬주스,크랜베리주스,라임주스,사과주스,깔루아,생맥,맥주,하이볼,버번,탄산수,레몬즙,온더락,드링크,사케,복소사,토닉워터,보리소주,커피,진토닉,주스,매운탕,치즈케이크,돼지고기튀김,오이무침,안주,교자,토마토라면,소바,고구마튀김,반찬,생선구이,김치전,수제비,야끼소바,케이크,튀김,무침,음식,쓴맛,와인맛,피스타치오,복숭아맛,신맛,레시피,주스맛,초코맛,바닐라향,단맛,얼음,입맛,메뉴,양념맛,스파클링,아쿠아마린,패션,거품기,콜키지 프리,콜키지,픽업,소독약,입문용,기능사,대학수학능력시험,슬링,연출,사진,전통,안타,강릉여행,호텔,데이트코스,방울,마커,만남,파티,주가,비즈니스,가성비,바이럴,직원,처치,트랙,캐스,오레오치즈케이크,더 글렌리벳,초장집,죠스바,기린 생맥주,제크,꿉당,화요,땅코참숯구이,소비뇽 블랑,스페인와인,피치 피즈,레토,코스모폴리탄,아우디,인스타그램,리버풀FC,소연,알렉산더,짱구,로제,언니,선장,러시안,어머니,시장,사장,맛집,병원,장호항,음식점,포르투갈,신트라,바르셀로나,스페인,신논현,노량진동,장터,식당,신촌,대만,카페,싱가포르,아이슬란드,편의점,이자카야,칵테일바,화정,인천광역시,직영점,강남역,강남,삼겹살집,고창,신도림,횟집,해방촌,레스토랑,논현","특별하다,흔하지않다,사람 많다,마음에 들다,별로다,괜찮다,구매하다,왕추천,자극적이다,자극 적다,편하다,빠르다,가치 있다,잘 어울리다,어울리다,깔끔하다,두껍다,부드럽다,시원하다,사르르 녹다,향 부드럽다,향 나다,비린내 올라오다,향 고급지다,향긋하다,맛있다,맛집,식감 특이하다,달지않다,쓴맛,맛 나지못하다,신선하다,신맛,달달하다,고급진 맛,단맛,깔끔한 뒷맛,맛 좋아하다,맛 상큼하다,쌉살하다,시끄럽다,조용하다,고급스럽다,보기 흉하다,뷰 미치다,색 예쁘다,밸런스 좋다,비싸다,저렴하다,세일하다,가성비 유명하다,가성비 좋다,좋아하다,어중간하다,엄청나다,정확하다,안좋아하다,좋다,무난하다,감동적이다,유치하다,뿌듯하다,호불호 갈리다,만취상태,기분 좋다,꿀꿀하다,느낌 좋다,어렵다,아쉽다,귀찮다,감성 좋다,소문 자자하다,궁금하다,웃기다,무료하다,신기하다,조화롭다,못하다,상큼하다,친절하다,예쁘다,생각 어렵다,독특하다,특이하다,부족하다,완벽하다,귀엽다,이색적이다,깐깐하다"
14196020867,CF000000014196020867,홈플에서 레벨100프루프가 많이 생기셨을겁니당.,https://cafe.naver.com/whiskycognac/809929,카페,네이버카페,위스키코냑클럽,2025-11-29,부정,,"입안,버팔로,데일리,지금,레벨,이상,허니,인위적,상황,중후반,방법,처리,생각,탈리스만,불호,입문,원샷,탄산,개인적,재구매,재구매의사,다짐,디스,게시판,이용,주의사항,삭제,금지,게시글,이름,제품명,표시,구입기,구입처,정보,개인,거래,자랑,언급,문의,댓글,쪽지,이벤트용,이벤트,참여,후기,내용,협찬,혜택,국내,구매,예시,참고,질문,미부착,부착,판매,라벨,매입,해외,구입,유도,마커,면세,금액,재판매,불법유통,불법,위스키,하이볼,버번위스키,탄산수,노마드,한글,홈플러스,로얄 브라클라,미국인,입문용","별로다,납치되다,가고 싶다,싫다,좋다,안맞다,향 즐기다,향 맡다,달달하다,달달한맛,맛있다"
14198349292,CF000000014198349292,알라키 뱀띠 에디션 구매~ ^^,https://cafe.naver.com/whiskycognac/810297,카페,네이버카페,위스키코냑클럽,2025-11-30,긍정,,"성탄절,연말,주말,뱀띠,에디션,구매,예약,수령,품절,표시,생일선물,모어,선물,생각,구경,구입기,필수,정보,구입처,구입가격,회원,자랑,게시판,이용,주의사항,삭제,금지,게시글,이름,제품명,가격,개인,거래,언급,문의,댓글,쪽지,이벤트용,이벤트,참여,후기,내용,협찬,혜택,국내,예시,참고,질문,미부착,부착,판매,라벨,매입,해외,구입,유도,마커,크리스마스트리,면세,재판매,위스키,불법유통,불법,한글,매대,픽업,이마트,화요,달모어,이케아,푸드마켓,고덕동","갖고싶다,즐겁다"
14132754465,DC000000014132754465,죽는 게 진짜 생각보다 존나 별거 없다,https://www.ilbe.com/view/11601353484,커뮤니티,일간베스트저장소,짤방,2025-11-09,부정,,"사랑니,얼굴,매달,슬링,생각,의식,고통,원수,유행,상태,다음,위스키,기절놀이,자살,마약,헤로인,과다복용,벨트,별거,중학생","좋아하다,죽고 싶다,간편하다"
14169973687,DN000000014169973687,소규모 주류제조면허 허용에 수제 위스키도 관심 UP 한류 붐 앞세운 K-위스키 해외서 주목,https://news.nate.com/view/20251121n12118?mid=n0100,뉴스,네이트뉴스,t매일경제,2025-11-21,중립,,"주름,호랑이,베타,단풍나무,떡갈나무,기간,지난해,상반기,분기,내년,사계절,현재,직후,시간,올해,소규모,제조면허,허용,수제,관심,해외,주목,국내,연속하락,하락세,대비,감소,상대적,지갑사정,수요,결정,분석,시기,최대,감소세,중심,종류,문화,유행,이유,전체,침체,마니아,멤버,기록,폭증,관계,한정판,인기,하이엔드,설명,의존,정답,원액,판매,제품,시대,갈증,철회,기대,신세계,반응,그룹,방향,절차진행,소식,인수,방안,모색,장밋빛,유입,시작,완공,시생산,예정,설립,계획,재편,진행,활용,실적부진,기본,숙성,요구,최소,제조,매출,재계,출고,종가,단기적,성과,입장,악영향,지적,기준,적용,원재료,재료,가격,습도,제외,시행,도수,제도,결과적,브랜드,위상,사이트,국내산,구입,유명세,기원,대표,마련,과정,기술,설계,제작,한국산,완성,출시,화제,단독,초이스,사이드,공개,출신,마스터,스틸러,영입,세계,품평,국제,어워즈,수상,이점,특유,유니콘,기반,라인,물량,예상,규제,완화,개정,기존,주종,확대,협력,지원,조치,취득,일반,시설,비용,저장,구비,용기,뚜껑,부착,증명,표시,등록제,등록,진입,수출용,국산,확인,주원료,원료,탄생,사용,세분화,지역,싱글,라벨,표기,이상,오크,특징,일반적,프리미엄급,기사,보리,맥아,몰트,옥수수,호밀,곡류,고추장,샌드,주류,위스키,소주,맥주,음료수,믹솔로지,싱글몰트,하이볼,수제맥주,증류식 소주,브랜디,탁주,과실주,약주,버번위스키,버번,보드카,증류주,발효,블렌디드,K-푸드,병마개,업체,통관,수리,품평회,K-컬처,작품,홈술,마커,정부,면허,회원국,관세청,세금,종가세,세율,교육세,부가가치세,종량세,면세,국세청,납세,유휴부지,공장부지,부지,매각,수출입,무역통계,수입액,달러,전년동기,수입,업계,호황,고물가,물가,고환율,소비자,유통가,고가,가성비,수출,수출량,글로벌 시장,유통,사업,사업다각화,인허가,시장상황,소비층,소비,사업계획,사업중단,주류업계,비즈니스,영업손익,적자,영업이익,출고가,대기업,수익성,수익,원가,부가가치,최종소비자,가격경쟁력,물류비용,스타트업,산업체,생산업,생산업체,페이,창업,흑자전환,신규사업,사업자,진입장벽,산업,생산,한류붐,M세대,Z세대,MZ세대,마니아층,오픈런,팬데믹,진단,태동,당화,생명,기후,롯데,카발란,야마자키,재패니스 위스키,롯데칠성음료,신세계L&B,오비맥주,김창수 위스키,신세계면세점,핸드앤몰트,더 글렌리벳,스카치,캐나디안 위스키,스카치 위스키,글렌피딕,맥켈란,발렌타인,조니 워커,아이리시 위스키,아메리칸 위스키,짐빔,와일드 터키,잭다니엘,매경,OECD,박찬욱,방탄소년단,김창수,앤드류,안재형,시장,감독,관계자,제조자,미국인,기자,대만,대한민국,제주특별자치도,서귀포,증류소,스코틀랜드,일본,남양주,김포시,면세점,경기도,남양주시,양조장,샌프란시스코,원주,후문,중국,프랑스,독일,청주,세무서,아일랜드,미국,켄터키주,테네시주,캐나다","유명세 있다,유명세 타다,완판되다,관심 있다,인기 있다,위스키 인기있다,선호하다,질 떨어지다,질 좋다,가격 높다,가격 떨어지다,비싸다,비싼감 없다,비용 더하다,비용 줄이다,기대 있다,다양하다,즐기다,양극화 현상,미미하다,정점 찍다,발목 잡다,악영향 미치다,좋다,좋지않다,경쟁력 없다,처음 보다,주목받다,뚜렷하다,기후 좋다,노력하다,시설 갖추다,완화하다,경쟁력 떨어지다,선명하다,못하다,활력 있다,젊다,일정하다,향 담기다,맵다,맛 담기다"
14169977188,DN000000014169977188,소규모 주류제조면허 허용에 수제 위스키도 관심 UP 한류 붐 앞세운 K-위스키 해외서 주목,https://n.news.naver.com/mnews/article/009/0005593959,뉴스,네이버뉴스,n매일경제,2025-11-21,중립,,"주름,호랑이,베타,단풍나무,떡갈나무,기간,지난해,상반기,분기,내년,사계절,현재,직후,시간,올해,소규모,제조면허,허용,수제,관심,해외,주목,국내,연속하락,하락세,대비,감소,상대적,지갑사정,수요,결정,분석,시기,최대,감소세,중심,종류,문화,유행,이유,전체,침체,마니아,멤버,기록,폭증,관계,한정판,인기,하이엔드,설명,의존,정답,원액,판매,제품,시대,갈증,철회,기대,신세계,반응,그룹,방향,절차진행,소식,인수,방안,모색,장밋빛,유입,시작,완공,시생산,예정,설립,계획,재편,진행,활용,실적부진,기본,숙성,요구,최소,제조,매출,재계,출고,종가,단기적,성과,입장,악영향,지적,기준,적용,원재료,재료,가격,습도,제외,시행,도수,제도,결과적,브랜드,위상,사이트,국내산,구입,유명세,기원,대표,마련,과정,기술,설계,제작,한국산,완성,출시,화제,단독,초이스,사이드,공개,출신,마스터,스틸러,영입,세계,품평,국제,어워즈,수상,이점,특유,유니콘,기반,라인,물량,예상,규제,완화,개정,기존,주종,확대,협력,지원,조치,취득,일반,시설,비용,저장,구비,용기,뚜껑,부착,증명,표시,등록제,등록,진입,수출용,국산,확인,주원료,원료,탄생,사용,세분화,지역,싱글,라벨,표기,이상,오크,특징,일반적,프리미엄급,기사,보리,맥아,몰트,옥수수,호밀,곡류,고추장,샌드,주류,위스키,소주,맥주,음료수,믹솔로지,싱글몰트,하이볼,수제맥주,증류식 소주,브랜디,탁주,과실주,약주,버번위스키,버번,보드카,증류주,발효,블렌디드,K-푸드,병마개,업체,통관,수리,품평회,K-컬처,작품,홈술,마커,정부,면허,회원국,관세청,세금,종가세,세율,교육세,부가가치세,종량세,면세,국세청,납세,유휴부지,공장부지,부지,매각,수출입,무역통계,수입액,달러,전년동기,수입,업계,호황,고물가,물가,고환율,소비자,유통가,고가,가성비,수출,수출량,글로벌 시장,유통,사업,사업다각화,인허가,시장상황,소비층,소비,사업계획,사업중단,주류업계,비즈니스,영업손익,적자,영업이익,출고가,대기업,수익성,수익,원가,부가가치,최종소비자,가격경쟁력,물류비용,스타트업,산업체,생산업,생산업체,페이,창업,흑자전환,신규사업,사업자,진입장벽,산업,생산,한류붐,M세대,Z세대,MZ세대,마니아층,오픈런,팬데믹,진단,태동,당화,생명,기후,롯데,카발란,야마자키,재패니스 위스키,롯데칠성음료,신세계L&B,오비맥주,김창수 위스키,신세계면세점,핸드앤몰트,더 글렌리벳,스카치,캐나디안 위스키,스카치 위스키,글렌피딕,맥켈란,발렌타인,조니 워커,아이리시 위스키,아메리칸 위스키,짐빔,와일드 터키,잭다니엘,매경,OECD,박찬욱,방탄소년단,김창수,앤드류,안재형,시장,감독,관계자,제조자,미국인,기자,대만,대한민국,제주특별자치도,서귀포,증류소,스코틀랜드,일본,남양주,김포시,면세점,경기도,남양주시,양조장,샌프란시스코,원주,후문,중국,프랑스,독일,청주,세무서,아일랜드,미국,켄터키주,테네시주,캐나다","유명세 있다,유명세 타다,완판되다,관심 있다,인기 있다,위스키 인기있다,선호하다,질 떨어지다,질 좋다,가격 높다,가격 떨어지다,비싸다,비싼감 없다,비용 더하다,비용 줄이다,기대 있다,다양하다,즐기다,양극화 현상,미미하다,정점 찍다,발목 잡다,악영향 미치다,좋다,좋지않다,경쟁력 없다,처음 보다,주목받다,뚜렷하다,기후 좋다,노력하다,시설 갖추다,완화하다,경쟁력 떨어지다,선명하다,못하다,활력 있다,젊다,일정하다,향 담기다,맵다,맛 담기다"
14170035893,DN000000014170035893,소규모 주류제조면허 허용에 수제 위스키도 관심 UP 한류 붐 앞세운 K-위스키 해외서 주목,https://news.zum.com/articles/102343697,뉴스,ZUM뉴스,z매일경제,2025-11-21,중립,,"주름,호랑이,베타,단풍나무,떡갈나무,기간,지난해,상반기,분기,내년,사계절,현재,직후,시간,올해,소규모,제조면허,허용,수제,관심,해외,주목,국내,연속하락,하락세,대비,감소,상대적,지갑사정,수요,결정,분석,시기,최대,감소세,중심,종류,문화,유행,이유,전체,침체,마니아,멤버,기록,폭증,관계,한정판,인기,하이엔드,설명,의존,정답,원액,판매,제품,시대,갈증,철회,기대,신세계,반응,그룹,방향,절차진행,소식,인수,방안,모색,장밋빛,유입,시작,완공,시생산,예정,설립,계획,재편,진행,활용,실적부진,기본,숙성,요구,최소,제조,매출,재계,출고,종가,단기적,성과,입장,악영향,지적,기준,적용,원재료,재료,가격,습도,제외,시행,도수,제도,결과적,브랜드,위상,사이트,국내산,구입,유명세,기원,대표,마련,과정,기술,설계,제작,한국산,완성,출시,화제,단독,초이스,사이드,공개,출신,마스터,스틸러,영입,세계,품평,국제,어워즈,수상,이점,특유,유니콘,기반,라인,물량,예상,규제,완화,개정,기존,주종,확대,협력,지원,조치,취득,일반,시설,비용,저장,구비,용기,뚜껑,부착,증명,표시,등록제,등록,진입,수출용,국산,확인,주원료,원료,탄생,사용,세분화,지역,싱글,라벨,표기,이상,오크,특징,일반적,프리미엄급,기사,보리,맥아,몰트,옥수수,호밀,곡류,고추장,샌드,주류,위스키,소주,맥주,음료수,믹솔로지,싱글몰트,하이볼,수제맥주,증류식 소주,브랜디,탁주,과실주,약주,버번위스키,버번,보드카,증류주,발효,블렌디드,K-푸드,병마개,업체,통관,수리,품평회,K-컬처,작품,홈술,마커,정부,면허,회원국,관세청,세금,종가세,세율,교육세,부가가치세,종량세,면세,국세청,납세,유휴부지,공장부지,부지,매각,수출입,무역통계,수입액,달러,전년동기,수입,업계,호황,고물가,물가,고환율,소비자,유통가,고가,가성비,수출,수출량,글로벌 시장,유통,사업,사업다각화,인허가,시장상황,소비층,소비,사업계획,사업중단,주류업계,비즈니스,영업손익,적자,영업이익,출고가,대기업,수익성,수익,원가,부가가치,최종소비자,가격경쟁력,물류비용,스타트업,산업체,생산업,생산업체,페이,창업,흑자전환,신규사업,사업자,진입장벽,산업,생산,한류붐,M세대,Z세대,MZ세대,마니아층,오픈런,팬데믹,진단,태동,당화,생명,기후,롯데,카발란,야마자키,재패니스 위스키,롯데칠성음료,신세계L&B,오비맥주,김창수 위스키,신세계면세점,핸드앤몰트,더 글렌리벳,스카치,캐나디안 위스키,스카치 위스키,글렌피딕,맥켈란,발렌타인,조니 워커,아이리시 위스키,아메리칸 위스키,짐빔,와일드 터키,잭다니엘,매경,OECD,박찬욱,방탄소년단,김창수,앤드류,안재형,시장,감독,관계자,제조자,미국인,기자,대만,대한민국,제주특별자치도,서귀포,증류소,스코틀랜드,일본,남양주,김포시,면세점,경기도,남양주시,양조장,샌프란시스코,원주,후문,중국,프랑스,독일,청주,세무서,아일랜드,미국,켄터키주,테네시주,캐나다","유명세 있다,유명세 타다,완판되다,관심 있다,인기 있다,위스키 인기있다,선호하다,질 떨어지다,질 좋다,가격 높다,가격 떨어지다,비싸다,비싼감 없다,비용 더하다,비용 줄이다,기대 있다,다양하다,즐기다,양극화 현상,미미하다,정점 찍다,발목 잡다,악영향 미치다,좋다,좋지않다,경쟁력 없다,처음 보다,주목받다,뚜렷하다,기후 좋다,노력하다,시설 갖추다,완화하다,경쟁력 떨어지다,선명하다,못하다,활력 있다,젊다,일정하다,향 담기다,맵다,맛 담기다"
14170202097,DN000000014170202097,소규모 주류제조면허 허용에 수제 위스키도 관심 UP 한류 붐 앞세운 K-위스키 해외서 주목,https://luxmen.mk.co.kr/news/trend-lifestyle/11473863,뉴스,매경LUXMEN,Trend&Lifestyle,2025-11-21,중립,,"주름,호랑이,베타,단풍나무,떡갈나무,기간,지난해,상반기,분기,내년,사계절,현재,직후,시간,올해,소규모,제조면허,허용,수제,관심,해외,주목,국내,연속하락,하락세,대비,감소,상대적,지갑사정,수요,결정,분석,시기,최대,감소세,중심,종류,문화,유행,이유,전체,침체,마니아,멤버,기록,폭증,관계,한정판,인기,하이엔드,설명,의존,정답,원액,판매,제품,시대,갈증,철회,기대,신세계,반응,그룹,방향,절차진행,소식,인수,방안,모색,장밋빛,유입,시작,완공,시생산,예정,설립,계획,재편,진행,활용,실적부진,기본,숙성,요구,최소,제조,매출,재계,출고,종가,단기적,성과,입장,악영향,지적,기준,적용,원재료,재료,가격,습도,제외,시행,도수,제도,결과적,브랜드,위상,사이트,국내산,구입,유명세,기원,대표,마련,과정,기술,설계,제작,한국산,완성,출시,화제,단독,초이스,사이드,공개,출신,마스터,스틸러,영입,세계,품평,국제,어워즈,수상,이점,특유,유니콘,기반,라인,물량,예상,규제,완화,개정,기존,주종,확대,협력,지원,조치,취득,일반,시설,비용,저장,구비,용기,뚜껑,부착,증명,표시,등록제,등록,진입,수출용,국산,확인,주원료,원료,탄생,사용,세분화,지역,싱글,라벨,표기,이상,오크,특징,일반적,프리미엄급,기사,보리,맥아,몰트,옥수수,호밀,곡류,고추장,샌드,주류,위스키,소주,맥주,음료수,믹솔로지,싱글몰트,하이볼,수제맥주,증류식 소주,브랜디,탁주,과실주,약주,버번위스키,버번,보드카,증류주,발효,블렌디드,K-푸드,병마개,업체,통관,수리,품평회,K-컬처,작품,홈술,마커,정부,면허,회원국,관세청,세금,종가세,세율,교육세,부가가치세,종량세,면세,국세청,납세,유휴부지,공장부지,부지,매각,수출입,무역통계,수입액,달러,전년동기,수입,업계,호황,고물가,물가,고환율,소비자,유통가,고가,가성비,수출,수출량,글로벌 시장,유통,사업,사업다각화,인허가,시장상황,소비층,소비,사업계획,사업중단,주류업계,비즈니스,영업손익,적자,영업이익,출고가,대기업,수익성,수익,원가,부가가치,최종소비자,가격경쟁력,물류비용,스타트업,산업체,생산업,생산업체,페이,창업,흑자전환,신규사업,사업자,진입장벽,산업,생산,한류붐,M세대,Z세대,MZ세대,마니아층,오픈런,팬데믹,진단,태동,당화,생명,기후,롯데,카발란,야마자키,재패니스 위스키,롯데칠성음료,신세계L&B,오비맥주,김창수 위스키,신세계면세점,핸드앤몰트,더 글렌리벳,스카치,캐나디안 위스키,스카치 위스키,글렌피딕,맥켈란,발렌타인,조니 워커,아이리시 위스키,아메리칸 위스키,짐빔,와일드 터키,잭다니엘,매경,OECD,박찬욱,방탄소년단,김창수,앤드류,안재형,시장,감독,관계자,제조자,미국인,기자,대만,대한민국,제주특별자치도,서귀포,증류소,스코틀랜드,일본,남양주,김포시,면세점,경기도,남양주시,양조장,샌프란시스코,원주,후문,중국,프랑스,독일,청주,세무서,아일랜드,미국,켄터키주,테네시주,캐나다","유명세 있다,유명세 타다,완판되다,관심 있다,인기 있다,위스키 인기있다,선호하다,질 떨어지다,질 좋다,가격 높다,가격 떨어지다,비싸다,비싼감 없다,비용 더하다,비용 줄이다,기대 있다,다양하다,즐기다,양극화 현상,미미하다,정점 찍다,발목 잡다,악영향 미치다,좋다,좋지않다,경쟁력 없다,처음 보다,주목받다,뚜렷하다,기후 좋다,노력하다,시설 갖추다,완화하다,경쟁력 떨어지다,선명하다,못하다,활력 있다,젊다,일정하다,향 담기다,맵다,맛 담기다"
112248147,IG000000000112248147,. <오늘의 재입고> 호세쿠엘보 메이커스 마커 산토리 가쿠빈  #와인나우#호세쿠엘보#메이커스마커#산토리가쿠빈,https://www.instagram.com/p/DRUDa3EkkIx,인스타그램,인스타그램,와인나우 다산와인샵 남양주와인샵 다산위스키,2025-11-21,중립,"와인나우,호세쿠엘보,메이커스마커,산토리가쿠빈","오늘,재입고,마커,와인,산토리",
42657045740,TW1989714997543670113,편육 맛있어  거기에 소주에 메이커스 마커에 콜라 타먹고 거기에 드읃ㅇ,https://x.com/heyhobeach/status/1989714997543670113,X(트위터),X,heyhobeach,2025-11-16,긍정,,"마커,소주,콜라,편육",맛있다
42667660934,TW1993690980357431461,"사실 버번에 콜라타 먹으면 그 맛이 그건 줄 알았는데 메이커스 마커에 타먹는 거랑 에반이랑 맛이 다르긴 하네요 

비쌀수록 맛이 좋은 걸 보면 더 비싼 거에 타먹어 봐야겠어요",https://x.com/heyhobeach/status/1993690980357431461,X(트위터),X,heyhobeach,2025-11-26,중립,,"마커,버번,콜라","좋게 보다,비싸도 좋다,비싸다,맛 줄다,맛 더 좋다"
14200909438,BL000000014200909438,백수의 일상,https://blog.naver.com/17dear/224093998730,블로그,네이버블로그,멋쟁이 망나뇽,2025-12-01,긍정,,"일주일,주기적,어제,오늘,일상,시작,중간,개인적,이슈,상황,정주행,주기,방문,나이,서치,참고,크기,근처,생각,종류,매장,알코올,도안,함박,웨이팅,극장판,마커,백수,알바,오픈런,얼음,국수,꽃게,위스키,게장,간장게장,족발,비빔국수,유부초밥,디저트,아구찜,피자,케이크,짬뽕,라멘,오므라이스,고로케,접시,포장,꽃게집,족발국수,진격의 거인,귀멸의 칼날,둘리,남편,창원특례시,해변,무한리필집,마산,산장,오두막,대형카페,경지,부산,오사카,기니,맛집","별로다,잘먹다,저렴하다,추천하다,푸짐하다,잘하다,재미있다,먹고 싶다,피곤하다,잘 다니다,귀찮다,살 찌다,부족하다,향 맛있다,향 좋다,맛있다,간장 맛있다,맛있지 않다,맛집"
14200947132,BL000000014200947132,늦가을,https://blog.naver.com/dledge/224094012480,블로그,네이버블로그,*✨ ੈ✩‧₊˚* ੈ⭐️‧₊,2025-12-01,긍정,"왓츠인마이블로그,2025블로그챌린지","늦가을,가을,겨울,시간,연말,현재,올해,내년,집들이 선물,수납,맛도리,릴스,도전,팔로워,게시물,방어,기름,처음,나무,정주행,팔로우,결과물,아점,금손,박수,구역,시야,늙은이,스탠딩,정신,입성,이야기,폰트,킬포,발견,내돈내산,야심,콘서트,관악,편집,프로필사진,핸드볼경기,체조경기,경기,블로그,마커,모임,생일파티,펀딩,급발진,아싸,도파민 중독,음식,레시피,잉어,갈비,삼겹살,고구마,하이볼,화덕피자,포카치아,호떡,잉어빵,바스크 치즈케이크,브런치,수납장,부엌,배달,싸얌,루시,키티,인플,인플루언서,경기도,의왕시,식당,안양시 동안구,브런치집,핸드볼경기장,체조경기장,삿포로,맛집,갈비집,백운호수","최애카페,그냥그렇다,별로다,그저그렇다,수상스럽다,구매하다,장점 있다,좋아하다,제대로이다,많은 관심,안좋아하다,궁금하다,웃기다,최애,재미있다,즐기다,간단하다,느리다,불편하다,게으르다,꿈나무,미치다,맛있다,맛집"
14204256282,BL000000014204256282,김해참치맛집 주촌맛집 참다랑어의 품격을 느낄 수 있는 튜나펍 김해주촌점,https://blog.naver.com/juj999/224095248307,블로그,네이버블로그,은블리의 탐나는 LIFE♪,2025-12-02,긍정,"왓츠인마이블로그,2025블로그챌린지,튜나펍,튜나펍김해주촌점,김해주촌맛집,김해참치,주촌술집,김해이자카야,참치회맛집,참치타다키,주촌핫플,김해회식장소,참다랑어,참치사시미,아카미,적신사랑,숙성참치,고급와사비,참치속살,가이바라잇,아나고덴뿌라,아사히생맥주,기린이치방,메이커스마커하이볼,일본위스키,히비키,야마자키,하쿠슈,아사히제로,무알콜맥주","뱃살,배꼽,시간,정수,매장,광고,배너,판매,우드,소품,센스,구경,공간,생각,분위기,압도,기본,위생적,구비,종류,준비,벽면,상단,표현,입체,미니,눈길,주문,제공,마음,왼쪽,알코올,일반,제로,구현,가격,증폭,고급,다이어트,이슈,부위,커스텀,피스,이해,내부,사랑,숙성,소통,내돈내산,협찬,찐후기,덕후,가심비,프리미엄,술스타그램,음악,재즈음악,작품,재즈,종이,마커,데이트,금액,참치,참다랑어,다랑어,소라,아카미,사시미,참치회,쯔유,와사비,참기름,마늘기름장,참기름장,간장,라임,민트,채소,양파,소라형 과자,주류,맥주,생맥,생맥주,위스키,하이볼,세계맥주,얼음물,무알코올 맥주,제로맥주,무알콜하이볼,맥주하이볼,곤약조림,술안주,안주,음식,얼음,메뉴,해동,간접조명,인테리어,바테이블,오브제,우드 인테리어,티슈,젓가락,앞접시,냉장고,전용잔,화장실,포장,직구,스피커,아사히 수퍼드라이 생맥주,기린 이치방,니혼슈,재패니스 위스키,기네스,야마자키,하쿠슈,아사히,아사히 생맥주,레고,빈센트 반 고흐,그루트,달콩이,사장,베이비,김해,맛집,술집,이자카야,일본,경상남도,주촌면,핫플,회식장소","인테리어 독특하다,디테일 살다,좋은 음악,종류 많다,할인되다,강추드리다,품격 있다,기대되다,좋아하다,중요하다,좋다,다양하다,종류 다양하다,디테일 있다,사로잡다,편안하다,어렵다,즐기다,청량감,황홀하다,강하다,무르익다,잘되다,반하다,완벽하다,매료되다,못하다,위생적이다,깔끔하다,화장실 쾌적하다,쾌적하다,시원하다,모자라다,은은하다,잡내 없다,맛집,새콤하다,맵다,맛 반하다,맛 살다,간장 맛있다,맛있다,기름기 적다,조용하다"
14205642963,BL000000014205642963,일산데이트맛집 '야키토리 이치야마'｜탄현동술집 하이볼명가에서 제대로 한 잔!,https://blog.naver.com/vuvu7878/224095490613,블로그,네이버블로그,u._.joy,2025-12-02,긍정,"일산데이트맛집,일산가족모임,일산탄현술집,일산탄현맛집,일산탄현동술집,일산탄현동맛집,하이볼명가,아사히생맥주,오리온생맥주,이자카야,야키토리,일산맛집,탄현맛집,일산,생맥주,일산술집,탄현술집,서이추,서이추환영","입안,다리살,다리,오랜만,영업시간,매일,심야,시간,일요일,오후,주말,저녁,직후,매년,당일,친구,분위기,기억,기본정보,장소,위치,주차,매장,이용,특징,전문,운영,방문,외관,덕분,특유,입구,노란빛,매력,첫방문,사용,이벤트,술쟁이,내부,전체적,우드,느낌,안내,구조,높이,설치,공간,분리,이야기,독립,프라이버시,수납,마련,오픈,손님,웨이팅,예약,벽면,머신,처음,선정,품질,방식,설비,서비스,검증,부여,타이틀,소개,주문,감동,단품,연속,판매,사이즈,주량,프리미엄,요청,시음,사이드,나무,탄산,거품,기본,추가,다음,순삭,추가주문,탄산감,목넘김,계속,리셋,중독성,뿌리,입가심,조합,마지막,기본템,손질,수제,부위,굽기,실패,만족도,만족,추천,구성,혼술,가족모임,서이추,환영,부담,라이트,껍질,단짠,퀄리티,규모,친절,가족,우동면,찰떡,크림,닭안심,치즈,머랭,목살,고기,창난,크림치즈,리코타,마요네즈소스,와사비,감자,유자,레몬,스낵,하이볼,맥주,생맥,생맥주,사케,위스키,주류,리큐르,야키토리,꼬치,감자고로케,김치,오뎅나베,구이,고로케,양배추샐러드,안주,어묵국물,쯔쿠네,닭껍질꼬치,카나페,디저트,닭꼬치,메뉴,식사,과일향,식감,불향,위스키향,감칠맛,유자향,육즙,풍미,겉옷,외투,베스트,가방,스타일,조명,간판,인테리어,칸막이,테이블,철제프레임,의자,거울,바구니,옷걸이,핫팩,도마,스낵바,연락처,정리,셋팅,일본여행,여행,마커,업장,데이트,수다,모임,소규모 모임,술자리,상생페이백,중독,직원,퇴근,고소,술병,스키마,과탄산,산토리,산토리 가쿠 하이볼,아사히,오리온,야마자키,하쿠슈,아사히 생맥주,아사히맥주,프레쉬,신한,더라이트,일산,맛집,탄현동,술집,경기도,고양특례시,고양시 일산서구,플라자,공영주차장,주차장,이자카야,골목,전문점,일본,일산동","단골손님 많다,부담 없다,술 좋아하다,만족하다,믿고 먹다,추천하다,추천 해주다,편하다,구성 다양하다,기름지다,서비스 주다,마시기 좋다,퀄리티 좋다,잘 어울리다,탁월하다,알맞다,어울리다,깔끔하다,테이블 지저분하다,지저분하다,선반 깔끔하다,녹진하다,시원하다,포근하다,가볍다,과하지 않다,부드럽다,부드러운 식감,촉촉하다,산뜻하다,유자 산뜻하다,탱글하다,은은하다,고소한 향,향 부드럽다,상큼한향,향 올라오다,향 산뜻하다,향 상큼하다,청량하다,잡내 없다,향 달콤하다,맛집,맛있다,육즙 살아있다,담백하다,깔끔한맛,바삭하다,시원한 국물,칼칼하다,고소하다,꼬소하다,쫄깃하다,풍미 진하다,구수하다,목넘김 가볍다,맛 느끼다,달지않다,짭짤하다,감칠맛,달달하다,단짠단짠,달콤하다,목넘김 있다,신선하다,깊은 맛,맛 좋아하다,식감 즐기기좋다,맛 즐기기좋다,치즈 고소하다,유자 상큼하다,육즙 부드럽다,조용하다,아늑한 분위기,화려하지않다,설명 깔끔하다,디테일 살다,깔끔한 스타일,제대로이다,행복하다,좋다,여유롭다,눈 띄다,따뜻하다,친절하게 안내하다,신경 쓰이다,지지하지않다,손님 많다,쉽다,잘하다,즐기다,디테일 있다,메뉴 다양하다,든든하다,다양하다,힘들다,종류 다양하다,취향 맞다,느끼하지않다,뜨끈하다,진하다,안주 좋다,강하다,프레시하다,먹고 싶다,섬세하다,간단하다,좋아하다,미치다,소박하다,아늑하다,특징 있다,자연스럽다,아기자기하다,신기하다,이쁘다,친절하다,밝다,바보,상큼하다"
14206347041,BL000000014206347041,눈이 내리면 좋겠어요,https://blog.naver.com/kim1963jinha/224096072111,블로그,네이버블로그,J의 극한,2025-12-02,긍정,"왓츠인마이블로그,2025블로그챌린지","속눈썹,눈썹,카멜리아,핑크뮬리,초파리,비둘기,앞머리,머리,뒷머리,보라꽃,다리,오늘,아침,가을,새벽,화요일,점심,오랜만,시간,다음날,일주일,하루,수업시간,저녁,24시간,반나절,겨울,담날,레츠꼬,이국적,화장,컨셉,사랑,입장료,느낌,입구,곰돌이,재현,세월,선점,완료,바람,연장,속도,마스터,범퍼카,복귀,반납,도착,오조오억,당첨,단점,공짜,좌석,업그레이드,기분,편식,전달,후기,최고,처음,애착,작업,출근길,일광욕,행복,직선,출발,가격,사유,사람,석탑,슬라이드,충격적,충격,중심,이슈,쿠폰,개발,자료,제작,뿌리,소진,사물,선물,비교,이유,나눔,순삭,이니셜,비상,신세계,표지판,표지,우수,시상,보라색,추가,홀로,생각,억지,커버,기적,검정색,고시,꿀떡,집밥,찹쌀떡,찹쌀,계란,대구,초콜릿 아이스크림,붕어,말차 아이스크림,아이스크림,코코넛,간식,초코펜,말차 생초콜릿,초콜릿,초코,말차초콜릿,과자,카라멜,녹차,커피,말차,위스키,버번위스키,버번,고기국수,디저트,갈치조림,마라탕,도시락,계란말이,머핀,쿠키,만둣국,짜장면,붕어빵,치아바타,만두,한끼,단맛,학식,메뉴,푸드파이터,카라멜향,호두,위스키향,코트,작업복,베스트,안경,사물함,다리커버,드라이버,마대자루,삐삐,핸드폰,히터,자동차,렌트카,비상구 좌석,기차,브레이크,범퍼,과제,미대,언어,학생,수업,중간고사,시험범위,교수,교과서,학기,검정고시,국어,립밤,꾸꾸꾸,한국화,공포영화,조소,사진,그림,타령,야구,자전거,숙소,체크인,당일치기,나들이,블로그,테디베어,꽃다발,모루인형,마커,인형,낙화놀이,불꽃놀이,미사,꾸미기,주식,공모주,공모,면세,재개발,사태,근로,출장,유치원,치루,안개,EDIYA COFFEE,투썸플레이스,빼빼로,크런키,애슐리,스트로베리 초콜릿 생크림,CU,꿈돌이 호두과자,크리스챤 디올,니베아,공항가는길,인스타그램,한국과학기술대학교,테디,케어베어,메타몽,안나,고라파덕,유진,김진하,꿈돌이,어머니,아버지,언니,아기,멘토,대감,제주특별자치도,녹차밭,카멜리아힐,박물관,카페,빌리지,넥슨컴퓨터박물관,대전,식당,공항,교실,면세점,회관,수원,판교동,밥집,중국,국중박,오르막길,마트,포장마차,학교,두바이,오르막","뷰 끝장나다,인기 있다,잘먹다,별로다,그냥그렇다,그저그렇다,마음에 들다,정교하다,비싸다,웅장하다,웃기다,좋다,아깝다,좋아하다,무섭다,소중하다,아쉽다,시간 없다,어정쩡하다,가기 싫다,힘들다,절망적이다,즐기다,미쳐버리다,어렵다,재미있다,잘 만들다,바쁘다,망하다,먹고 싶다,든든하다,시간 있다,아프다,속상하다,기적적,강하다,이상 없다,알차다,미치다,밝다,손 크다,귀엽다,못하다,넉넉하다,장엄하다,신기하다,야무지다,꾸미다,억지스럽다,깜찍하다,베스트드라이버,향 나다,좋아하는 향,맛있다,단맛,달달하다,맛없다,맛있는 점심"
14209598566,BL000000014209598566,분위기 좋은 신사 술집/동유럽 감성의 펍/프레즈드로이,https://blog.naver.com/henkeaij/224097236621,블로그,네이버블로그,"체리언니의 국내,세계 여행",2025-12-03,긍정,"왓츠인마이블로그,2025블로그챌린지,신사술집,신사데이트,논현술집,논현데이트,신사치킨,신사피자,논현샐러드,논현맥주,신사맛집,논현맛집,신사분위기좋은곳,논현분위기좋은곳,야장술집추천,신사역생맥주,신사생맥주,논현생맥주,체코맥주,체코맥주술집,가로수길술집,가로수길맥주,가로수길분위기좋은곳,신사동펍,신사펍,신사역펍,논현동펍,논현펍,세로수길맥주,가로수길모임하기좋은곳","나뭇잎,매월,마지막주,토요일,여름,평일,저녁,연말,신사,유럽감성,분위기,최상,소개,도보,주차,다음,건물,좌측,매장,부스,라스트오더,무제한,이벤트,네온,기분,종류,느낌,오픈,손님,회식,계절,감상,장소,최고,메뉴판,외국인,설명,대표,날씨,처음,초보자,건강,정석,목넘김,친구,마음,추천,고기,소세지,새우,삼겹살,바베큐소스,버섯,채소,감자,새송이버섯,샐러드,맥주,체코맥주,프리미엄 와인,위스키,양주,칵테일,생맥,생맥주,버번위스키,레몬하이볼,체코생맥주,양식,바베큐,플래터,안주,치킨,피자,메뉴,입맛,일본식,조명,폴딩도어,테이블,야외테라스,윗층,발렛파킹,바퀴,영어,사진,크리스마스트리,게임,마커,모임,연말모임,데이트,자부담,할리스커피,호가든,구스아일랜드,발렌타인,산토리,잡스,로이,스텔라,술집,동유럽,신사가로수길,신사역,체코,본점,특별시,서울특별시,강남구,강남대로,출구,골목,사거리,야장,미국,일본,논현,세로수길,맛집,가로수길,신사동,논현동,감성술집","분위기 좋다,스타일 즐기다,좋아보이다,부담 없다,먹어보고 싶다,푸짐하다,좋다,느낌 편하다,다양하다,즐기다,발렛주차 가능하다,제한 있다,설레다,만끽하다,아쉽다,크리스마스 좋다,답답하다,데이트 좋다,이쁘게 잘하다,잘 사용하다,쌀쌀하다,부들부들,위치 좋다,종류 다양하다,제대로이다,잘되다,마시기 좋다,모임하기 좋다,이쁘다,화려하다,멋들어지다,상큼하다,시원하다,촉촉하다,부드럽다,가볍다,향 좋다,안주 즐기다,달콤하다,맛있다,먹음직스럽다,육즙 살아있다,신선하다,목넘김 부드럽다,목넘김 가볍다,다양한 맛,맛집,조용하다"
14211939708,BL000000014211939708,"[연신내 위스키] 콜키지 주류구매 추천, 구 38위스키! 연신내상회",https://blog.naver.com/8p_xp/224098061264,블로그,네이버블로그,오늘 하루도 진심,2025-12-04,긍정,"연신내,연신내위스키,연신내맛집,연신내와인,연신내주류샵,위스키추천,38위스키,위스키무제한,병입,바틀구매,위스키할인,연신내술집","허브,오늘,지금,예전,종종,여름,데일리,연말,성탄절,실시간,구매,추천,상회,혼술,방문,느낌,덕후,마음,장소,공간,사람,입장,감격,구석,처음,변신,포인트,부담,본인,취향,세계,입문,알못,첫방문,내부,출입,나열,일반인,선물,숲향,바람,친구,기사,최대,소식,인상,제품,한정판,제품판매,선택,전체,라벨,타입,프리미엄,라인,블랙라벨,연사,소장욕구,비주얼,오크,미디엄,가격,모습,공식,분류,원액,네이밍,해외,월드,퀄리티,선물용,꿀팁,옆쪽,진도,발견,디자인,판매,추가,전설,무제한,제한,운영,시스템,싱글,시음,마니아,방식,생각,경험,감성,낭만,매장,마련,분위기,활용,브랜드,종류,다음,비교,재미,입점,주문,상품,확인,검색,알코올,구매완료,몰트,향신료,바닐라,다크초콜릿,위스키,주류,아이스아메리카노,브랜디,소주,블렌디드,블렌딩,과일향,메뉴,자수,스타일,테이블,콜키지,이사,입문자,전통,일러스트,운동,오비,마커,어플,파티,자부담,가격인상,수입,야근,직원,법적,보상심리,패키징,투썸플레이스,재패니스 위스키,히비키 하모니,하쿠슈,야마자키,산토리,데일리샷,연서,쿠로오,연신내,주류샵,연신내역,출구,리쿼샵,특별시,서울특별시,은평구,주류점,연서시장,메인거리,가게,성지,방문지,교토,일본,스코틀랜드,캐나다,원주,맛집,긴자,도쿄,거리","유명하다,사람 많다,인기 좋다,특별하다,부담 없다,좋게하다,선물용 좋다,갖고싶다,구매하다,구매하고싶다,추천 해주다,추천하다,구매하면 좋다,마시기 좋다,빠르다,콜키지 가능하다,산책하기 좋다,유용하다,깔끔해지다,쾌적하다,깔끔하다,부드럽다,묵직하다,청량하다,향 깊다,은은하다,달콤하다,스파이시하다,풍미 있다,맛있다,달달한맛,맛집,위스키 즐기다,고급스럽다,예쁜 디자인,저렴한 가격,가격 즐기다,뿌듯하다,멘붕오다,좋다,쉽다,좋아하다,잘모르다,다양하다,가깝다,눈 띄다,무난하다,후기 많다,제대로이다,즐기다,느낌 편하다,섬세하다,아쉽다,궁금하다,반갑다,취향 맞다,부담스럽다,생기롭다,밝다,친절하다,예쁘다,화사하다,귀엽다"
14215486579,BL000000014215486579,서울3대오뎅바 서울라멘맛집 모에루 문래본점 솔직후기,https://blog.naver.com/nyj687/224099319446,블로그,네이버블로그,나뮤의 일상,2025-12-05,긍정,"문래점심맛집,문래로데오맛집,문래맛집,문래역맛집,서울오뎅바,서울라멘맛집,문래역술집,문래라멘,모에루,모에루문래본점,솔직후기","입안,오늘,겨울,시간,오늘 하루,영업시간,오전,새벽,오후,하루,후기,날씨,일석이조,행복,시작,내부사진,외관,접근성,제격,위치,이유,확인,매장,내부,소개,좌석,친구,연인,방문,왼쪽,간격,벽면,느낌,전체,분위기,감성,포인트,형태,구성,최대,착석,창가자리,사람,구경,동선,편리,기준,공간,단체손님,손님,단체석,안내,모습,인상적,이용,이벤트,큐알코드,포토,리뷰이벤트,시즌메뉴,세트,미니,추가,스틱,나이스,단품,주문,가능,기본,삼각,크리미,행사,슬라이스,도쿠리,음식사진,누적,판매,기록,시그니처,정통,등장,비주얼,순간,개성,조합,세팅,의미,건배,본격적,먹부림,유지,건더기,집게,요청,크기,작업,온도,구멍,사용,효자,총평,마무리,덕분,명성,근처,고민,선택,지도,주차,무료,무료주차,주차권,제공,동영상,접근,풍경,단체,인상,만족,불편,여유,영수증리뷰,리뷰,시즌,수제,처음,일품,환상,완벽,추가주문,껍질,조화,궁합,추천,특별,두부,만두피,어묵,한우,버터,왕새우,새우,계란,치즈,수제햄,크림,생선,오징어,다시마,가다랑어,멸치,갈비,닭껍질,사골,슈가,바질,우엉,마늘,토마토,베리,파인애플,무우,곤약,레몬,복숭아,멜론,스낵,크래커,하이볼,나마죠조,소주,맥주,음료수,생맥,생맥주,토닉워터,콜라,사이다,사케,워터,라멘,오뎅국물,냉모밀,메밀소바,돈까스,유부우동,어묵우동,카레,돈코츠라멘,소보로빵,차슈,야키니쿠,경양식 돈까스,왕돈까스,규동,치킨가라아게,돈까스카레,교자,고로케,가라아게,해물야끼우동,볶음우동,볶음,오코노미야끼,차돌숙주볶음,오뎅튀김,프라이,새우튀김,국물 떡볶이,국물,사라다,타코야끼,모찌리도후,샤베트,꼬치,당고,완자,두부튀김,실곤약,유부주머니,버거,사골육수,육수,닭껍질교자,만두,맥주안주,안주,냉소바,모밀,유부,우동,돈코츠,치킨,해물우동,치즈튀김,튀김,어묵꼬치,생선튀김,메뉴,요리,세트메뉴,일본식,식감,알코올 쓰레기,감칠맛,불향,육즙,별미,음식,겉옷,주머니,입간판,간판,테이블,인테리어,4인 테이블,스펀지,그릇,앞접시,가위,맥주잔,뒷문,화장실,주소,연락처,전화,2호선,진로,서울대학교,사진,야구,로데오,포스팅,포스트잇,마커,데이트,모임,술자리,영업,폭발,직원,고소,토리카,불닭,에비스,아사히,한맥,아사히 생맥주,산토리,참이슬,처음처럼,카스,테라,카스 제로,청하,화요,일품 진로,제로콜라,수이진,산토리 가쿠 하이볼,가모츠루 혼죠조 가라구치,간바레오또상,남부비진 긴죠,아사히맥주,유즈,스바루,신한,네이버 영수증 리뷰,인스타그램,NAVER,도쿠,엑스트라,서울특별시,오뎅바,맛집,본점,문래동,문래역,먹자골목,출구,정문,창가,일본,부산,긴자,우에노,특별시,영등포구,당산로,상가 주차장,당산,주차장","분위기 편안하다,운 좋다,만족하다,후회 없다,푸짐하다,가득차다,강력 추천하다,뜨끈하다,궁금하다,접근성 좋다,좋다,싫다,적당하다,편안하다,다양하다,풍경 보이다,여유롭다,진하다,좋아하다,뚜렷하다,끝장나다,따뜻하다,심심하다,납득하다,즐기다,국물 든든하다,지지하지않다,불편하다,구성 풍성하다,매력 가지다,매력 있다,아기자기하다,감성적이다,넉넉하다,인상적이다,널찍하다,완벽하다,인상 깊다,조화롭다,아기자기,사람 좋다,어울리다,잘 어울리다,꿀조합,환상 궁합,쾌적하다,깔끔하다,두껍다,부드럽다,야들하다,가볍다,맛집,맛 살다,먹음직스럽다,고소하다,감칠맛,쫄깃하다,맛있다,따끈한 국물,식감 인상 깊다"
14219302213,BL000000014219302213,251206,https://blog.naver.com/peg123456/224100585442,블로그,네이버블로그,peg123456님의블로그,2025-12-06,긍정,"왓츠인마이블로그,2025블로그챌린지","발목,주말아침,오랜만,토요일,아침,시간,오후,시작,근처,행복,내돈내산,인증,방문,예약,게스트,알코올,취향,맛도리,스트레이트,근본,스폰,동료,무한,감사,미션,의미,단계,바람,불가능,건조,고민,충전,검증,마지막,선택,비주얼,가래떡,고기,야채,맥주,위스키,버번,피자,페퍼로니피자,루꼴라피자,치킨,추어탕,마녀스프,순두부찌개,두부찌개,끼니,메뉴,피스테,런닝화,쿠션,이불,냉장고,냄비,우리집,화장실,빨래,집안일,이불빨래,설거지,세탁,세탁기,세탁건조기,건조기,이목구비,러닝,달리기,나발,회개,집들이,국회,품귀현상,상가,숙취,글렌피딕,본가,스트레이,뉴발란스,네이버 예약,유튜브,크린토피아,강민경,피자집,특별시,서울특별시,영등포구,영등포동,프랑스,대한민국,본점,구름산,상가동","유명하다,안 유명하다,별로다,친하다,잘모르다,신나다,아프다,부담스럽다,슬픈이야기,해결하다,가족 즐기다,미치다,못하다,호기롭다,존맛집,맛있다"
14219811247,BL000000014219811247,"메이커스마크 셀러에이지드 2024, 과일 그리고 오크",https://blog.naver.com/boglebogl/224100756672,블로그,네이버블로그,먹고 마시고 배우는 삶,2025-12-07,긍정,"메이커스마크,셀러에이지드,버번,위스키,미국,공항,면세점,2024","여름,기간,지금,오크,주니어,재고,선택,기억,전통적,숙성,원액,석회암,추가,방식,온도,과정,구현,일반적,방법,이상,나무,버전,최대,도수,대비,알코올,기본,시리즈,타격감,뉘앙스,마지막,마무리,개인적,느낌,프리미엄,생각,컨디션,브리딩,국내,구성,매니아,방향성,방향,마실,사용,구매,점수,과일맛,과일향,견과류,땅콩맛,뒷맛,과일,체리,버번위스키,버번,위스키,주스,와인,블렌딩,스타일,오크통,창고,아세톤,전통,릴리스,달러,출장,에이즈,석회,탄닌,메이커스 마크,와일드 터키,스카치 위스키,우디,리디,러셀,셀러,미국,LA공항,면세점,공항면세점,켄터키주,지하실","구매하다,비싸다,서늘하다,강하다,풍부하다,엄청나다,기분 좋다,좋아하다,나아지다,기대하다,인정 받지못하다,독특하다,못하다,신기하다,부드럽다,향 없다,맛이 없다,쓴맛 부드럽다,쓴맛 없다,맛 들다,맛 좋아하다,맛 잘하다"
14224650137,BL000000014224650137,2025 공연 총결산 ️❤️,https://blog.naver.com/zangzorim_/224102538242,블로그,네이버블로그,해파리의 방언은 해피,2025-12-08,긍정,,"심장,고래,머리,올해,현실자각타임,당일,내년,하루,시간,담날,상반기,하반기,밤샘,시작,떼창,시즌,기분,기억,엔딩,완성,전투,공지,퇴근길,찌라시,자만추,역사,취소,회차,스케줄,라인,오류,좌석,완료,추가,선점,야수,전진,스탠딩,불참,입장,솔플,여자,본인,신념,번호,연석,최고,공짜,멤버,계단,옆자리,발견,친구,립서비스,실패,시야,레어,포트,계속,왕복,이동,땡볕,연기,연락,길이,사람,공기,불빛,늦잠,대실,구역,잡음,소식,오른쪽,포기,입뺀,마지막,예정,양도,선셋,인덱스,개인적,주변,덕친,계정,고민,마무리,포에버,독주,생활,지역,교환,개인,막창,대구,소맥,맥주,구이,평양냉면,샌드위치,장아찌,안감,소쿠리,서재,밴드,al,교환학생,공부,학생,공연,전국투어,막콘,독주 페스티벌,락페,공연관람,관람,노래,첫콘,피날레,무대,카운트다운 판타지,상하이 여행,펜타포트락페스티벌,페스티벌,맥주축제,지역축제,그민페,모텔,여행,축제,투어,마커,컨페티,티켓팅,성막,결제,카드,회사,폭우,퇴근,월루,중국발,사회생활,사회,독감,청력,도파민,기우제,서버,장마,KT&G,영진국밥,이재모피자,성심당,스타벅스,포에버영,인스타그램,마데워치,떵개,투어스,한로로,한여름,노브레인,우제,데이식스,고종,김승주,올리비아,혁오,오빠,아기,업자,소녀,공연장,여의도동,길바닥,부산,대전,종로,전주,펜타포트,노원,중국,클럽,소극장,극장,상하이,전국","원 없다,개꿀,좋다,차갑다,싱숭생숭하다,즐기다,심심하다,운 없다,기분 나쁘다,어정쩡하다,재미있다,잘하다,외롭다,후회하다,즐겁다,고통스럽다,최애,아쉽다,바쁘다,서비스 받다,야무지다,찌라시,예쁘다,조용하다"
14225574851,BL000000014225574851,전주혼자여행 1일차(11/18),https://blog.naver.com/whiteg0ld_/224102868002,블로그,네이버블로그,_백금의 일상로그,2025-12-08,긍정,"전주여행,전주혼자여행,전주한옥마을,전주한옥마을카페,전주한옥마을맛집,전주혼술","은행나무,은행잎,일차,매년,작년,여름,가을,출근시간,시간,평일,오후,브레이크타임,오랜만,점심,저녁,야밤,매주,올해,사람,소개,마음,이동,프리미엄,고터,즉흥적,계획,변경,후보,선택,선정,이유,리뷰,통창뷰,내부,장점,드립,고민,주문,날씨,야외석,생각,손님,수제,내용,구경,거셀,다음,목적지,목적,출석,완료,길이,힐링,우수,놀이,노란색,대체,추천,하와이안,추억,시그니처,기본,추가,서비스,점저,단풍,산책러,최고,장소,낮술,전체적,만족,준비,일정,마무리,서치,외관,혼술러,혼술,단골,스위트,마지막,양심,제로,서바이벌,화이팅,기념,목표,국밥,버터,새우,칵테일새우,망고,비스코티,커피,드립커피,오미자차,맥주,수제맥주,위스키,콩나물국밥,칼국수,카레,커리,계란후라이,후식,야식,블렌딩,새우만두,꼬치,만두,메뉴,커피종류,레시피,행복지수,백금,처마,이어폰,TV,밴드,고속버스,버스,대학생,사진,노래,tv프로그램,혼자여행,전주여행,혼여,여행,숙소,체크인,1박2일여행,일본여행,덕질,책갈피,드라마,마커,본방사수,블로그,여행기,산책,백수,소화,현대옥,베테랑칼국수,비아 콜롬비아,라프로익,하이트 제로,초코파이 정,스물다섯 스물하나,스틸하트클럽,NAVER,작가,전주,인천광역시,카페,한옥마을,정원,제주특별자치도,한옥카페,맛집,촬영지,언덕,전망대,향교,도서관,카레집,대학교,전주천,비어가든,한옥숙소,전북특별자치도,전주시,완산구,전라감영,전주한옥마을","뷰맛집,구매하다,이상하다,순조롭다,느낌 좋다,깜빡하다,아끼다,좋다,재미 쏠쏠하다,서운하다,좋아하다,전망 있다,힐링하다,엄청나다,빛 보다,행복하다,가깝다,죄송하다,먹고 싶다,궁금하다,최애,호강하다,감사하다,편하다,꾸미다,귀엽다,예쁘다,부족하다,야무지다,전체적 예쁘다,깨끗하다,맛있다,맛집,귀호강"
14231539502,BL000000014231539502,[여행] 24.04 오사카 유니버셜,https://blog.naver.com/oo2ooo/224104819433,블로그,네이버블로그,일상기록,2025-12-10,긍정,"왓츠인마이블로그,2025블로그챌린지","칠면조,다리,얼굴,오리,다음날,아침,저녁,유니버셜,상태,기억,날씨,구경,계속,이슈,노숙자,사람,모자이크,이유,눈팅,전개,처음,웨이팅,종류,음식,거봉,유자하이볼,하이볼,토마토하이볼,피자,오코노미야끼,길거리음식,티셔츠,화장실,버스,공연,사진,스토리,여행,코스프레,칼날,피규어,마커,카드,오픈런,기절,다래끼,소화,버터맥주,스우시,미니언즈,귀멸의 칼날,마리오,시노부,오사카,유니버셜 스튜디오,일본,세트장,싱가포르,음식점,술집","비치 이쁘다,분위기 좋다,사람 많다,별로다,가격 비싸다,피곤하다,재미있다,좋다,잘 사다,정신 없다,웃기다,아프다,최애,제대로되다,알차다,밝다,부지런하다,이쁘다,아기자기,내 스타일,야무지다,맛있다"
14236704593,BL000000014236704593,"양산 범어 신상술집, 온후주",https://blog.naver.com/cok-kiri/224106849440,블로그,네이버블로그,X소로그X,2025-12-12,긍정,"왓츠인마이블로그,2025블로그챌린지,양산신상술집,양산범어술집,물금술집,물금데이트,범어핫플,양산범어신상술집,양산범어위스키,양산범신술집,양산범어택지술집,양산술집추천,양산신상핫플,물금위스키바,양산맛집,범어술집추천","얼굴,강아지,매년,연말,올해,영업시간,휴무일,새벽,예전,성탄절,겨울밤,오늘,양산,신상,친구,일정,분위기,화합,위치,라스트오더,정기휴무일,오픈,입구,감성,공간,느낌,혼술,커버,가능,매장,마련,소품,연말 분위기,동반,종류,알못,안내,방문,포인트,라이트,생각,센스,일반,설명,주문,핸드메이드,특유,도수,아이스,알코올,운전자,운전,술찌,사람,서비스,조합,사이드,영수증,기계,추억,감각,덕분,내부,라인업,잘알,사진,마커,반려동물,모임,데이트,연말모임,영업,식감,카라멜향,무알콜,메뉴,옥수수,파스타면,대게,해물,새우,모짜렐라치즈,후추,매실액,토마토,애호박,양파,바닐라,매실,방울토마토,과자,하이볼,칵테일,위스키,맥주,소주,생수,기본안주,국물,파스타,한식,외투,루비,프레임,조명,옷걸이,스크린,사장,술집,경상남도,양산시,물금읍,바다,하이볼바","맘에 쏙 들다,부담 없다,투박하다,파티 즐기다,아쉽다,휴무일 없다,기분 좋다,좋다,다양하다,친절하게 안내하다,걱정하지않다,좋아하다,눅눅하다,가깝다,즐기다,제대로이다,편안하다,편하다,귀엽다,엄마미소,미소짓다,사장 친절하다,센스쟁이,상큼하다,감각적이다,직원 친절하다,안맞다,잘 어울리다,어울리다,구성 좋다,가볍다,탱글하다,향 음미하다,물 맛있다,맛있다,쫄깃하다,맵다,매콤하다,달달하다"
14237535892,BL000000014237535892,"이태원 이진칸의 제철 대방어(이태원맛집, 이태원술집, 이태원이자카야)",https://blog.naver.com/mistyfriday/224107166114,블로그,네이버블로그,여행작가 김성주,2025-12-12,긍정,"이진칸,이태원맛집,이태원술집,이태원가볼만한곳,이태원분위기맛집,이태원이자카야,이태원데이트코스","신경,꽃나무,뱃살,이빨,겨울,금요일,매일,오픈시간,오후,여름,크리스마스 시즌,원데이,겨울시즌,저녁,방어철,제철,방어,생각,지인,공기,바람,라스트오더,접근성,주변,건물,노을,출신,자랑,회식,제격,규모,특유,분위기,표현,장식,공간,연인,메뉴추천,일품,사이드,방문,메뉴판,계획,품절,사용,주문,일행,단골집,고급,뿌리,제공,재료,덕분,계속,순간,환호성,이유,부위,구성,기름,차이,재미,방식,처음,반주,사진,데이트코스,마커,SNS,원가,퇴근,음식,셰프,식사,메뉴,사이드 메뉴,불향,대방어,제철 해산물,해산물,제철회,사시미,생선회,대방어회,방어회,문어,소금,와사비,유즈코쇼,트러플,오이,마늘,주류,하이볼,제철음식,튀김,고등어봉초밥,타코와사비,일식,트러플파스타,안주,번들,페어링,테이블,접시,젓가락,봉초밥,이태원,맛집,술집,이자카야,특별시,서울특별시,용산구,일본,이태원역,출구,모임장소,창가,동네,횟집","뷰 좋다,흔하지않다,좋게하다,좋아보이다,마음에 들다,만족도 높다,만족 높다,장식 멋지다,두툼하다,지나치다,매섭다,접근성 좋다,좋다,천장 멋지다,데이트 좋다,아쉽다,후기 좋다,많은 기대,기대하다,종류 다양하다,황송하다,다양한 볼거리,다양하다,먹고 싶다,기름지다,편하다,상태 좋다,입안 깔끔하다,멋있다,꾸미다,아늑하다,못하다,정성스럽다,반하다,잘 어울리다,번들번들하다,사르르 녹다,향 알싸하다,맛집,신선하다,맛있다,맵다,맛이 없다,식감 있다,아삭한 식감,맛 잘어울리다"
14239227426,BL000000014239227426,영종도 병원 소개,https://blog.naver.com/jk_captain/224107799583,블로그,네이버블로그,JK,2025-12-12,긍정,,"주말,소개,과음,메이커,웨이팅,추천,모래,공유,라인업,사람,마커,오픈런,대학병원급,해장,교동,곰치국,조개구이,프로펠러,교동짬뽕,양평해장국,밀본,마커스,영종도,병원,광역시,인천광역시,중구,영종,삼척,대학병원","가고 싶다,아프다,맛있다"
14241617696,BL000000014241617696,[수원] 인계동 단체술집 제일회관 다녀온 후기,https://blog.naver.com/openthelife/224108662533,블로그,네이버블로그,OPEN하다,2025-12-13,긍정,"수원인계동단체술집,수원인계동,수원인계동맛집,수원인계동술집,수원인계동주점,인계동술집,인계동단체모임,인계동단체술집,인계동제일회관,제일회관,인계동안주맛집,인계동데이트코스","휴일,영업시간,새벽,성탄절,단체,후기,인계,직영,장소,도보,위치,운영,여성,손님,이용,일반적,시즌,장식,포토,단체석,보유,예약가능,진행,공간,장점,haccp인증,HACCP,재료,사용,공개,연구,이벤트,영수증리뷰,리뷰이벤트,행사,고급,판매,기본,세팅,컨셉,인상적,알코올,재미,탄산감,탄산,유지,사람,분위기,생각,제공,기름,극강,시그니처,밸런스,부위,음식 퀄리티,접근성,가능,트렌디,기억,추천,리뷰,공감,댓글,환영,음악,경기,종강파티,단체 모임,모임,수원시청,요리사,요리,음식,자몽맛,메뉴,식사,한우,돼지고기,특제소스,초고추장,고추장,참기름,마늘,하이볼,주류,버번위스키,양주,자몽하이볼,한식,안주,기본안주,한우육회,육회,고추장 불고기,떡꼬치,탄단지,인테리어,연탄,콜키지,제일회관,홈플러스,연탄 고추장 불고기,시장,수원,인계동,술집,한식주점,직영점,경기도,수원시,팔달구,권광로,수원시청역,출구,맛집,포토존,원산지,주점,서울특별시","모던하다,깔끔한 인테리어,아늑한 분위기,분위기 있다,특별하다,투명하다,질 좋다,종류 많다,인증 받다,믿고 먹다,저렴하다,즐기다,다양하다,시간 있다,즐겁다,질리다,궁금하다,기분 좋다,좋다,접근성 좋다,특별한 사람,감사하다,품질 좋다,퀄리티 좋다,서비스 즐겁다,꾸미다,귀엽다,인상적이다,못하다,세련되다,친절하다,가볍다,부드럽다,사르르 녹다,맛집,신선하다,씁쓸한 맛,맛있다,달콤하다,고소하다,잘튀기다"
14242249986,BL000000014242249986,그동안 밀린..,https://blog.naver.com/chungeun02/224108890075,블로그,네이버블로그,근황,2025-12-14,긍정,,"가고일,얼굴,직장,무릎,엉덩이,치타,데일리,오랜만,예전,시간,오늘,주말,다음날,옛날,아침,새벽,올해,전투,주기,주문,재확인,확인,쇼핑,커플,혼자,동기,대화,사랑,독립,가족,생활,사람,벼락,조합,시작,불가,내용,토론,서비스,연장,혼밥,모습,라이프,체력,보충,일상,표정,반복재생,장면,상태,스토어,행사,잘못,외출,휴무,리필,참고,아저씨,불청객,벌칙,이벤트,준비,남자,포즈,이름,급행,동시,정주행,에어링,고장,지각,출근길,해산,고민,사이즈,처음,가격,이슈,사무라이,현생,국밥,우유,샤인머스켓,감자,타로,라면땅,커피,맥주,와인,말차,안주,파스타,짜장면,김치찌개,삼각김밥,피자,케이크,붕어빵,반찬,가츠동,야끼소바,치킨,초밥,종합비타민,밀크씨슬,슈붕파,재킷,데님자켓,레더점퍼,레더,원단,웨스턴부츠,우산,안경,전투복,옷장,박스,그릇,온더락잔,우리집,전화,심부름,포장,버스,복학,등교,복학생,일본어,교수,안경사,수업,셀프미용,영화,사진,주심,축구,휴가,일본여행,먹방,술게임,바카라,마커,뽑기,피규어,생일파티,모임,만남,술파티,소개팅,군대,전역,저격수,대량구매,면세,성희롱,급발진,야쿠자,사망,직원,후임,알바,출근,퇴근,눈건강,한화,스타벅스,파타고니아,리바이스,귀멸의 칼날,체인소 맨,CGV,4DX,코코,나히아,인스타그램,인생네컷,홍대,이원재,진혁,카오루,아론,건우,김영대,정우,나현,나현우,루이스,작가,동생,아기,피씨방,생활관,송도,인천광역시,일본,카페,캠퍼스,편의점,사무실,학교,영화관,용산,서순라길,서울특별시,학교앞,개천,술집,덴버,천안시,연남동,가챠샵,뽑기방","사람 많다,잘먹다,구매하다,가고 싶다,사고싶다,추천 해주다,제대로하다,갑작스럽다,응원하다,성희롱,부끄럽다,안좋다,적당하다,재미있다,싫다,좋아하다,감사하다,대단하다,제대로되다,바쁘다,편하다,못하다,미친놈,귀엽다,화목하다,시원하다,맛있다,매콤하다"
14243584851,BL000000014243584851,[서울 길동]강동구 위스키/하루 마무리로 편안한 위로가 필요할 때<위로스키>/길동술집,https://blog.naver.com/brightly_16/224109362349,블로그,네이버블로그,"하이호의 여행,일상 그리고 이야기",2025-12-14,긍정,"길동술집,길동역술집,천호술집,길동역하이볼,천호하이볼,길동위스키,천호바,길동역바,길동분위기좋은술집,천호분위기좋은술집,길동역위스키,천호역위스키,버번위스키,생맥주,브리치즈구이,치즈곶감말이,에그인헬","강아지,하루,종종,영업시간,매일,저녁,새벽,오늘,준비시간,시간,연말,마무리,위로,분위기,생각,위치,안내,촛불,감성,느낌,메뉴판,멘트,일상,페이지,주문,선택,거품,마크,정보,입구,방식,수제,작업,시그니처,장식,모양,설명,기대,준비,정성,양도,어른,힐링,퇴근길,마음,방문,연말 분위기,소규모,혼수,후기,친절,정신,피곤,고생,기본,행운,매력,기분,전환,규모,마커,불멍,성수,모금,퇴근,술병,메뉴,푸드,바닐라향,캬라멜향,견과류,옥수수,견과,소라,치즈,다진마늘,블루베리,산딸기,로즈마리,과일,바닐라,과자,비스킷,위스키,생맥,생맥주,맥주,버번위스키,위스키하이볼,맥주하이볼,버번,브리치즈구이,기본안주,안주,구이,조명,테이블,양초,정리,메이커스 마크,사장,5호선,지하철,서울특별시,길동,강동구,술집,특별시,길동역,출구,청담,지하철역,위스키바,하이볼바,맥주집,천호동","마시고 싶다,가고 싶다,추천하다,강추,흘러내리다,편하다,알맞다,회식 좋다,은은하다,청량하다,향 나다,향긋하다,향 내다,달콤하다,맛있다,조용하다,분위기 좋다,고급스럽다,장식 독특하다,영롱하다,마크 좋다,편안하다,바쁘다,고단하다,여유롭다,즐기다,가깝다,느낌 좋다,반갑다,마음이 편하다,뭉클하다,정신 없다,피곤하다,따뜻하다,고생 많다,행운 있다,기분 전환되다,간단하다,정성 가득하다,좋다,역하다,마음 가다,밝다,친절하다,예쁘다,매력적이다,매력 적다"
14244293990,BL000000014244293990,2025년 8월,https://blog.naver.com/ujin_iii/224109621648,블로그,네이버블로그,._.,2025-12-14,긍정,"왓츠인마이블로그,2025블로그챌린지,일상","멧돼지,돼지,얼굴,모기,강아지,남천,오늘,엊그제,하루,오랜만,예전,최고,고기냄새,아저씨,사람,나이,분위기,계속,점령,추천,방문,최대,보람,숯불,광역,친구,청결,목적,하품,투명,중간,하늘,감성,프리미엄,명품,매장,행사,기본,이름,버블,촉감,놀이,만족,생각,짜증,위험,양산,필수,운영,대화,내용,바탕,팩트폭력,수집,기분,발견,참고,잡음,응징,단점,패스,햇빛,소품,도착,타이밍,구도,웨이팅,실패,마감,똥손,조합,설명,마무리,입구,내부,포인트,웰컴,와일드,추가,낭만,젊음,귀가,종류,검색,당황,국밥,바게트,순두부,두부,명란,갈비,아이스크림,버터,에그,고기,목살,크림,치즈,살라미,하몽,스프레드,설탕,감자,딸기,여주,체리,복숭아,자두,열무,젤리,초코,커피,웰컴주,칵테일,숯불갈비,샤브샤브,치킨,묵사발,커리,샤브,동치미냉면,냉면,반찬,버터향,음식,해동,착장,액자,베개,커튼,테이블,초인종,전등,코스터,행주,픽업,이사,카메라,선풍기,요트,택시,사진,프로필사진,운동,경기,수영,마커,드라이브,폭죽,장로,주가,중독,살인,열일,피임,안개,목촌돼지국밥,하리보,에그드랍,찌개두부,다이소,대교,금강,영풍,브래드 피트,스누피,정세연,개그맨,어머니,사장,부부,오빠,아버지,온천,광역시,부산광역시,부산동래구,부산,국밥집,우리 동네,일본,동네,대학로,대학교,맛집,아울렛,경기도,안반데기,음식점,뭄바이,인도,문고,백화점,말라가,카페,부산 수영구,바다,금련산,창가,스튜디오,광안리,해변,제주특별자치도,위층,튀르키예","유명하다,별로다,좋게하다,괜찮다,따봉,가깝다,손님 많다,최애,좋다,흐리다,엄마 좋아하다,좋아하다,어이없다,직원 힘들어보이다,힘들다,시간 있다,귀찮다,재미있다,싫다,그립다,징그럽다,망하다,느리다,빠르다,귀엽다,멋있다,섹시하다,잘생기다,맑다,못생기다,예쁘다,감성적이다,곱다,못하다,냄새나다,맛있다,맛 괜찮다,맛집,맛있지못하다"
14246291142,BL000000014246291142,허언증 다이어트 3주차,https://blog.naver.com/h_fleur/224110396376,블로그,네이버블로그,하이썬의 날마다 좋은날,2025-12-15,부정,"왓츠인마이블로그,2025블로그챌린지,하체,남영요이땅,원동미나리삼겹살,남영역삼겹살맛집,스타벅스,딸기,키스는괜히해서,집순이,노량진수산시장,방어,백옥미식성양꼬치마라탕전문점,허언증다이어터,다이어트,카무트효소,운동,러닝,잇쇼우,호떡","하체,다리,엉덩이,원숭이,뒷벅지,강아지,월요일,요일,주말,아침,이번주,일요일,저녁,점심,오후,오랜만,내일,하루,화요일,어제,겨울,지금,수요일,오늘,점심시간,다음주,시간,목요일,일주일,금요일,토요일,저녁시간,다이어트,시작,몸무게,사과,조합,입가심,구매,무게,고통,예감,자세,기초,점프,사람,소리,마무리,동일,느낌,다음,도전,마초,회식,마실,블루,걸신,계속,도착,해결,도움,마음,일반,최대,프리퀀시,득템,생각,연기,집중,사무용,환승,활용법,방문,세트,장난,향기,짜증,여자,존재,기대심리,단백질,부케,결과물,시스템,예약,초보,친구,선물,기대,방어,추천,금지,점박이,약속,주인,대기,추가,마지막,키스,폭주,스팸,인증,누들,두부면,연두부,두부,국수,치즈,새우,갈비,생갈비,고기,아이스크림,요거트,양꼬치,백골뱅이,골뱅이,차돌박이,샐러드,양배추,딸기,바나나,숙주,바질,토마토,오이,미나리,야채,간식,초콜릿,다크초콜릿,과자,모닝커피,디카페인,아이스아메리카노,음료수,생맥,생맥주,맥주,도시락,스팸볶음밥,계란후라이,후식,휘낭시에,나시고랭,볶음밥,물냉면,냉면,된장술밥,묵은지참치김밥,김밥,베이글칩,호떡,우동,돈까스,반계탕,튀김,모듬튀김,홍합탕,미나리삼겹살,냉삼,라면,떡볶이,양배추계란볶음,달걀볶음밥,계란볶음,효소,신메뉴,메뉴,단맛,입맛,점심메뉴,카페인,고구마맛,음식,숙취해소,아침식사,식욕,환복,소주잔,우리집,공구,배달,전화,가습기,숙취해소제,택시,드리프트,정시,수업,선생님,핸드크림,칫솔,타령,데드 리프트,운동,복근운동,인터벌,신혼여행,레그컬,이너타이,덤벨,유산소,인클라인,웹툰,드라마,마커,회사,인사팀,허언증,임산부,장님,기절,갈변,본관,통크,일리 카페,이동갈비,컵누들,스타벅스,트레이더조,불닭볶음면,환승연애4,키스는 괜히 해서!,SBS드라마,대림,운동가,스티브,쇼우,한강,장기용,안은진,사장,우리막내,막내,부장,선릉,특별시,서울특별시,강남구,선릉로,카페,사무실,동작구,노량진동,미국,마트,마라탕 전문점,전문점,강서구,강서로,맛집,음식점,포차,진주,원동,용산구,대자연","유명하다,인기 있다,별로다,잘먹다,괜찮다,그냥그렇다,잘 쓰다,득템하다,믿고 보다,구매하다,가격 미치다,추천 받다,살 빠지다,빠르다,배송 빠르다,귀찮다,재미 쏠쏠하다,힘 빠지다,만만하지않다,그만 하고싶다,힘들다,좋다,최애,머리 아프다,설레다,감사하다,아프다,쉽지않다,기분 좋다,잘 나오다,빠져들다,가기 싫다,스트레스 받다,이상하다,따뜻하다,재미있다,연기 잘하다,잘하다,무섭다,화나다,열받다,외롭다,고맙다,망하다,흡입하다,발전하다,허언증,기괴하다,만만하다,사람 좋다,통통하다,나약하다,불쌍하다,예쁘다,미치다,야무지다,귀엽다,맛있다,단맛,맛집,맛이 없다,맵다,소리 거슬리다"
14247233685,BL000000014247233685,분위기 좋은 양산 범어 신상 술집 내돈내산 후기 '온후주',https://blog.naver.com/xuxinxo/224110779916,블로그,네이버블로그,한량을 꿈꾸는 프로맛집러,2025-12-15,긍정,"왓츠인마이블로그,2025블로그챌린지,양산물금술집추천,양산범어택지술집,양산생일파티,양산단체회식,양산연말모임,양산연말회식,양산크리스마스,양산가볼만한곳,양산데이트맛집,양산범어맛집,서이추,서로이웃,서이추환영,블린이,소통,답방,일상,양산안주맛집,양산2차맛집,양산오슬로파크,양산맛집내돈내산,양산술집핫플,양산술집거리,양산온후주","시츄,매일,성탄절,연말,양산,신상,내돈내산,후기,친구,솔직리뷰,화합,위치,근처,라스트오더,갓길,예약,단체,이용,가능,동반,사랑,갬성,혼술,환영,알코올,연인,분위기,추천,마스코트,주종,대패,사이드,참고,생각,주문,만족,맵찔이,재료,JMTGR,여자,아묻따,알못,취향,걱정,조합,목넘김,포인트,라이트,업데이트,마무리,입가심,무료,옥수수,몰트,해물,새우,모짜렐라치즈,후추,매실액,감자,숙주,샐러드,토마토,청경채,호박,매실,방울토마토,과자,초콜릿,카라멜,사탕,소주,맥주,생맥,생맥주,하이볼,위스키,오키나와 생맥주,칵테일,버번위스키,오렌지향,안주,전골,조개탕,나베,어묵탕,피자,감자채전,수제비,감자튀김,모찌리도후,쌀국수,샤베트,파스타,소주안주,잡채,무알콜,알코올 쓰레기,바닐라향,루비,화장실,와이파이,스크린,촬영,사진,주심,마커,반려동물,단체 모임,소개팅,카드,폭발,유치원,알코올 도수,금별맥주,인스타그램,블로거,사장,술집,고등학교,경상남도,양산시,물금읍,경남,도시,신도시,주차장,공영주차장,가게,울산광역시,LP바,원산지,바다,미국,맛집","분위기 좋다,색 예쁘다,별로다,종류 많다,술 좋아하다,좋은 추억,좋게 보다,가격 좋다,푸짐하다,강력 추천드리다,좋다,다양하다,즐기다,사장님 잘 하다,잘 설명하다,조명 좋다,서비스 내주다,귀엽다,예쁘다,좋은 사람,친절하다,어우러지다,매콤하다,맵다,맛있다,JMTGR,목넘김 부드럽다,달달하다,새콤하다,맛집"
14247263309,BL000000014247263309,스물다섯,https://blog.naver.com/ubin_p/224110794751,블로그,네이버블로그,How was ur day,2025-12-15,긍정,,"오랜만,겨울,시간,지난해,장기간,엊그제,오늘,결혼식날,여름,다음날,담날,지금,매일,저녁,마무리,나이,표현,선택,소원,목소리,반대,인연,기존,재결합,결합,친구,순간,소꿉친구,생각,개인,후기,릴스,아가씨,추억,나무,동기,세월,행복,상태,연애,방황,시즌,시기,일기,빅이벤트,기록,기준,망원,남자,여자,지하,결혼식,가족,사람,도망,혼자,작업,인생,음주가무,극락,라이브,녹화,실행,좌측,사이드,일정,화장,컨디션,처음,경험,취향,팝업,뿌리,예매,동성,먹이,이별,아줌마,최고,빈티지,대박,실내,상관,매력,의미,미니,국수,양꼬치,막창,올갱이,아이스크림,쭈꾸미,땅콩버터,쑥갓,블루베리,멜론,맥주,소주,칵테일,커피,소맥,급식,파스타,김밥,프라이,버거,라멘,치킨,평양냉면,콩국수,육회,육회비빔밥,낙지볶음,볶음,도토리묵,손맛,구두,장화,가방,구제옷,하우스,창고,필름,따릉이,전학,초딩,개인전,콘서트,라이브공연,공연,음악,특집,드로잉,그림,사진,뮤직,프로필사진,영화,전자음악,월드컵,축구,페스티벌,아시안 팝 페스티벌,앨범,일기장,마커,데이트,연말정산,원가,사건,친일,동창,도파민,하이디라오,청기와감자탕,경성양꼬치,우래옥,본가,오레노라멘,진격의 거인,인스타그램,파라다이스시티,EXO,한강,강다영,제이크,영조,콜드플레이,백현진,우현,중1,오빠,부모,어머니,아버지,선배,조교,언니,주연,모델,사촌동생,형제,음악실,초등학교,춘천시,특별시,서울특별시,은평구,용산구,중구,명동,강원특별자치도,이태원,중앙시장,중앙로,서대문구,녹사평대로,서부,본점,아이파크몰,용산,연희동,연희로,합정,마포구,월드컵로,술집,카페,을지로,창경궁로,코인노래방,양구,고등학교,언덕,가게,맛집,동네,맥주집,공연장,아시아,광역시,인천광역시,영종,해안남로","이름 모르다,살기 좋다,술 좋아하다,돈 벌다,저렴하다,갖고싶다,사고싶다,잊지 못하다,좋아하다,좋다,아쉽다,먹고 싶다,야속하다,고맙다,안좋다,반대하다,그만 하고싶다,슬프다,재미있다,적당하다,잘못되다,한강 좋다,힘들다,여유 가지다,잃어버리다,눈물 흘리다,미안하다,대단하다,죄송하다,어이없다,이상하다,부담스럽다,친구 좋다,그립다,즐겁다,흐리다,다양하다,사진 찍기 좋다,선선하다,자연스럽다,신기하다,좋은 사람,귀엽다,피부 좋다,못하다,미치다,예쁘다,젊다,잘생기다,잘 어울리다,뜨겁다,맛있다,손맛,맛집,목소리 좋다"
14259264457,BL000000014259264457,490-2. 하루의 끝 위스키,https://lacasademarisol.tistory.com/1010,블로그,TISTORY,Noooo Title,2025-12-19,중립,,"황금,파리,데니카,세이지,하루,겨울,여름,오늘,고대,예전,지금,초창기,초기,현재,가을,24절기,할로윈데이,빼빼로데이,올해,매년,아침,이전,친구,마스터,채널,판매,스틸러,기념,출시,유러피언,오크,숙성,표기,용량,소속,사용,건조,방식,추가,오리지널,흡수,기존,리뉴얼,열정,의미,스피릿,패드,이름,디자인,적용,재배,원액,필터,내추럴,컬러,잠정,블랜딩,설립,배치,제품,타이틀,부자,모습,라인업,세대,가족,경영,운영,처음,임대,소유,스트렝스,한정판,클라스,재사용,공수,비교,가동,제조,노하우,컨설팅,자문,론칭,미디어,라이브,도수,브랜드,재미,추파,본격적,최초,리터,시장용,포트,우드,마무리,의기투합,시작,브라운,유기농,로컬,재료,스틸,지역,사이드,중앙,위치,생성,더블,모양,사이즈,어른,표현,나라,영감,제작,로얄,대관식,애칭,주관,행사,발사,파란색,빨간색,초록색,색상,상징,배럴,미표기,일반적,마실,올드,시음,중고,장비,중국식,클래식,셀렉션,웅덩이,과정,향기,정의,최소,이상,흰색,스트레이트,취임,블랑,싱글,발아,골드,에디션,동일,소개,구성,성분,리스트,주원료,비율,개념,유지,수치,프로세스,핸드메이드,마크,생산방식,함량,최대,내부,조건,충족,첨가물,첨가,생산자,독립,사람,대규모,규모,공급,신사,형상화,리미티드 에디션,시리즈,한정수량,특징,판단,제품생산,퓨어,출발,회귀,생각,방문,몰트,보리,사탕수수,호밀,옥수수,곡물,맥아,베리류,베리,위스키,꼬냑,모주,버번,포트와인,넥타,와인,음료수,싱글몰트,맥주,버번위스키,위스키 칵테일,사제락,하이볼,블렌딩,블렌디드,발효,직화,버번캐스크,테이스팅,핀란드산,풍미,루비,왕관,에메랄드,사파이어,패션,보틀,오크통,유리병,업체,소독약,휘발유,연수,al,핀란드어,강의,향수,린스,버퍼,프렌치,조각,특집,평론,클래식음악,에필로그,피니시,투어,일본여행,당일치기,장난감,룰렛,샤워,마커,겨울스키,퍼피,대포,대통령,면세,무역,회사,생산중단,생산,수입,내수시장,페이,창업,창립자,창립,석탄,캐드,고용,사의,근무,캐스,이탄,게일어,스프링,포티,콜린,알코올 도수,입자,기후,요이치,머레이,더 글렌리벳,페르노리카,LVMH그룹,lvmh,올로로소,따옴,셰리와인,아벨라워,스카치 위스키,발렌타인,페이머스 그라우스,맥켈란,산토리,글렌피딕,조니 워커,디아지오,빼빼로,잭다니엘,짐빔,스카치,메이커스 마크,야마자키,재패니스 위스키,보르도와인,하쿠슈,스트레이,라스,아일라,타임스,트레이스,템테이션,영국 왕실,미국의회,앨런,산타,페드로,리바이,제임스,그랜트,스미스,엘리자베스 2세,윌리엄,포맨,링컨,제이콥,토리,미국인,설립자,시장,할아버지,형제,평론가,여왕,국왕,아기,농부,운영자,리더,증류소,면세점,포르투갈,거창,독일,대만,스페인,인도,스코틀랜드,글래스고,핀란드,헬싱키,북유럽,유럽,덴마크,스웨덴,양조장,애버딘,식료품점,가게,일본시장,마트,방앗간,분지,골짜기,아일라섬,미국,켄터키,홋카이도,바다,미야기,교토","유명하다,잇 아이템,특별하다,인기 누리다,인기 있다,좋은 점수,유명해지다,합리적 가격,구매하다,영감 받다,강하다,따뜻하다,풍부하다,스모키하다,좋아하다,유사하다,비중 높다,다양하다,효과적이다,특이하다,일정하다,반하다,애호가 인기있다,건조하다,가볍다,냄새 좋다,스파이시하다,맛 더하다,숙성 다르다"
14269546005,BL000000014269546005,역삼역 회식 추천 맛집 올해 송년회는 왕갈비 “청기와타운”,https://blog.naver.com/byeon_46/224118905428,블로그,네이버블로그,두렵지 않은 퓨잉,2025-12-22,긍정,"청기와타운,청기와타운역삼,청기와타운강남,청기와타운추천메뉴,청기와타운회식,청기와타운와인,청기와타운위스키,청기와타운술,역삼점심,역삼점심맛집,역삼직장인점심,역삼직장인점심메뉴,역삼역맛집,역삼역점심맛집,역삼역점심회식,역삼역회식,역삼역회식장소,역삼역모임장소,역삼모임장소,역삼모임맛집,역삼모임공간,역삼모임장소추천,역삼회식장소,역삼회식,역삼회식룸,역삼회식추천,역삼갈비,역삼갈비예약,역삼고기집,역삼역고기집","직장,돼지,올해,옛날,연말,기념일,운영시간,매일,브레이크타임,점심,시간,오후,오늘,회식,추천,대표,사람,느낌,기념,남녀노소,연령,위치,대표전화,예약,단체,주차,센터,시강,진행,매장,내부,고급,배치,단체손님,이벤트,착석,방문,일정,손님,메뉴판,사이드,추가주문,선택,구성,구색,조합,이유,인상적,크기,자부심,포스,선홍빛,부위,굽기,허용,낮술,인정,등장,제공,전체적,기름,장점,하이라이트,마지막,마무리,최적화,호불호,외국인,주종,취향,실패,퀄리티,타임,추가,주문,기본구성,기본,인상,공기,중요,전체,행복,외국,특별,옥수수콘,공깃밥,두부,옥수수,왕갈비,한우,갈비,고기,해산물,갈빗대,양념,간장,페스토,와사비,참기름,마늘양념,마늘,샐러드,돼지감자,깻잎,감자,와인,위스키,생맥,생맥주,맥주,하이볼,타코,반찬,순두부찌개,두부찌개,비빔냉면,기본찬,한식,양념게장,백김치,김치,무생채,동치미,장아찌,순찌,식사류,냉면,마늘갈비,게장,생채,점심메뉴,메뉴,고기질,고기맛,플레이팅,음식,식사,테이블,그릇,2호선,브레이크,주심,도자기,마커,송년회,모임,회식모임,파이낸스,카드,법카,회사,직장인,직원,발린,청기와타운,BBQ,타코벨,드루,한국인,남편,막내,역삼역,맛집,갈빗집,모임장소,역삼,서울특별시,강남구,논현로,출구,강남,오르막길,가게,위층,선릉,고깃집,특별시,오르막,타운,논현","고급진 느낌,종류 많다,잘먹다,정갈하다,추천하다,강추,궁금하다,즐기다,감사하다,좋다,다양하다,손님 많다,힘들다,귀중하다,좋아하다,무난하다,중요하다,제대로이다,아깝다,행복하다,잘하다,자부심 느낌,큰 장점,실패하다,알차다,고고하다,인상적이다,이쁘다,차분하다,예쁘다,잘 어울리다,어울리다,최적이다,텁텁하다,산뜻하다,과하지 않다,맛집,맛있다,아삭하다,먹음직스럽다,진한 맛,맛 더하다,얼큰하다,달달하다,매콤하다,새콤하다,깔끔한맛"
14278381000,BL000000014278381000,[내돈내산] 영등포 맛집 추천 청기와타운 | 크리스마스식당 추천,https://blog.naver.com/heesu0130/224119998700,블로그,네이버블로그,내 인생은 히뚜루마뚜루 흘러가,2025-12-25,긍정,"영등포,영등포역,맛집,고기,소고기,돼지고기,양념,양념갈비,저녁,점심,크리스마스,와인,양주,분위기,좋은,한식,바베큐,서이추,환영","성탄절,저녁,주말점심,평일,점심,오늘,기념일,연말,내돈내산,추천,방문,외관,느낌,외국인,런치세트,광고,메뉴판,블루리본,내부,덕분,고기냄새,걱정,기념,분위기,주종,입구,준비,손님,고민,시그니처,주문,설명,마블링,공기,압도적,압도,가격,뿌리,연인,가족,마커,직원,메뉴,마늘향,왕갈비,고기,양념갈비,마늘,와인하이볼,위스키하이볼,소주,맥주,하이볼,와인,반찬,국물,토장찌개,된장찌개,후식,무생채볶음밥,무볶음,무생채,패딩,가방,옷장,의자,인테리어,청기와타운,산토리 가쿠 하이볼,산토리,수원왕갈비,한국인,영어,영등포구,맛집,식당,본점,특별시,서울특별시,영중로,영등포역,대한민국","유명하다,사람 많다,인기 있다,만족하다,종류 많다,좋아보이다,먹어보고 싶다,추천하다,좋은 위치 있다,손님 많다,좋다,다양하다,즐기다,잘 나오다,고기 좋다,아쉽다,먹고 싶다,진하다,후회하다,안좋아하다,어린이 좋아하다,편하다,불편하다,잘되다,꾸미다,구성 좋다,깔끔하다,두껍다,걸쭉하다,고기 퍽퍽하다,냄새 걱정없다,냄새 배다,향 나다,맛집,맛있다,잘익히다,달달하다"
14282716987,BL000000014282716987,[대구 동구] 동대구역 2차로 가기 좋은 이자카야 : 킨조,https://blog.naver.com/sm99112/224123846824,블로그,네이버블로그,모닝의 맛있는 일상,2025-12-26,긍정,,"수목,저녁,신정,명절,당일,지금,모닝,내부,분위기,라스트오더,휴무,환기,신청곡,신청,커플,주문,큐알코드,큐알,종류,가격대,양도,처음,방문,영수증리뷰,알람,추가,판매,설명,메모지,마커,데이트,메뉴,소금간,옥수수,대구,아이스크림,새우,양념,감자,맥주,주류,생맥,하이볼,안주,가지튀김,사라다,감자샐러드,타코야끼,리소스,화학약품,창문,스쿱,기린 생맥주,메이커스 마크,알새우칩,유즈,동구,동대구역,이자카야,골목,술집,광역시,대구광역시","분위기 좋다,좋게하다,저렴하다,푸짐하다,추천하다,좋다,간단하다,데이트 좋다,소소하다,고민 없다,심심하다,먹고 싶다,잘모르다,싫어하다,잘되다,서비스 많다,서비스 주다,아담하다,예쁘다,가볍다,향 좋다,달달하다,단짠단짠하다,맛있다,맛있는것 같다,바삭하다"
14287062997,BL000000014287062997,"발산역 이자카야 맛집 야키토리 우마이에서 생맥주,하이볼 1잔씩 무료로 먹기",https://blog.naver.com/sinn63/224125418984,블로그,네이버블로그,"""뚜""벅족의 일상여행 보따리",2025-12-28,긍정,"발산역이자카야,발산하이볼,야키토리,야키토리우마이,마곡발산맛집,하이볼명가,2025하이볼명가,생맥주,생맥주맛집,발산생맥주맛집,마곡생맥주맛집,발산하이볼맛집,마곡하이볼맛집,발산역맛집,데이트맛집,발산데이트,마곡데이트,발산데이트맛집,마곡데이트맛집,이자카야추천,발산이자카야추천,마곡이자카야추천,발산하이볼추천,마곡하이볼추천","직장,다리살,다리,운영시간,일요일,오늘,저녁,연말,시간,무료,남자친구,친구,중앙,위치,도보,이동,주변,고민,내부,좌석,구비,가족,방문,이용,혼술,코스,구성,일반,주문,제공,일반적,경험,특징,선택,사이트,추가,선정,탄산,조합,선택지,준비,조화,사이즈,스몰,이벤트,럭키비키,연기,대화,공간,특성,과정,입구,냄새,환기,매장,연인,서브,거품,사람,총평,정통성,종류,세트구성,분위기,저장,방문기,추천,가능,운영,고급,클래식,감각,불편,기대,완벽,숯불,정통,만족,세트,특별,행복,음식,메뉴,풍미,단맛,식사,생맥,생맥주,맥주하이볼,하이볼,주류,맥주,위스키,탄산수,토닉워터,오키나와 생맥주,워터,야키토리,꼬치,꼬치구이,꼬치류,스테이크,숯불꼬치구이,숯불꼬치,구이,브라,스타일,하이볼잔,생맥주잔,5호선,9호선,테크노,전통,포스팅,마커,데이트,모임,연말모임,퇴근,차별,발산,수이진,산토리 가쿠 하이볼,산토리,짐빔하이볼,오켄토션,켄토,발산역,이자카야,맛집,마곡,모임장소,특별시,서울특별시,강서구,타워,마곡역,오키나와","유명한 곳,유명하다,특별하다,좋은 음식,음식 만족스럽다,만족하다,추천하다,편하다,잘되다,구성 좋다,어울리다,쾌적하다,깔끔하다,매장 깔끔하다,가볍다,뿌옇다,촉촉하다,시원하다,냄새 남지않다,맛집,단맛 없다,단맛,맛있다,맛 훌륭하다,단맛 깔끔하다,풍미 있다,조용하다,분위기 좋다,고급스럽다,클래식 감각적이다,깔끔한 스타일,분위기 깔끔하다,사랑하다,제대로되다,즐기다,좋다,역하다,럭키비키,분위기 없다,불편하지않다,편안하다,데이트 좋다,큰 기대,배부르다,행복하고 즐겁다,즐겁다,선택 좋다,너무 아니다,감각적이다,미치다,완벽하다"
14287516905,BL000000014287516905,그 이후의 일상.,https://blog.naver.com/goslarhdeb/224125533347,블로그,네이버블로그,일상,2025-12-28,부정,"삼정타워,스타벅스","동백,머리,월요일,요일,과거,지금,크리스마스 시즌,물때,이번주,목요일,어제,오늘,내일,예전,수면시간,새벽,일상,결과발표,가격,쿠폰,현장구매,환불,이상,최고,친구,고민,생각,처음,불량품,사람,기력,고통,마음,배경,인증샷,난리,시대,음식사진,말세,물건,결정,전신샷,인생,내구성,집게,순간,케이스,노머니,상황,골격,후기,금색,주구장창,도수,발악,반포기,포기,상태,도망,목적,희망,방법,부정,평생,가스,이전,운동시간,밀가루,자죽염,죽염,위스키,저가커피,바닐라라떼,야식,코트,가방,파우치,화장품파우치,허리끈,헤어핀,거울,전신거울,휴지,텀블러,보틀,화장실,빨래,픽업,택배,폰수리,필름,휴대폰 케이스,아이폰 케이스,본체,선생님,해외연수,화장품,머리끈,화장솜,사진,국가대표,어플,마커,인형,파티,지역화폐,동백전,구매가,환급,재테크,주가,프랜차이즈,저가,회사,면접,진단,에어팟프로,스타벅스,랑데자뷰,플럼퍼,던스트,다이소,인스타그램,아이디어스,포토이즘,베어리스타,자식,한의원,부산,라운지,카페,서면,전포동,동네,맛집,트라니,헬스장,서면삼정타워","질 떨어지다,구매하다,갖고싶다,가격 있다,돈 벌다,추천하다,사야하다,가득차다,떨리다,적당하다,기분 좋다,화끈하다,나아지다,느낌 있다,억울하다,무기력하다,좋아하다,희한하다,중요하다,아깝다,바쁘다,좋다,난리 나다,거추장스럽다,겁나다,기쁘다,힘들다,따뜻하다,생각 여유롭다,싫다,속상하다,부정적이다,도망치다,쉽지않다,예쁘다,깔끔하다,맛집,시끄럽다,조용하다"
14287750968,BL000000014287750968,"[강화도] 1박2일 크리스마스 여행 (w/ 민,률,니)",https://blog.naver.com/youngninara/224125679063,블로그,네이버블로그,:D,2025-12-28,긍정,"강화도갈만한곳,강화도맛집,강화도여행,조양방직,강화수라육개장,강화도글램핑,강화글램핑,코지네이쳐,코지네이쳐펜션,조양방직카페,강화도카페,동검도","원숭이,숄더,성탄절,해질녘,시간,작년,다음날,평일,주말,연말,연초,현대,처음,시작,생각,친구,애인,남자친구,준비,내돈내산,인증,방문,강화,구조,동일,예약,추가,결정,이유,트윈,마감,스타트,예민러,체크인 시간,도착,성인,실화,기반,순삭,랜덤,비밀,선물,순서,커플,색감,감동,풍경,비대면,사람,최고,전체,대여,느낌,이름,대박,걱정,이용,낭비,연기,살인적,추위,장난,덕후,알못,체인지,취침,소리,오픈,만석,도보,세트,인생,소개,TMI,감성,핑크,개봉,크기,자유,마무리,교환,수면,체크,아웃,고생,피곤,밸런스,광역,감사,가능,프리미엄,인절미,고기,콩나물,딸기,초코,하이볼,위스키,갈치조림,바베큐,라면,육개장,커피빵,커피맛,아우터,잠옷,수면양말,양말,코디,침대,핫팩,자쿠지,바닥,TV,카메라,수액,사진,전통,가요,1박2일여행,크리스마스여행,여행,당일치기,숙박,체크인,체크아웃,원주여행,펜션,맛집여행,게임,뽑기,마커,밸런스게임,글램핑,선물교환,한파,사기,사건,살인,제압,인용,감기,코골이,아이폰8,홈플러스,칸쵸,현대프리미엄아울렛,롯지,성민,장보고,오빠,공주,강화도,동검도,광역시,인천광역시,강화군,길상면,동검리,바베큐장,본점,특별시,서울특별시,강서구,양천로,거주지,옆동네,동네,마트,글램핑장,야외,원주,강화읍,맛집,카페,후쿠오카,김포현대아울렛,아울렛,김포시","좋게하다,취향저격,대박 가성비,저렴하다,답답하다,친하다,안좋다,잘하다,좋다,시간 아깝다,아깝다,재미있다,설레다,먹고 싶다,어색하다,겁나다,고생스럽다,고생하다,눈 따갑다,따뜻하다,제대로이다,피곤하다,감사하다,고맙다,풍경 있다,빠르다,잘 맞다,깨끗하다,따갑다,맛있다,맛집,커피 맛있다"
14287966292,BL000000014287966292,"신부동 맛집 분위기 좋은 술집 찾는다면, 야키토리동작 천안신부점",https://blog.naver.com/kwony38/224125768188,블로그,네이버블로그,뽀꾸뽀꾸 아일랜드,2025-12-28,긍정,"신부동맛집,신부동술집,신부동방어,천안터미널맛집,천안터미널술집,천안이자카야,신부동꼬치,신부동이자카야,야키토리동작천안,야키토리동작천안신부","무릎연골,날개,영업시간,동작,저녁약속,분위기,계속,소개,목차,영업정보,위치,주차,주차정보,매장,전경,주문,총평,약속,장소,주변,행사,방어,판매,덕분,대화,전문,기본,부위,구성,개인적,생각,메뉴판,종류,수제,처음,방문,개인,제공,문제,사이드,탄산감,탄산,전체적,느낌,조합,실패,선택,인정,마지막,입가심,다음,이야기,마커,집들이,데이트,소규모 모임,수다,음식,메뉴,먹거리,계절메뉴,불향,입맛,겉바속촉,소금,와사비,와사비마요,스리라차,양념,데리야끼소스,간장소스,하이볼,맥주,사케,생맥,생맥주,야키토리,꼬치,닭꼬치,나베,안주,야끼교자,기본안주,떡볶이,교자,만두,해치,조명,하이볼잔,주소,전화번호,산토리,산토리 가쿠 하이볼,알새우칩,신부,al,신부동,맛집,술집,천안시,충남 천안시,동남구,충청남도,먹자골목,일본,이자카야,전문점,식당","분위기 좋다,전체적 아늑하다,디테일하다,괜찮다,마음에 들다,살기 좋다,부담 없다,가지고싶다,주문 괜찮다,즐기다,위치 좋다,멀지않다,좋다,메뉴 다양하다,느낌 살지않다,종류 다양하다,다양하다,반갑다,좋아하다,아쉽다,잘갖춰지다,기대하다,잘 나오다,따뜻하다,사로잡다,진하다,편하다,알차다,잘 어울리다,깔끔하다,가볍다,과하지 않다,촉촉하다,부드럽다,시원하다,은은하다,맛집,먹음직스럽다,맛있다,잘구워지다,맛 살다,바삭하다,기름지지않다,간장 맛있다,조용하다,시끄럽지않다"
14288029225,BL000000014288029225,12월 끝!,https://blog.naver.com/offline97/224125800166,블로그,네이버블로그,126.925498,2025-12-28,긍정,,"탄생화,올해,연말,오랜만,성탄절,휴일,지금,겨울시즌,겨울,하루,예전,점심시간,시간,옛날,마지막,에겐남,삼총사,약속,정보,기억,빈티지,사과,느낌,애프터,계속,생각,다음,기회,레이디,환기,잘못,수습,건물,웨이팅,마감,날씨,아이스,로고,사람,기분,처음,양띠,양자리,대화,덕분,슬로우,특유,옐로우,질감,구경,사용,탄생,단색,용기,깊이,감정,완성,모양,시작,고민,추가,단골,선물,해산물,대구,양갈비,시나몬,스프레드,시럽,소금,시트러스,풋사과,레몬,딸기,울금,초코,초콜릿,커피,와인,샤르도네,하이볼,버번위스키,칵테일,필터커피,라떼,내추럴와인,음료수,블렌드,치아바타,무스,버터쿠키,케이크,김밥,창문,포장,택시,핸드크림,드라이,사진,노래,전시,서예,그림,수채화,일드,유로파,여행,소풍,블로그,방방,마커,물감,연말모임,아사,퇴근,오픈런,조앤도슨,김밥나라,파머스,김태환,형님,부르고뉴,제주특별자치도,가게,서울특별시","좋게하다,괜찮다,강하다,좋다,존경스럽다,싫다,즐기다,속상하다,힘들다,이야기 좋다,고맙다,재미있다,먹고 싶다,묵묵하다,먹먹하다,좋아하지 않다,감동 먹다,잘하다,보람 있다,재능 있다,떠오르지않다,독특하다,세련되다,멋있다,화려하다,못하다,매력 없다,좋은 사람,잘 어울리다,깔끔하다,묵직하다,냄새나다,향 좋아하다,맛있다,산미 있다,산미 좋다,단맛 좋다,단맛 잡다,달기만 하다,고요하다"
14289274362,BL000000014289274362,운서동 연말데이트 기념일 데이트 분위기 좋은 바 몰트바사색,https://blog.naver.com/hyojeng1004/224126269847,블로그,네이버블로그,♥일상기록♥,2025-12-29,긍정,"운서동술집,운서동위스키,영종도위스키,영종도바,영종도분위기좋은술집,위스키추천,글렌피딕,로얄살루트,히비키,야마자키,조니워커그린라벨,영종도기념일,영종도데이트,운서동데이트,운서동기념일,이색데이트","기념일,매일,일요일,저녁,지금,오늘,연말,평일,기념,기분,알코올,방문,라스트오더,주차,가능,손님,커플,프라이빗,분위기,응대,메뉴판,제공,패키지,기본,세팅,도수,주문,일진,독주,개인적,오크향,알못,합격,맛보기,중단,리뷰,슬라이스,뿌리,트레이드,혼술,소개,혼자,사진,마커,연말데이트,데이트,카드,직원,노키즈,치사량,몰트,크림치즈,크래커,초콜릿,와인,맥주,칵테일,위스키,곶감말이,안주,무알콜,메뉴,아몬드,샤드,바테이블,물수건,그릇,오가다,야마자키,하쿠슈,재패니스 위스키,조니 워커,그린라벨,로얄살루트,글렌피딕,메이커스 마크,NAVER,남편,사장,운서동,운서역,출구,인천중구,영종,노키즈존,키즈존,서동,술집,광역시,인천광역시,중구","분위기 좋다,고급스럽다,색깔 부드럽다,색깔 진하다,유명하다,특별하다,관심 있다,별로다,괜찮다,부담 없다,마시고 싶다,합리적 금액,가성비 있다,비싸다,추천 해주다,데이트 좋다,즐기다,운 있다,따뜻하다,잔망스럽다,어른 부담스럽다,어렵다,좋다,위치 좋다,잘하다,감사하다,위스키 어른스럽다,잘 어울리다,향 세다,달달하다,스파이시하다,맛 부담스럽다,진한 맛,맛 부드럽다,맛있다"
14293813152,BL000000014293813152,"종강 이후의 삶-폭파파티, 후배님과 밥(과 술)약, 동생 군바..",https://blog.naver.com/jihyeokim_/224128166727,블로그,네이버블로그,지입니다,2025-12-30,긍정,,"거미,발바닥,기린,거북이,헤어,다리,지금,하루,오랜만,다음날,내년,예전,성탄절,퇴근시간,시간,취향,친구,흐름,이유,처음,신인,출신,이름,조합,동선,기계,생각,최고기록,달성,갱신,익명,방법,일정,시작,계획,정신,모습,현실,항공샷,보양,발견,시즌,자랑,연락,추억,참고,출격,와일드,포스,신고,사람,맛도리,쇼핑,가족,나비족,좌측,발생,검정색,아임파인,대표,기억,다음,비행,사나이,발품,마음,게시물,작성,이벤트,붙임성,동기,실험,바위,선물,풍경,결과물,수분,위치,낙서,공개,감성,주먹밥,국밥,통닭,잉어,소고기,된장,감귤주스,귤티,감귤티,생맥,라떼,닭갈비,치킨,라멘,누룽지통닭,부대찌개,애플파이,육전,시금치피자,디저트,붕어빵,콩나물국밥,야키토리,나베,꼬치,떡볶이,고기 무한리필,런닝,검정치마,치마,신발,러그,내부인테리어,하우스,별거,자취방,자취,시디,비행기,종강,한양대학교,박사,과학,사진전,수미상관,사진,노래,전시,필승조,러닝,펀치,마커,풍선,스티커,폭죽,드라이브,파티,밥약,군대,병장,승진,멍청비용,검사,편도염,염증,과학자,탐라포차,유니클로,영풍문고,아바타,두산그룹,나루토,말리부,이로치,롤체,서로이웃,박상연,김종용,정현,메타몽,민혁,진혁,한강,레인즈,히카루,후배,동생,아버지,조교,우두머리,중개사,아들,연신내,특별시,서울특별시,은평구,연서로29길,술집,제주특별자치도,노래연습장,편의점,병원,왕십리역,성동구,포차,왕십리,광화문역,빵집,개천,기숙사,한라산,클럽,제주시,맛집,무한리필집,이호해수욕장,해수욕장,몽골,용산구,카페,굴다리,광명,서울역,남산타워,청파로","좋아보이다,좋게 보다,마음에 들다,마음에 안 들다,별로다,사고싶다,사보고싶다,갖고싶다,추천 해주다,반갑다,유사하다,힘 싣다,감사하다,느낌 좋다,아프다,시간 있다,너무하다,싫다,고맙다,마땅하다,아바타 재밌다,고생하다,힘들다,좋다,좋아하다,자랑하다,잘 다니다,적적하다,우승하다,실패하다,안좋다,이상하다,사랑하다,재미 없다,힘든 것 같다,아깝다,사이 좋다,멍청비용,감성적이다,유용하다,뜨겁다,맛있다,맛도 그닥,맛집,맛 살리다,맛 힘들다"
14294390438,BL000000014294390438,nevertheless,https://blog.naver.com/smsmsm7391/224128387029,블로그,네이버블로그,82475,2025-12-30,긍정,"엄마,기부자,to","타조,머리,생일,오랜만,오늘,겨울방학,시험기간,내년,새벽,다음날,겨울,작년,시간,크리스마스이브,연말,하루종일,하루,옛날,성탄절,연초,새해,마지막,마무리,기록,대표,감성,해외,마음,신청,선발,걱정,진절머리,생각,그룹,하늘,릴스,알고리즘,점령,고민,과정,뒷바라지,체력,측정,압박,집주인,청춘,모집,동기,관리,인성,고인물,선물,욕심쟁이,욕심,덕분,정신,의미,서비스,주황색,정보,고집,포기,처음,중간,나이,프로그램,스카이,고민상담,맛도리,여성,웃참,사과,국룰,훈련,회식,피곤,주기,크리스마스 분위기,예약,향기,친구,예약취소,모습,테토녀,사람,분노,가능,후기,칭찬,이유,조화,수집,최선,수치,판단,증명,방법,숫자,생활,감정,행동,성장,최대,배제,이성적,표현,크림치즈,숙성회,자두,고구마,양배추,딸기,아욱,말차,녹차,김장,케이크,쌀국수,베트남 쌀국수,두바이 쫀득 쿠키,크로플,소금빵,쫀득쿠키,발효,크림치즈빵,계란빵,뼈찜,만찬,딸기맛,후드집업,지갑,안경,키링,스타일,사다리,담요,테이블,핫팩,자취방,정리,박스카,교수,종강,학기,선생님,입학식,입학,학과,고려대학교,시험,영어,수료,스승,성적,학군단,토익스피킹,퍼스널컬러,파마,뷰티,미용,사진,걸그룹,미술,그림,야구,토스,운동,투어,블로그,게임,스티키,마커,먹방,해외봉사,기부자,기부,답장,장사,농업인,알바생,PTSD,응급,교양,포화상태,본가,미분당,하겐다즈,버거킹,엽기떡볶이,성심당,허니콤보,투썸플레이스,CU,카소,안녕 자두야,또간집,지피티,인생네컷,민서,KISS OF LIFE,찰스엔터,이석주,혜린,지수,서준,안혜리,어머니,우리엄마,팀장,언니,할머니,마미,선배,사장,수집가,블로거,우즈베키스탄,괴산,미국,가게,논산시,서울특별시,익산,카페,대학로,대학교,경주,두바이,미용실,응급실,대전,옷집,빈티지샵,학교,이란,갤러리","유명하다,괜찮다,잘먹다,마음에 들다,씁쓸하다,구매하다,바쁘다,아쉽다,감사하다,잘하다,죄송하다,쫓겨나다,서운하다,뿌듯하다,좋다,발전하다,즐기다,응원하다,미안하다,축하하다,너무하다,보기 싫다,고맙다,노력하다,공감되다,아프다,양심 있다,존경스럽다,건강하다,관리 없다,관리하다,멀쩡하다,정신 없다,쉽지않다,재미있다,싫어하다,크림 좋다,잘 나오다,기분 좋다,싫다,의미 있다,공허하다,좋지않다,여름 좋아하다,좋아하다,지지하다,격려하다,고생하다,쓰고싶다,빠르다,먹기 불편하다,쓰기 힘들다,귀엽다,멋있다,못하다,미치다,명언제조기,말 잘하다,어울리다,말랑하다,맛있다"
14296177559,CF000000014296177559,면세점 E.H.테일러 추천 여부,https://cafe.naver.com/whiskycognac/824549,카페,네이버카페,위스키코냑클럽,2025-12-31,부정,,"추천,알림,설정,재입고,소식,재고,품절,고민,시음,의견,경험,입장,옵션,희귀성,게시판,이용,주의사항,삭제,금지,게시글,이름,제품명,표시,구입기,구입처,정보,개인,거래,자랑,언급,문의,댓글,쪽지,이벤트용,이벤트,참여,후기,내용,협찬,혜택,국내,구매,예시,참고,질문,미부착,부착,판매,라벨,매입,해외,구입,유도,일본여행,어플,슬롯,면세,금액대,금액,재판매,불법유통,불법,시음기,위스키,버번,한글,부커스,셀러,면세점","괜찮다,금액 살 수 있다,금액 크다,구매하다,구매하면 좋다,추천하다,아쉽다,낫지않다,쉽지않다,좋다,궁금하다,감사하다,귀하다"
14212964981,DC000000014212964981,조니워커 블랙 입문 위린이 메이커스마커 입문후기,https://gall.dcinside.com/mgallery/board/view/?id=whiskey&no=1402314,커뮤니티,디시인사이드,위스키 갤러리,2025-12-04,부정,,"후각,시간,검정색,입문,후기,비교,시음,무향,나무향,첫인상,느낌,특징,처음,알코올,냄새,특유,도수,경험,향기,사람,차이,차이점,마커,비염,위린이,초콜릿향,바닐라향,버번위스키,조니 워커,메이커스 마크","당황스럽다,신기하다,생각 어렵다,약하다,부드럽다,가볍다,향 적다,달큰한향,향 올라오다,달달하다"
14235264316,DC000000014235264316,오랜만에 하이볼 만들어 먹으려는데,https://gall.dcinside.com/mgallery/board/view/?id=whiskey&no=1410162,커뮤니티,디시인사이드,위스키 갤러리,2025-12-11,부정,,"오랜만,마커,한끼,하이볼,콜라,안주,잭다니엘",
14261845915,DC000000014261845915,햄들 술도 상하나요.....?,https://gall.dcinside.com/mgallery/board/view/?id=whiskey&no=1420011,커뮤니티,디시인사이드,위스키 갤러리,2025-12-20,부정,,"연말,상하,친구,나무위키 꺼라,입문,특유,밀봉,휴가,마커,군대,군번,고추맛,청양고추,버번위스키,위스키,위키,입문용","강하다,스파이시하다,단맛 있다,매콤하다"
14279177961,DC000000014279177961,메이커스 마커 맛있다,https://arca.live/b/bluearchive/157808225,커뮤니티,아카라이브,블루 아카이브,2025-12-25,긍정,,"마지막,마무리,장식,마커",맛있다
14279282547,DC000000014279282547,메이커스 마커 맛있다.,https://gall.dcinside.com/mgallery/board/view/?id=projectmx&no=17172848,커뮤니티,디시인사이드,블루 아카이브 갤러리,2025-12-25,긍정,,"마지막,장식,마커",맛있다
14289992584,DC000000014289992584,조니워커 블루 각인 병 하나 가지고 있으면 이쁠것 같긴 하네,https://gall.dcinside.com/mgallery/board/view/?id=whiskey&no=1429767,커뮤니티,디시인사이드,위스키 갤러리,2025-12-29,긍정,,"왁스,예전,블루,각인,라벨,기념,가격,마커,사면,조니 워커,팝업스토어","가지고싶다,할인 없다,이쁘다"
112672146,IG000000000112672146,#위스키 #whiskey #메이커스마크 #위숙희  #올드바틀 #올드바틀위스키 #메막블랙,https://www.instagram.com/p/DRsx_H2kqFG,인스타그램,인스타그램,윤태빈,2025-12-01,중립,"위스키,whiskey,메이커스마크,위숙희,올드바틀,올드바틀위스키,메막블랙","올드,검정색,위스키,메이커스 마크,숙희",
113112026,IG000000000113112026,12월위스키스타트 오늘 위스키성지  구경다니면서 담번살꺼 정해놓고옴 술꾼마누라때매 매달 돈쓰는 삼봉아배  #글렌모렌지시그넷 #글렌모렌지 #glenmorangie  #glenmorangiesignet  #잭다니엘 #잭다니엘싱글배럴  #jackdaniels #jackdanielswhiskey #메이커스마커 #makersmark,https://www.instagram.com/p/DRwwxiKkhJt,인스타그램,인스타그램,킴카롱 2014,2025-12-02,중립,"글렌모렌지시그넷,글렌모렌지,glenmorangie,glenmorangiesignet,잭다니엘,잭다니엘싱글배럴,jackdaniels,jackdanielswhiskey,메이커스마커,makersmark","오늘,매달,스타트,구경,배럴,싱글,마커,위스키,잭다니엘,마누라,성지",
115744041,IG000000000115744041,"내가 정신을 못차렸나보다. 끄응... 또 에디션,한정판,리미티드 라는 단어에 혹 해서 사버리고야 말았다. 가격은 뭐 얼마안하는 거지만서도~ 뚜따하고 첫향은 좀 약한데. 바로 니트로 먹어보니 확실히 아이리쉬위스키는 부드럽게 넘어간다. 하지만 맛은 좀 뭐랄까 음..탁하다해야하나? 제임슨블랙배럴도 좀 그런감이있긴했지. 블랙배럴이 향은 진짜 좋았는데. 메이커스마커만큼 향이 찐~하니 좋았더랬지. 일단 조금더 에어링 해보고 쓴맛(?)좀 빠지면 다시 먹어봐야징. 룰루랄라~  #제임슨스타우트#제임슨스타우트에디션#위스키",https://www.instagram.com/p/DSd91PDEzJF,인스타그램,인스타그램,송영호(송해성),2025-12-20,중립,"제임슨스타우트,제임슨스타우트에디션,위스키","정신,에디션,한정판,리미티드,가격,첫향,검정색,에어링,마커,쓴맛,스타우트,위스키,아이리시 위스키","좋게하다,감 있다,좋다,약하다,부드럽다,향 약하다,향 좋다,쓴맛"
116199675,IG000000000116199675,"너무너무 애정하는 뽐에서 너무너무 애정하는 메이커스마크 클래스라니 안 갈 수가 없지! 메친자가 또 메막레드 입고 호다다 달려갔어요.  김형주 바텐더님 @rlagudwn97 의 알찬 설명으로 더욱 유익한 시간이 되었어요. 메이커스마크, 메이커스 마크 46, 메이커스마크 CS를 버티컬 테이스팅해보고 로이 대표님 @roy_in_spirits 의 은혜로 잇트의 프라이빗 셀렉션까지 시음했습니다! 감사해용❤️  어제 클래스 핵심요약zip. 버번위스키 ≠ 아메리칸 위스키 -모든 버번 위스키는 아메리칸 위스키이지만, 모든 아메리칸 위스키는 버번이 아님 기억하자 ABC - America Barrel Corn 메이커스 마크 위스키 스펠링은 Ky - 스카치 유산을 중요시 여겨서 부드러움의 비결 Red Winter Wheat - 버번 쟁이에게 피타고라스 정리보다 중요한 메막 매시빌 70% corn + 16% red winter wheat + 14% malted barley 마지 여사님 하드캐리 베이킹을 통한 매시빌 개발, 왁싱, 이름 모두 창립자의 아내 마지 여사님 작품 Handmade since 1953 - 수작업으로 이루어지는 레드 왁스 실링/라벨 커팅, 사람이 직접하는 배럴 로테이팅  로이 대표님이 알려주신 방법으로 하이볼 만드니 꿀맛 그치만 바텐더님들이 메막을 기주로 만들어 주신 위스키 사워와 올드패션드는 더 꿀맛☺️  메막은 늘 맛있고, 그와중에 CS가 최고 맛있고, 칵테일은 남이 만들어주는게 진짜 맛있다는 결론❤️  다음 번에는 재패니즈 위스키 클래스도 열린다고 하니 위스키와 브랜드 꼼꼼하게 배우고 싶으신 분들은 뽐으로  TMI ✔️연방법에도 whisky라고 씀 key로 스펠링 써도된다고 나옴 ✔️메이커스마크 46은 47%ABV임 ✔️사실 메막은 마지 여사님 작품이라 봐도 무방할듯 레이첼 배리 선생님만큼 개인적으로 존경하는 업계여성 ✔️뽐에 셀러에이지드 2025있음 ✔️위스키 행사 중에 메막 행사 제일 많이 가서 집에 빨간색 옷 진짜 마늠 메막행사가실분 대여해드림",https://www.instagram.com/p/DSjHghpAQ7o,인스타그램,인스타그램,김빛나 | Beitna Kim,2025-12-22,긍정,,"시간,어제,winter,레드,설명,마크,대표,프라이빗,셀렉션,시음,핵심,요약,기억,스펠링,중요,비결,하드캐리,개발,이름,라벨,사람,배럴,방법,올드,최고,결론,다음,브랜드,TMI,개인적,여성,행사,빨간색,대여,테이스팅,베이킹,버번위스키,버번,위스키,하이볼,칵테일,패션,버티컬,왁스,정리,클래스,선생님,왁싱,작품,연방,창립자,창립,업계,유산,메이커스 마크,아메리칸 위스키,스카치,김형주,로이,레이첼,바텐더,여사,와이프,셀러,아메리카","애정하다,감사하다,중요하다,존경스럽다,알차다,유익하다,꼼꼼하다,부드럽다,꿀맛,맛있다"
14263176629,QA000000014263176629,전연령이 좋아할만한 칵테일 추천해주세요,https://kin.naver.com/qna/detail.naver?d1id=8&dirId=8020504&docId=490894978,지식인,네이버지식iN,칵테일,2025-12-20,중립,,"현재,지금,전연령,지망,예비,조건,어른,계속,예정,흰색,블루,사용,마커,시럽,설탕시럽,칵테일,음료수,보드카,버번위스키,깔루아,오렌지주스,크랜베리주스,자몽주스,바카디,스미노프,볼스,바텐더,부모","구매하다,추천 해주다,좋아하다,맛있다"
42675883617,TW1996893354488222075,"오늘의 저녁
규동 밥 곱곱빼기로
하이볼은 일단 이거 먹고나서 만드는거로!!
하이볼 베이스는 메이커스 마커에요!!
하이볼 좋아하는분은 기대하시길 후후 https://t.co/mnHbkfm6rF",https://x.com/1a49535221/status/1996893354488222075,X(트위터),X,1a49535221,2025-12-05,중립,,"오늘,저녁,베이스,마커,하이볼,규동","좋아하다,기대하다,곱다"
42675960385,TW1996915909324394848,"오늘의 야식
메이커스 마커 하이볼과 냉삼구이
자취하니까 개행복함;; https://t.co/igwvYdxf8Z",https://x.com/1a49535221/status/1996915909324394848,X(트위터),X,1a49535221,2025-12-05,긍정,,"오늘,마커,하이볼,야식,냉삼,구이,자취",행복하다
14299443477,BL000000014299443477,제주시청술집 보이드룸 위스키 하이볼 레몬크림브륄레 제주혼술바,https://blog.naver.com/jejuoj/224130442691,블로그,네이버블로그,제주를 탐방하는 요망진 여행가,2026-01-01,긍정,"보이드룸,제주보이드룸,보이드룸제주,제주시청술집,제주혼술바,제주시청혼술바,제주위스키,제주위스키바,제주시청위스키바,제주분위기좋은술집,제주분위기좋은혼술바,제주하이볼","입안,오늘,올해,지금,영업시간,정기휴무,일요일,토요일,저녁,찰나,시간,혼술,생각,집중,마실,주문,최고,분위기,감각,시작,목차,정보,총평,주차,근처,갓길,도보,위치,이용,라스트오더,장소,혼자,방문,느낌,올블랙,베이스,포인트,감성,음악소리,형태,인상적,구름,모양,저격,메뉴판,전문,종류,준비,물담배,수증기,활용,매력,검정색,선택,조화,영수증리뷰,제공,참고,인지,조합,탄산,이유,순간,향기,예상,옆자리,손님,추가,신사,인연,치즈,보코치니,레몬크림,설탕,양념,레몬,토마토,진저,베리류,베리,과일,위스키하이볼,하이볼,위스키,칵테일,음료수,토닉워터,진저에일,소다,꼬냑,주류,크림브륄레,안주,마리네이드,술안주,배달음식,기본안주,프레첼,디저트,닭강정,미식,메뉴,외부음식,위스키향,레몬향,견과류,풍미,꿀향,과실향,계피향,니트,인테리어,테이블,조명,주소,전화번호,대중교통,노래,탐방,여행,마커,제주시청,니코틴,담배,보이드,타르,페어링,조니 워커,매콤달콤 닭강정,헤네시,차장,사장,술집,제주특별자치도,제주시,고산로,주차장,청주,인근,가게,라운지바,위스키바,클럽,맛집","유명하다,좋아보이다,취향저격,마시고 싶다,추천하다,최적이다,잘 어울리다,완벽한 조합,깔끔하다,시원하다,향긋하다,향 즐기다,청량하다,향 달콤하다,향 상큼하다,향 맡다,달콤하다,안주 즐기다,고소하다,담백하다,바삭하다,위스키 즐기다,맛집,감미롭다,맛깔나다,매콤달콤하다,감각 좋다,분위기 좋다,차분한 분위기,잔잔하다,가득하다,위스키 풍부하다,분위기 차분하다,제대로이다,기분 좋다,좋다,정돈되다,적당하다,편안하다,즐기다,다양하다,먹고 싶다,즐겁다,느낌 좋다,스모키하다,풍부하다,상큼한 기분,행복하다,차분하다,평온하다,감각적이다,훌륭하다,상큼하다,실내 차분하다,인상적이다,귀엽다,아기자기하다,매력적이다,조화롭다,완벽하다,멋있다"
14303364222,BL000000014303364222,[내돈내산]청주에서 위스키 싸게 사고 싶다면...! 청주 위스키 가격 성지_병운할인마트,https://blog.naver.com/abc_7265/224132070873,블로그,네이버블로그,❤️예니의 소소한 일상❤️,2026-01-02,중립,"청주위스키,청주위스키성지,청주리쿼샵,청주주류백화점,청주주류마트,청주주류할인,청주위스키마트,예니의소소한일상,조니워커,발베니,버번위스키,청주사케,청주증류주,발렌타인,맥켈란,글랜드로낙","오늘,지금,내돈내산,가격,일상,이웃,주종,애주가,시작,케이스,발품,소식,방문,소개,위치,생각,힘숨찐,느낌,판매,입구,왼쪽,행사,고객,요청,게시판,준비,상태,희소,희소성,오크,캐스트,권력,후기,기준,정보,종류,가격표,품절,국내,구형,버전,한정,고민,코너,에디션,구경,참고,우드,더블,검정색,패키지,최대장점,상품,기본,사용,구매가능,불가능,구매,다음,공감댓글,댓글,할인,사진,일본여행,오픈채팅방,채팅방,마커,포스팅,상생페이백,온누리 상품권,예산소진,몰트,위스키,소맥,양주,소주,맥주,주류,버번위스키,전통주,사케,와인,샴페인,테킬라,보드카,리큐어,중국술,증류주,직장생활,사직,월급,스키마,진열장,열쇠,온더락잔,돈키호테,맥켈란,재패니스 위스키,화요,조니 워커,발베니,발렌타인,포드,시장,주민,청주,성지,할인마트,리쿼샵,충청북도,청주시,서원구,마트,동네,일본,편의점,백화점","관심 갖다,관심 있다,구매하다,갖고싶다,비싸다,저렴하다,할인되다,저렴한 가격,소소하다,즐기다,좋아하다,사랑하다,쉽다,정겹다,다양하다,손님 많다,희소성,궁금하다,좋다,발 빠르다,잘모르다,화끈하다,도움되다,못하다,안 어울리다,평범하다,예쁘다,데일리 좋다"
14303596825,BL000000014303596825,"[국회의사당역 맛집] 이루 KBS서여의도점 - 특별한 메뉴가 가득한 중식당, 여의도 회식 장소 추천",https://blog.naver.com/dkdudrnttit/224132168606,블로그,네이버블로그,쩝쩝박사 이후꾸,2026-01-02,긍정,"국회의사당역맛집,국회의사당역중식당,여의도맛집,여의도중식당,여의도중식맛집,여의도회식,서여의도회식,여의도모임장소,여의도룸식당,여의도직장인맛집,이루,이루KBS서여의도점,안인우송,오향장육,유린기,쩝쩝박사이후꾸,후꾸맛집","직장,오늘,영업시간,매주,일요일,정기휴무,브레이크타임,점심,저녁,오랜만,추천,인사,라스트오더,소개,도보,위치,내부,분리,프라이빗,마련,단체회식,최고,처음,방문,결정장애,참고,주문,메뉴판,상호,문장,감성,단골,찬스,개인적,판매,덕분,중간,리프레시,고수,재료,스타트,입문,시그니처,생각,레터,사람,최대,중국식,박수,대박,고급,느낌,전문,운영,정석,사용,제공,설명,이해,생면,면발,소고기,고기,아롱사태,전복,새우,오징어,해삼,해산물,크림치즈,닭고기,돼지고기,간장소스,시즈닝,소금,고추기름,짜장소스,오이,파채,마늘,고추,양상추,채소,버터헤드 레터스,죽순,청경채,브로콜리,파프리카,생맥,생맥주,맥주,하이볼,중식,기본반찬,짜사이,단무지,오향장육,야채볶음,볶음,튀김,소고기야채볶음,팔보채,유린기,치킨샐러드,갑오징어튀김,오징어튀김,튀김옷,술안주,고기튀김,돈까스,군만두,만두,교자,수제만두,간짜장,짜장면,식사류,계란후라이,자가제면,새우볶음밥,새우볶음,볶음짜장,짬뽕국물,국물,중식 볶음밥,짬뽕,육수,메뉴,식사,신메뉴,요리,음식,시그니처 메뉴,소스맛,육즙,풍미,겉바속촉,베스트,테이블,파티션,드릴,주소,자가,전화번호,치실,피날레,사진,포스팅,마커,코팅,방울,회식모임,사건,직장인,장애인,설빙,KBS,황비홍,국회의사당역,맛집,여의도동,중식당,식당,회식장소,서울특별시,영등포구,의사당대로,출구,프라이빗룸,모임장소,전문점,특별시","특별하다,입소문 나다,부담 없다,추천하다,강추,편하다,적합하다,어우러지다,가볍다,산뜻하다,부드럽다,탱글하다,향 강하지않다,맛집,매콤하다,프레쉬하다,바삭하다,아삭바삭하다,짭조름하다,새콤하다,크리미하다,맛있다,느끼하다,맛없다,다채롭다,두툼하다,비싸다,가득하다,편안하다,좋다,설레다,좋아하다,다양하다,강하지않다,사랑하다,적당하다,기막히다,최애,진하다,쩝쩝박사,훌륭하다,귀하다,여심 저격하다,완벽하다"
14308510749,BL000000014308510749,"와일드 터키(Wild Turkey), 까르보나라와 함께한 크리스마스 홈파티",https://blog.naver.com/diary_1207/224134082858,블로그,네이버블로그,우당탕탕 이층의 일상,2026-01-04,긍정,"와일드터키,버번위스키,스카치위스키,버번위스키스카치위스키차이,까르보나라,리얼까르보나라,까르보나라만드는법,크리스마스,출산,홈파티,스테이크,스테이크굽는법,연말파티,까르보나라레시피,파스타만드는법,파스타,까르보나라소스,파스타면삶는시간,파스타만들기","대장,버팔로,허브,성탄절,새해,오늘,크리스마스이브,준비,참고,후기,예정,결혼,바탕,기분,마지막,기념,종류,와일드,가격,호불호,대표,개인적,맛평가,차이,존재,평가,정통,인상,특유,알코올,처음,취향,시작,초간단,유통기한,확인,코너,득템,할인,굽기,구석,이름,기억,주기,영상,재료,완성,옥수수,스파게티면,과일치즈,고기,스테이크고기,베이컨,계란,노른자,후추,올리브유,소금,바닐라,올리브,양송이버섯,양파,카라멜,버번위스키,위스키,버번,까르보나라,스테이크,안주,프라이,스테이크 파스타,카라멜향,단맛,냄비,냉장고,강판,접시,프라이팬,자취,마사지,홈파티,마커,모금,경력,만삭,출산,와일드 터키,스카치 위스키,맥켈란,라프로익,글랜피딕,청정원,트레이스,유튜브,와이프,경력자,튀르키예,마트","특별하다,이름 모르다,대박나다,선호하다,가격대 다양하다,할인 있다,잘하다,간단하다,충분하다,확실하다,강하다,따뜻하다,안좋다,좋아하다,고생 많다,건강하다,마시기 좋다,밝다,궁합 잘맞다,묵직하다,무겁다,향 올라오다,향 진하다,스파이시한향,스파이시하다,달콤하다,고소하다,단맛"
14310743979,BL000000014310743979,대구 수성구 들안길 맛집 단체회식 룸 가족모임 식당 마블드한우,https://blog.naver.com/lemon8363/224134761213,블로그,네이버블로그,일상 즐거움,2026-01-05,긍정,,"입안,오늘,예전,지금,신년,시간,기념일,단체회식,가족모임,영상,오픈,생각,대박,사람,발걸음,방문,소개,위치,회식,매장,주차,공간,근처,이용,덕분,내부,분위기,운영,최상급,가격,퀄리티,예약,안내,주변,느낌,비주얼,환상,맞춤,맞춤형,이벤트,현수막,제작,사진인화,수용,대형,마련,신년회,장소,프라이빗,전달,연장,진행,시작,마블링,굽기,숯불,순간,기본,조합,서브,사이드,특유,대접,행복,만끽,가족,이유,마무리,손님,센스,생신,상사,기념,고민,변화,자랑,단체,한우,특수부위,살치살,고기,대구,갈비,와사비,소금,된장,샐러드,채소,위스키,하이볼,반찬,재래기,케이크,가니쉬,양식,식사메뉴,된장찌개,냉면,살얼음,찌개,식사,메뉴,식감,감칠맛,얼음,4인 테이블,하이볼잔,우리집,빔프로젝트,크루즈,셋팅,사진,예술,변화구,사인볼,마커,장로,생일파티,회식모임,모임,가성비,퇴직,이용가,삼성,한우통갈비,마블,선수,우리 가족,주인공,사장,부모,대구 수성구,수성구,들안길,맛집,식당,모임장소,광역시,대구광역시,주차공간,주차장,공영주차장,회식장소,육가공공장,프라이빗룸","인기 있다,반응 뜨겁다,다채롭다,노릇노릇하다,괜찮다,잘먹다,눈 즐겁다,조합 다채롭다,가성비 즐기다,취향저격,사랑하다,기분 좋다,즐기다,좋다,소문 자자하다,가족 편안하다,편안하다,오붓하다,시간 있다,힘들다,충분하다,진하다,가족 좋다,센스 돋보이다,퀄리티 좋다,귀하다,비쥬얼 감탄하다,화려하다,돋보이다,빛나다,어울리다,잘 어울리다,깔끔하다,맛집,맛있다,진한 육즙,육즙 감탄하다,신선하다,잘구워내다,풍미 잡다,풍미 주다,감칠맛,깊은 맛,맛 자랑하다,맛 느끼다"
14316821594,BL000000014316821594,[부산 해운대 위스키] 앤트하우스 ㅣ 해운대 위스키 오늘 하루를 버틴 당신에게 건배를,https://blog.naver.com/withhy4901/224137512837,블로그,네이버블로그,꒰১일상 속 행복 공유໒꒱,2026-01-07,긍정,"해운대바,해운대위스키,해운대술집추천,해운대앤트하우스,앤트하우스,위스키,해운대로데오맛집,해운대로데오술집","개미,직장,신경,오늘 하루,오늘,하루,건배,주제,분위기,소개,근처,접근성,위치,건물,로컬,느낌,입구,계단,전체적,덕분,몽환,체스판,소품,클래식,감성,무드,좌석,공간,남자친구,뒷모습,모형,포인트,개인적,메뉴판,마음,생각,제조,방식,설명,알못,주문,초심자,세트,종류,검정색,고급,최고,상태,표시,순서,취향,경험,체험,원픽,요청,사각,장난,오만,주접,도수,서비스,고객,구성,처음,추천,메뉴,얼음,고기,위스키,싱글몰트,버번,고량주,블렌디드,안주,훈연,니트,루비,조명,액자,온더락잔,하우스,정리,지하철,로데오,포스팅,문구,마커,퇴근,직장인,직원,서비스직,종사자,종사,스키마,조니 워커,라스,부산,해운대,술집,광역시,부산광역시,해운대구,구남로,해운대역,출구,흡연실,병원,위스키바,맛집","고급스럽다,분위기 좋다,짱 좋다,마음에 들다,만족하다,가고 싶다,따봉,제대로이다,접근성 좋다,느낌 좋아하다,좋다,웃기다,헷갈리다,힘들다,위스키 좋다,부담스럽다,겁나다,소소하다,행복한 하루,접근성짱,생각 좋다,마시기 좋다,밝다,몽환적이다,예쁘다,감성적이다,귀엽다,귀엽지 않다,센스 만점,가볍다,달달한 향,향 부드럽다,맛있다,스파이시하다,맛집,조용하다"
14321900781,BL000000014321900781,안양 인덕원 bar 숨겨있는 이색 칵테일바 [루한],https://blog.naver.com/seina0903/224139593869,블로그,네이버블로그,까다로운 레이나의 맛집 여행기,2026-01-08,긍정,"왓츠인마이블로그,2025블로그챌린지,인덕원bar","입안,사과나무,장미꽃,평일,지금,발렌타인데이,이색,남자친구,근처,발견,공유,전반적,우드,단체석,추천,위기,순간,느낌,웰컴드링크,컨셉,리프레시,상태,구비,시그니처,주문,도수,재료,제조,체크,리듬,탄산,레전드,베이스,수제,밸런스,최소,광경,다음,연인,여자,생각,건조,퀄리티,일반,비교,스몰토크,인지,더블,방법,미온수,마지막,리얼,처음,도전,이벤트,고기,소세지,하몽,치즈,시럽,샤인머스켓,과일,청포도,메론,바나나,딸기,살구,생딸기,과육,과자,초콜릿,바나나칩,캔디,CANDY,칵테일,위스키,맥주,트로피컬,토닉워터,버번위스키,과즙,브랜디,슬러시,안주,마르게리따 피자,감자튀김,훈연,기본안주,음식,과일맛,바질향,단맛,간판,인테리어,룸테이블,테이블,빔프로젝터,항공대학교,교수,공부,모티브,경기,주심,마커,데이트,이색데이트,퇴근,경력,버팔로 윙봉,앱솔루트 페어,기네스,초코파이 정,발베니,루한,오션,바텐더,사장,안양,인덕원,칵테일바,압구정,청담,핫플,경기도,안양시 동안구,술집,룸술집,강남,범계,캘리포니아주","분위기 있다,분위기 좋다,흔하지않다,특별하다,만족하다,좋아보이다,부담 없다,가격 감사하다,가격 너무하다,저렴하다,가격 비싸다,돈 아깝다,추천하다,강추,먹고 싶다,느낌 좋다,데이트 좋다,느낌 있다,이상 있다,좋다,감사하다,다양하다,웃기다,스모키하다,재미있다,청량감,간단하다,좋아하다,제대로되다,퀄리티 좋다,미치다,신기하다,조명 예쁘다,예쁘다,상큼하다,세심하다,독특하다,비주얼 예쁘다,예쁘지않다,잘 어울리다,텁텁하다,당도 다르다,단맛,곁들이기좋다,달달하다"
14328826910,BL000000014328826910,[버번 위스키 #10] 버팔로 트레이스 (Buffalo Trace) 45%,https://blog.naver.com/hann7/224141072106,블로그,네이버블로그,신경외과 척추내시경전문 남원장,2026-01-11,중립,"버팔로트레이스,버번입문,버번3대장","버팔로,이글,입안,대장,과거,오늘날,데일리,지금,소개,이야기,제품소개,브랜드,나라,확장,포트,지역,이동,흔적,개척,이동경로,기원,시작,소규모,석회암,재배,환경,시대,이름,이유,제조,지속,시기,기술,숙성,노하우,사람,단절,연속성,레어,전설적,라인업,구입,장소,도수,종류,가격,난이도,개인,만족도,만족,참고,생각,검은색,질감,오크,중간,기승전결,일화,탄생,배경,입문,세계,선사,과일향,옥수수,바닐라,블랙체리,카라멜,버번위스키,버번,위스키,의약,강의,탐험,마커,독립전쟁,산업,생산,합법적,법적,석회,소수,와일드 터키,홈플러스,스카치,아이리시 위스키,아메리칸 위스키,트레이스,챗지피티,George,인디언,미국,서부로,켄터키,강변,증류소,안산","유명하다,특별하다,비싸다,제대로 하지않다,허가 받다,진하다,좋다,위스키 흥미롭다,흥미롭다,재미있다,짜릿하다,자연스럽다,깔끔하다,부드럽다,질감 부드럽다,향 나다,은은하다,맛있다,입맛 맞다,달콤하다,곡물 고소하다"
14337373275,BL000000014337373275,일상56(알코올 모음집4),https://blog.naver.com/nothingness123/224145596335,블로그,네이버블로그,nothingness,2026-01-13,긍정,"프레스코발디와인,덕혼디코이멀롯,메이커스마커,헨드릭스진,보테가리몬칠로,지드래곤하이볼,조니워커블랜드,모델로맥주,사러가막걸리,복분자주,조니워커블랙","스모키,오랜만,지금,식전,여름,예전,영원,일상,알코올,경험,가짜,가죽향,추억,가격대,중간,타바코향,도전,장미향,매력,마실,궁합,검정색,클래식,마무리,조각,콘도,이탈리아 여행,모음집,포스팅,마커,면세,스모크향,바디감,과실향,초콜릿향,오이향,음식,견과류,과실류,레몬,복분자,건과일,바닐라,와인,디저트와인,레드와인,위스키,하이볼,진토닉,식전주,블랜드,맥주,막걸리,디저트,양식,감자전,닭한마리,피자,페어링,끼안띠 클라시코,모스카토 다스티,모스카토,조니 워커,디코,파우나,지드래곤,레스토랑,편의점,이탈리아,면세점,우리나라","검붉다,괜찮다,비싸다,가성비 좋다,구매하다,추천 받다,마시기 좋다,기름지다,무난하다,좋다,간단하다,상큼하다,안 어울리다,잘 어울리다,상쾌하다,시원하다,향 깊다,향 가볍다,가벼운 향,향 나다,향 상큼하다,맛있다,바디감 무난하다,달달하다,깊은 맛,맛 무난하다,맛이 없다"
14343568979,BL000000014343568979,아이스로 아메리카노 한 잔이요,https://blog.naver.com/299458/224148012206,블로그,네이버블로그,299792458,2026-01-15,긍정,,"정수리,균류,핑키,가슴,지금,담날,오랜만,주말,크리스마스이브,성탄절,다음날,시간,저녁,점심,아침,오후,아이스,정규,시작,요청,사항,마지막,고민,여자,상하,혼밥,달인,혼자,여운,레전더리,삭제,닉값,오바쌈바,수직상승,대체,흑백,필터,컨디션,감상,가격,봉지,주제,몸값,구경,방어,갑분아,번개,기본,토크,장난,선물,친구,미라클모닝,급행,나라,행복,에디션,존귀,현실,손절,빈티지,유리,우드톤,우드,분위기,저격,마스코트,세안,마음,하늘,퀴즈,미녀,도착,커플,등장,이상,착석,가능,순삭,생존,이름,뇌절,드립,기억,러브,스위트,계속,유행,럭키걸,럭키,남자친구,난리,찐따력,글자,디깅,무한반복,마무리,처음,죽음,공간,간술,공유,티어,메모,비행,계절,재미,유독,비율,하트,관리,안심,TMI,계획,느낌,색감,추가,소규모,스팸,시름,시간표,정지,정지선,불가항력,자기애,포인트,잠꾸러기,해피,상승,케어,제품,기름,미라클,모닝,불안,사랑,남자,무한,완성,규모,아웃,두부,베이글,치즈,대방어,닭똥집,생선,고기,우삼겹,계란,닭가슴살,등심,조개류,조개,하몽,삶은 계란,통닭,닭발,가리비,와사비,코인육수,된장,쌈장,고춧가루,들기름,마라소스,감자,트러플,명이나물,알배추,다진마늘,딸기,메론,나물,배추,마늘,송이,채소,생초콜릿,초콜릿,초코,아메리카노,커피,아이스아메리카노,녹차라떼,라떼,말차,소맥,녹차,브랜디,마라샹궈,마라탕,국물,티라미수,홀케이크,닭발튀김,버거,감자전,트러플파스타,컵라면,라면,초코베이글,초밥,디저트,초코케이크,육수,된장찌개,안주,묵은지,돈까스,냉우동,등심카츠,김치찜,토핑,가리비치즈구이,김치볶음밥,채소찜,반숙,중식,딤섬,케이크,튀김,파스타,우동,김치,구이,숙취해소,피스타치오,푸드파이터,레시피,저당,메뉴,냉털,초코맛,셰프,냉장,패딩,교복,교복치마,치마,아웃핏,카페트,조명,가구,소파,창문,해머,인테리어,규조토발매트,택배상자,상자,글라스,보틀,냉장고,중문,배송,픽업,전화,택배,렌즈,배터리,집전화,숙취해소제,비행기,학기,종강,계절학기,시험,중학생,알파벳,스킨케어 제품,스킨,브러싱,붓기,네일,유화,노래,완성본,경주여행,숙소,비엔비,여행 블로그,여행,계획여행,줌바댄스,인형,소설책,마커,카공,블로그,소설,뽑기,레저,관람차,모임,인형뽑기,결제,단가,영업,코인,소비,신드롬,숙취,비듬,보상심리,리소스,디엠,에어팟,롯데,위고비,엽기떡볶이,롯데몰,용성통닭,백억커피,맥켈란,크로프트커피,초코송이,오제제,짜파게티,픽베이크,붕어싸만코,세터,브랜디멜빌,세라,아따맘마,캐캐체,신한,벅스,인스타그램,더엠브로시아,에어비앤비,홍대,터래기,정인지,호날두,수아,소연,나메코,민서,데이데이,서현,은수,고마츠 나나,오빠,할아버지,할머니,회장,아버지,여왕,불당,천안역,속초시,해변가,바다,가게,카페,수원,행궁동,두바이,아프리카,학교앞,사천,여행사,천안시,경주,학교","인테리어 좋다,사람 많다,잘먹다,좋게하다,노래 좋다,손절,비싸다,취향저격,가고 싶다,마시고 싶다,먹고 싶다,좋다,안좋다,개꿀,감사하다,노력하다,최애,열받다,즐기다,엄청나다,좋아하다,불안하다,사랑하다,커피 좋다,초코 좋다,귀찮다,힘들다,남다르다,시간 없다,웃기다,지나치다,묵묵하다,분위기 오지다,짜증나다,싫어하다,미안하다,강하다,살 찌다,귀엽다,미친놈,지랄하다,야무지다,존귀,귀엽지 않다,예쁘다,처먹다,예쁜 남자,못하다,섹시하다,아늑하다,찐따,꾸러기,부드럽다,맛있다,맵다,기름기 올라오다,커피 맛있다,맛있는 곳,맛없다,맛 떨어지다"
14352352938,BL000000014352352938,2025년 연말~2026년 1월 업적: 음주와 폭식 1탄,https://blog.naver.com/star__secret/224151193848,블로그,네이버블로그,제티언니 메모장,2026-01-18,긍정,"가족연말파티,아바타3,강남,사당,상수,금문고량주,먹부림","발목,강아지,아기강아지,거북,머리,연말,하루,단기간,기간,토요일,일요일,연초,점심,구정,생일,새해,영원,시간,아침,오전,일주일,새벽,업적,증량,블로그글,마지막,미녀,알코올,방어,저장,사람,웨이팅,현실,생각,헐레벌떡,메뉴판,남자,대표,시비,실수,도게자,순간,기억,사과,화해,인간,생일선물,케이스,그룹,회식,예감,상황,이야기,진심모드,준비,가족,합동,용돈,만취,카운트,다운,친구,어른이,어른,지역,일반관,인기,알부자,부자,문제,결론,선물,신년계획,고민,마무리,회피형,모습,지지부진,불도저,일기,기분,계속,진정,다음,구경,수면,모드,해제,이유,찬조,공짜,반갈죽,명란,갑오징어,오징어,불고기,양꼬치,양갈비,양고기,고기,음료수,커피,소주,말차,고량주,조개찜,술찜,야끼소바,티라미수,말차케이크,갑오징어 불고기,오징어 불고기,음주,식단,메뉴,땅콩,테이블,접시,베란다,화장실,회전문,전화,핸드폰,치료,택시,사진,노래,관악,운동,블로그,마커,송년회,연말파티,생일파티,민정,주주총회,카드,회사,수지,법카,출장,조기퇴근,퇴근,야근,경찰,폭식,장님,거북목,기절,상수,케이스티파이,스타벅스,홍과장,제티,이가네,유니클로,아바타: 불과 재,아이맥스,CGV,카카오톡,맹구,카야,홍길동,개리,안나,과장,사장,아버지,어머니,예비남편,아기,팀장,리더,상수역,사당역,동네,합정,특별시,서울특별시,마포구,독막로,강남,강남역,강남구,테헤란로,테헤란,동작구,동작대로,외양간,카페,남부순환로,서점,삼성역,순대국집","사람 많다,만족하다,끝내주다,추천 받다,가깝다,도망치다,아프다,좋아하다,미안하다,잘하다,좋다,슬프다,홀가분하다,찜찜하다,안봐도 뻔하다,뜻깊다,만취하다,제대로이다,지지하다,싫어하다,먹고 싶다,민망하다,만만하다,말 잘하다,미치다,귀엽다,멋있다,스윗하다,가볍다,맛있다,억지로 먹다"
14353247214,BL000000014353247214,히로시마 돈키호테 위스키 가격정보 후지그랜드 위스키 가격정보 200ml 미니어쳐 위스키,https://blog.naver.com/ysb66ysb/224151177222,블로그,네이버블로그,봉봉이네 여행일기,2026-01-19,중립,"일본,히로시마,여행,위스키,주류,가격정보,돈키호테,후지그랜드,위스키가격,500ml,200ml,미니어쳐,면세한도,350ml","가격,정보,그랜드,공유,구매,구경,가족,방문,오픈,도착,바람,재미,올드,로얄,한정판,엔트리급,대체적,합리적,디자인,초점,위치,인터넷면세점,혜택,이상,할인,시리즈,일반,판매,제품,가격할인,콜라보,일본여행,여행,미니어쳐,마커,포스팅,면세,면세한도,결제,금액,결제일,보모,몰트,위스키,주류,하이볼,정리,요이치,돈키호테,산토리,잭다니엘,카발란,와일드 터키,라프로익,보모어,발렌타인,에비스,신세계면세점,롯데면세점,롯데면세,글렌피딕,발베니,맥라렌,롯데카드,엔트리,토스페이,달마,히로시마,마트,일본,면세점,미야기","빈약하다,구매하다,사고싶다,비싸다,가격 합리적,할인 받다,후지다,빠르다,중요하다,다양하다,재미있다,좋다,좋아하다,아쉽다,아쉬운 마음,못하다"
14355173009,BL000000014355173009,송리단길 맛집 빅풋 하이볼바 분위기 좋은 데이트 장소,https://blog.naver.com/beany90/224152331099,블로그,네이버블로그,DOBBY IS FREE,2026-01-19,긍정,"빅풋하이볼바,송파맛집,송리단길맛집,송파술집,송리단길술집,송파나루역맛집,송파나루역술집,송파나루역,잠실술집추천,잠실하이볼바,잠실데이트,잠실소개팅,송리단길데이트,송리단길소개팅,송리단길데이트코스,송리단길하이볼바","커트,영업시간,매주,월요일,요일,정기휴무,오늘,후기,고민,분위기,위치,매장,정보,라스트오더,도보,내부,전반적,대화,인지,방문,커플,세팅,느낌,포인트,덕분,공간,설명,탄산,선택,마실,메뉴판,주문,영수증리뷰,작성,증정,리뷰이벤트,진행,참고,알콜향,전체적,예정,냄새,합격,조합,마지막,서비스,감성,마커,데이트장소,소개팅,집들이,데이트,선결제,직원,메뉴,음식,불향,식감,간장베이스,김부각,닭목살,고기,양념,생와사비,와사비,진저,나물,젤리,위스키,하이볼,탄산수,진저에일,토닉워터,탄산수하이볼,육회,감태김밥,김밥,바지락술찜,닭목살구이,구이,안주,기본안주,참나물,상추무침,참나물무침,인테리어,조명,테이블,식기,팝콘치킨,꾀돌이,산타,송리단길,맛집,하이볼바,서울 송파구,백제고분로,특별시,서울특별시,송파나루역,출구,골목,잠실,술집","분위기 좋다,차분한 분위기,디테일 신경쓰다,술안주 만족스럽다,안주 만족스럽다,만족하다,추천하다,좋다,소소하다,취향 맞다,힘들다,제대로이다,느끼하지않다,귀엽다,아기자기하다,꾸미다,자연스럽다,테이블 귀엽다,상큼하다,감성적이다,잘 어울리다,부드럽다,가볍다,부드러운 식감,과하지 않다,은은하다,향 과하지않다,맛집,맛있다,달지않다,위스키 풍미있다,풍미 만족스럽다,풍미 있다,풍미 살다,맛 가득하다,담백하다,퍽퍽하지않다,쫄깃하다,시끄럽지않다,조용하다"
14355180387,BL000000014355180387,강민경 위스키 뚜껑 따는 방법 미쉘꾸브어 미셸쿠브어 오픈 어떻게 여나요,https://blog.naver.com/qrwdr/224152333874,블로그,네이버블로그,"경험, 위스키, 이야기",2026-01-19,중립,"강민경위스키여는법,미쉘쿠브어여는법,미셸쿠브어여는법,미셸꾸브어여는법,미셸쿠브어위스키오픈,인트라바간자오픈,오버에이지드여는법,강민경위스키,강민경위스키이름,미쉘쿠브어위스키,미셸쿠브어종류,미셸쿠브어코르크,인트라바간자코르크,프랑스위스키,강민경위스키따개,미쉘쿠브어인트라바간자,미셸쿠브어인트라바간자,미쉘쿠브어오버에이지드,미셸쿠브어오버에이지드,미쉘쿠브어cs,미셸쿠브어도수,미쉘쿠브어와인오프너,강민경위스키와인오프너,위스키따개,프랑스위스키종류,스플래쉬인터내셔널,미퀠쿠브어도수,미셸쿠브어뚜껑,미쉘쿠브어뚜껑,intravaganza","왁스,파리,주말,새벽,뚜껑,방법,오픈,라이브,이벤트 당첨,원기옥,인생,당첨,동행,처음,마실,도수,가격,형성,문제,상황,발생,단계,제품,오버,인지,이름,의미,마크,동일,가능,절대적,중간,위치,개똥,주변,코르크,형식,도구,사용,추가,최고급,석회암,숙성,고급,불편,파리여행,지우개,면세,아몬드,해산물,위스키,와인,쉐리,소금커피,치킨,석회,와인오프너,오크통,GS25,꾸브라꼬,메이커스 마크,쿠브,강민경,미쉘,형님,큰형,한국어,이탈리아어,용산,프랑스,면세점,리쿼샵,대한민국,녹지","다채롭다,사치스럽다,황당하다,재미있다,잘모르다,정확하다,중요하다,연결 되지않다,어지럽다,눅눅하다,간편하다,위스키 진득하다,화려하다,독특하다,뚝심 있다,어우러지다,잘 어울리다,지저분하다,쌉쌀하다"
14358523248,BL000000014358523248,나고야 위스키 불모지에서의 위스키투어 나름의 수확과 면세점 주류코너,https://blog.naver.com/kms791414/224153663205,블로그,네이버블로그,미수의 식도락 여행기,2026-01-20,중립,"왓츠인마이블로그,2025블로그챌린지","당일,하루,불모지,수확,주류코너,꼭대기,오른쪽,가능,고민,스피릿,판매,알맹이,가격,선택,나라,에디션,지하,매장,GATE,store,발견,목적,구입,쿠폰,감동,눈빛,할인,먹이,종류,블랑,블루,시리즈,전리품,선물,매입,골드,전반적,스위트,비용,수수,장어,위스키,와인,리큐어,NAG,박스,비콘,투어,마커,터렛,면세,카드,계산,현금,매입가,금액,에이즈,퍼센트,빅카메라,더 글렌리벳,글렌터렛,와일드 터키,조니 워커,야마자키,마커스,셀러,나고야,면세점,일본,장어집,주류판매점,사카에,후쿠오카,지하철역,백화점,나고야역,대한민국,전당포,공항","종류 많다,가격 괜춘하다,수수료 있다,비싸다,합리적 가격,저렴하게 구입하다,저렴하다,가고 싶다,사고싶다,좋아하다,후회하다,소중하다,맛있다"
14359434176,BL000000014359434176,"가진 건 없지만 사람으로 가득 채운, 그리고 고양이를 곁들인 - 12월 일기",https://blog.naver.com/reasonpic_/224153984633,블로그,네이버블로그,바다가 되어 하늘을 구경할래,2026-01-21,중립,,"고양이,대가리,다리,뱃살,얼굴,빵댕이,엉덩이,손가락,강아지,개구리알,주댕이,송곳니,눈알,너구리,돼지,뒤통수,오리,머리,가마우지,내장,개구리,반달가슴곰,연말,새해,지금,오랜만,아침,초기,오늘,현대,저녁,작년,점심,어제,생일,내년,성탄절,당일,주말,시간,사람,일기,생각,다짐,주변,친구,조립,광기,난리,구경,점검,주인,사랑,적응,철수,꼬라지,의미,미니,표정,햄부기,글자,방법,개막,반납,노숙자,소리,마감,타임어택,시작,대리구매,입장,동시,테스트,기억,이벤트,사이즈,해명,아저씨,홀로,인수,비주얼,모양,오픈,티켓,인증샷,모습,풍경,단풍,장면,공간,무늬,궁디,하늘,높이,구라,상황,발생,추가,주차,입뺀,등록,집주인,바람,명품,거울샷,화면,페트,기타,요리용,매번,대형,도착,아줌마,총각,옆자리,당혹,부담,루틴,최후,멤버,후기,참석,포기,다음,무드,탐구,한정,다인원,골드,화해,완료,마지막,라운드,차이,깃털,분리,귀국,더블,네컷사진,테마,부자,부스,시대,최고,보양,커플,처음,동기,추억,방어,막차,귀가,미수,신고,고무,봉지,기름냄새,기름,둔갑,편식,외출,어르신,생신,흥분,순위,공개,발견,어른,지옥,행사,회식,라이브,세션,다이어트,감량,증량,느낌,증기,필수,웨이팅,미숙,마중,퇴장,쪽지,랜덤,내용,대기,계획,권력,영수증,길이,걱정,탈출,크기,취침,고앵이,정산,조합,예정,진행,무사,합류,리뷰,기대,대박,얼먹,처녀,검색,유리,세계,건물,논쟁,구매,정석,재롱,모자이크,냄새,뿌리,외관,장난,추천,첨가,리버뷰,특별,초록색,햇빛,계속,미혼,여성,휴먼,술밥,보리,식빵,당면,베이글,미숫가루,고기,어묵,오징어,구슬 아이스크림,계란,아이스크림,통다리,치즈,살코기,크림치즈,연어,소고기,생크림,크림,장어,닭발,쏘가리,양미리,석화,된장,참기름,다대기,후추,양념,홍시,딸기,당근,배추,양배추,대추,버섯,시금치,복숭아,양파,감자,할라피뇨,감자칩,음료수,아이스티,차음료,막걸리,소주,아이스아메리카노,칵테일,샴페인,소맥,네그로니,하이볼,커피,콜라,주류,위스키,말차,된장찌개,반찬,무스,마라탕,족발,김치,빙수,김밥,라면,육회,치킨,감자탕,또띠아,토스트,한식,안주,튀김,감자튀김,디저트,닭도리탕,보양식,파스타,수육,계란후라이,국물,소세지빵,야키토리,꼬치,중식,감바스,어묵탕,굴전,상추 참치 비빔밥,비빔밥,크림리조또,떡볶이,츄러스,꼼장어,케이크,시금치덮밥,덮밥,칼국수,계란죽,돼지고기 김치찌개,쿠키,카레,김밥전,닭갈비,머핀,바베큐,순대국,순대,피자,메뉴,요리,아침밥,카페인,식사,입맛,식후,잠옷,후드,유니폼,지갑,주머니,가방,키링,침대,테이블,책장,천장,코타츠,인테리어,장판,프레임,상자,대야,바구니,바가지,핫팩,박스,가마솥,음료홀더,냉장고,밥통,우리집,엘리베이터,바닥,통창,정리,배송,배달,설치기사,픽업,배달부,TV,모바일,밴드,찜질,기차,택시,버스,연말콘서트,콘서트,사진,스토리,가요,노래,무대,캐롤,가사,애니,해외축구,종이봉투,장난감,보드게임,티켓팅,낮잠,주사위,총게임,스탬프,문구,방탈출,블로그,모음집,그네,놀이기구,캠핑,애옹이,사료,스크래처,모임,전화통화,파티,미팅,춘천여행,숙소,펜션,여행,국경,자국,카드,결제,회사,사면,호적,몸살,감기,소화,고소공포증,공포증,도둑,사기,사건,미수범,알바,인수인계,시위,사회,금관,아방가르드,인공지능,사이버,AI 기술,스탠바이미,더현대,하이디라오,서울감자탕,바다회사랑,불닭,엽닭,스트로베리 초콜릿 생크림,스타벅스,춘천닭갈비,쿠앤크 크림,바틀샵,샤넬,마르니,빌라레코드,나솔,이혼숙려캠프,오하아사,르노,다방,유튜브,트위터,배달의민족,B마트,바이브,멈머,춘식이,민호,햄토리,이춘식,샤갈,산타,라바,가로우,언니,동생,시장,가수,아버지,딸내미,청소년,어머니,이모,롯데월드타워,타워,경주,카페,무덤,국립박물관,박물관,마트,주차장,편의점,식당,일본,찜질방,라바트,가게,위층,자메이카,삼각지,용산,놀이터,공항,병원,또랑,롯데월드,포차,노래연습장,소극장,극장,맛집,출구,소양강,스카이워크,춘천시,마켓,지하도,순대국집,레고랜드","사람 많다,이름 모르다,이꼬라지,한정적,잘먹다,별로다,수상하다,구매하다,가고 싶다,고기 야들야들하다,빠르다,잘 어울리다,맛있다,달달하다,고소하다,맛 신기하다,맛집,맛있는진 모르다,맵다,맛없다,맛있는것 같다,칼칼하다,맛나 보이다,아름다운 풍경,멋진 뷰,뽀얗다,짜임새 있다,종이 좋다,의미 없다,따로놀다,좋다,피곤하다,배부르다,웃기다,귀찮다,쉽다,봉투 좋다,널널하다,요상하다,도망치다,노을 아름답다,신나다,감사하다,이상하다,모자르다,아프다,놀랍다,잘못되다,먹고 싶다,짜증나다,이해하다,잘못하다,웨이팅 빡세다,노곤하다,싫다,기분 나쁘다,심심하다,억울하다,좋아하다,황송하다,눈부시다,기막히다,재미있다,무섭다,망연자실하다,축하하다,가깝다,즐겁다,반갑다,잘하다,설레다,황홀하다,행복하다,겁나다,부담스럽다,아깝다,궁금하다,슬프다,할 말이 없다,언급하다,당황스럽다,건강하다,겁 없다,멋있다,밝다,귀엽다,차분하다,미치다,지랄하다,눈알,아름답다,예쁘다,자태 섹시하다,섹시하다,쿨하다,못하다,뽀용하다,맑다"
14370838485,BL000000014370838485,상봉역 상봉먹자골목 간술하기 좋은 2차 술집 미스터교자 상봉점,https://blog.naver.com/wedding14/224158238887,블로그,네이버블로그,별명은 없지만 블로그는 있어요,2026-01-24,긍정,"상봉역술집,상봉먹자골목술집,상봉역간술,상봉역2차술집,미스터교자상봉점,상봉역간맥,상봉2차술집,상봉술집","운영시간,매일,간술,처음,영업정보,위치,라스트오더,가능,근처,다음,감성,내부,소개,느낌,포스터,디자인,해석,원본,발음,종류,상단,매장,주문,자숙,차이점,차이,궁금증,대답,조리방식,특징,기본,뚜껑,수증기,방식,사용,조리,기름,전체적,애용,나라,생각,가격대,간맥,소주파,단체,뉴스,저가형,인원,주변,일본여행,마커,프랜차이즈,초저가,저가,마비,메뉴,요리류,요리,식감,조리법,대표메뉴,대두,새우,갈비,닭날개,고추기름,생맥,생맥주,맥주,하이볼,주류,소주,교자,꼬치,국물요리,국물,튀김요리,마파두부,갈비튀김,완탕,기본안주,군만두,만두,찐만두,만둣국,한국식 만두,안주,테이블,냉장고,프라이팬,주소,바닥,전화번호,포장,미스타교자,토리아에즈,처음처럼,참이슬,교자만두,생마차,제미나이,일본어,상봉역,먹자골목,술집,인근,서울특별시,중랑구,출구,맛집,특별시,일본,마라도,대한민국,이자카야","종류 많다,부담 없다,추천하다,추천 해주다,좋다,좋아하다,궁금하다,고맙다,힘들다,귀찮다,차이 크다,다양하다,실망하다,간단하다,무난하다,어렵다,소소하다,좋지않다,촉촉하다,냄새나다,맛집,맵다,맛 똑같다,바삭하다,매콤한 맛,맛 줄다,매콤하다"
14371159949,BL000000014371159949,"괌 | ABC 스토어 추천 상품, 바나나보트 선크림 맥주 태닝키티 마카다미아 기념품 가격",https://blog.naver.com/snowminseo12/224158370781,블로그,네이버블로그,일상 속 행복,2026-01-24,긍정,"괌기념품,괌기념품추천,괌abc스토어,괌abc마트,괌abc마트간식,괌편의점,괌편의점추천,괌태닝키티,괌선크림","머리,오늘,24시간,시간,하루,스토어,추천상품,가격,물건,종류,기타,댓글,방법,판매,지역,느낌,개인적,취향,차이,의견,참고,마실,처음,제품,외국,이름,추천,기념,인기,고민,주변,사람,허니,패키지,친구,디자인,소품,인어,분홍,실용,선택지,선택,모양,분위기,사용,방문,접근성,접근,운영,확인,감사,요구르트,밀크,복숭아,딸기,블루베리,과자,감자칩,초콜릿,크림맥주,맥주,음료수,하와이맥주,괌맥주,소주,녹차,위스키,깔루아,안주,바베큐,맥주안주,야식,컵라면,라면,마카다미아,입맛,슬리퍼,샌들,모자,팔찌,헤어핀,장식품,방수팩,상자,타월,텀블러,해외배송,정리,선크림,스프레이,태닝,면도,사진,그림,기념품,괌 여행,동남아여행,여행,휴양,관광객,관광,중국 관광객,중국관광,포스팅,포장지,인형,우쿠렐레,미니어쳐,마커,바나나보트,물놀이,튜브,물총,물가,예산,생산,수출,소비,회사,플루,술병,피코,한화,엠앤엠즈,IPA맥주,빅웨이브,웨이브,순하리,레이즈,불닭,까르보불닭,옥수수 수염차,헤네시,짐빔,SPF50,코나,태닝키티,키티,아기,중국인,공주,우리나라,편의점,갤러리,대한민국,브루어리,휴양지,일본,오사카,미국,바다,학교,지점","패키지 만족하다,예쁜 디자인,유명하다,종류 많다,별로다,비싸다,저렴하다,구매하다,마시고 싶다,추천하다,궁금하다,무섭다,좋다,다양하다,종류 다양하다,쉽다,힘들다,강하다,눈 띄다,간단하다,반갑다,초콜릿 좋아하다,좋아하다,눈 들어오다,어렵다,식품 좋다,잘하다,부족하다,예쁘다,못하다,포장 귀엽다,귀엽다,꾸미다,유용하다,어울리다,시원하다,순하다,씁쓸한 맛,맛 다양하다,짭짤하다,맛있다,단짠하다"
14373762787,BL000000014373762787,일본 후쿠오카 여행 (1),https://blog.naver.com/tigersxe/224159299938,블로그,네이버블로그,호아누나 일상,2026-01-25,긍정,,"얼굴,저녁,시간,내일,하루,도착,예약,전문,레전드,사이트,방문,조합,마무리,발견,행복,후쿠오카 여행,숙소,마커,뽑기,소고기,고기,노른자,계란,샐러드,감자,생맥,오마카세,함바그,햄버거,튀김,포토샵,일본,청주,후쿠오카 공항,후쿠오카,전문점,텐진,뽑기방","가격 좋다,가고 싶다,안좋다,가깝다,귀찮다,설레다,좋다,부들부들,미치다,맛 반하다,맛있다"
14379542221,BL000000014379542221,"타이항공 TG659 인천 - 방콕 수완나품 비지니스 클래스 후기 (기내식, 라운지 후기)",https://blog.naver.com/mingdudang/224161605009,블로그,네이버블로그,밍쥬의 블로그,2026-01-27,긍정,"타이항공,타이항공비지니스,타이항공비지니스방콕,타이항공방콕기내식,타이항공방콕비지니스,타이항공비지니스기내식","동물,시간대,시간,오전,후기,탑승,생애,최초,버프,경유,변경,재미,비행,예약,최대,도착,최우선,로얄,등급,탑승자,이용,기준,중요,다짐,행복,다음,이동,실버,총평,음식 퀄리티,마지막,마무리,게이트,시작,입장,출처,기체,배열,중간,세월,흔적,매번,신세계,좌석,간격,공간,웰컴드링크,마실,욕망,메뉴판,증정,항공,소재,순항,도달,친절,기억,처음,메인디쉬,주문,냉동,사육,계속,시그니처,꿀잠,정수리샷,비교,훈제연어,양고기,고기,소고기,치즈,아이스크림,과일,주류,화이트와인,맥주,커피,샴페인,레드와인,음료수,타이티,밀크티,기내식,라면,컵라면,갈비찜,플래터,디저트,음식,아침식사,메뉴,식사,견과류,요리,입맛,실크,극세사,슬리퍼,블랭킷,카트,어메니티,항아리,비행기,승무원,클래스,셋팅,안타,신혼여행,체크인,이코노미,항공편,이륙,포스팅,마커,결제,비즈니스,계열사,직원,이용가,혈당스파이크,신라면컵,타이항공,아시아나항공,싱가포르 항공,크리스,안나,인천광역시,방콕,수완나품,라운지,몰디브,공항,인천국제공항,터미널,상주,창가,기내,항공사","괜찮다,좋게하다,그냥그렇다,만족하다,비싸다,돈 벌다,추천하다,즐기다,좋다,종류 다양하다,다양하다,귀찮다,아쉽다,느낌 좋다,좋아하다,이상하다,힘들다,퀄리티 좋다,마시기 좋다,빠르다,친절하다,어질다,부드럽다,맛있다,꿀맛,맛있는것 같다,조용하다"
14379899653,BL000000014379899653,[정자역 맛집] 올드 톰,https://blog.naver.com/dalpoombiz/224065528344,블로그,네이버블로그,비버의 아껴둔 이야기,2026-01-27,긍정,"올드톰,정자역,정자맛집,정자아이스크림,정자바,정자위스키,정자올드톰","고양이,정자,기념일,올드,기념,이벤트,주문,개인적,취향,추가,처음,관심,대박,경기,마커,술병,삼겹살,베이컨,아이스크림,쌈장소스,초콜릿,하이볼,칵테일,위스키,안주,접시,와이프,바텐더,정자역,맛집,경기도 성남,분당구","정신 없다,아쉽다,가깝다,재미 없다,재미지다,특이하다,가볍다,맛집,맛있다"
14381675033,BL000000014381675033,마곡역 맛집 퓨전 한식 안주와 다양한 술 페어링 추천해요,https://blog.naver.com/labell_1/224162395322,블로그,네이버블로그,빵야빵야,2026-01-28,긍정,"마곡역맛집,올빼미둥지,마곡맛집추천,마곡술집,퓨전한식","올빼미,입안,시간,영업시간,늦저녁,근처,기본,이야기,흥미,마무리,판단,확인,둥지,이름,주소지,검색,중앙,위치,생각,대화,분위기,간격,느낌,메뉴판,준비,라인업,선택폭,구비,일행,취향,시작,처음,집중적,애호가,구성,모습,일품,퀄리티,수준,매력,베이스,궁금증,깊이,다음,장점,선택지,선택,검정색,주문,비주얼,압도적,압도,재료,기분,탐색,보양,기대,공존,리스트,이유,추가,혜택,국내,무료,주종,유료,진행,옵션,희소,희소식,조화,주차,방문,운영,저녁약속,장소,맞춤,전반적,기반,음식 퀄리티,친구,추천,기대작,반주,마커,데이트장소,정책,직원,저녁식사,식사,메뉴,요리,음식,식감,감칠맛,육류,치마살,육사시미,채끝,고기,해산물,양념,주류,하이볼,증류주,전통주,위스키,사케,소주,싱글몰트,와인,퓨전한식,안주,육회,해신탕,국물,보양식,수육,페어링,간판,조명,테이블,접시,숟가락,콜키지,전화번호,발베니,글렌피딕,조니 워커,마곡역,맛집,밥집,술집,마곡,가게,모임장소,서울특별시,강서구,특별시","설명 마음에 들다,괜찮다,만족하다,부담 없다,만족 시키다,인정하다,추천하다,정책 관대하다,편리하다,어우러지다,안성맞춤,가볍다,부드러운 식감,과하지 않다,시원하다,은은하다,맛집,다양한 음식,신선하다,쫄깃하다,육즙 풍부하다,맛 살려주다,위스키 괜찮다,감칠맛,쫀득하다,풍미 살아나다,식감 좋아하다,아늑한 분위기,분위기 좋다,자유롭다,분위기 편안하다,색감 선명하다,색감 신선하다,정갈하다,시각적 만족스럽다,푸짐하다,다양하다,기분 좋다,눈 띄다,해결하다,좋다,편안하다,적당하다,오붓하다,수월하다,손색 없다,든든하다,즐겁다,궁금하다,진하다,기대되다,감탄하다,복잡하다,제대로되다,잘못하다,쉽다,좋아하다,즐기다,인상 깊다,훌륭하다,돋보이다,시선 사로잡다,완벽하다,술안주 훌륭하다,매력적이다,관대하다,조화롭다,친절하다"
14385361525,BL000000014385361525,마곡 맛집 올빼미 둥지 분위기 좋은 퓨전 한식과 술 한잔,https://blog.naver.com/hanzu_bin/224163787872,블로그,네이버블로그,주빈의블로그,2026-01-29,긍정,"마곡,마곡술집,마곡육회,마곡데이트,강서맛집","올빼미,신경,입안,피부,원숭이,숄더,새벽,영업시간,둥지,발견,분위기,베이스,제공,이름,느낌,인상적,메뉴판,준비,선택폭,리스트,주차,기대,첫인상,활기,대화,무드,조성,간격,매력,종류,선택지,선택,생각,비주얼,일품,다음,주문,계속,기분,자극,건더기,포기,정석,동시,덕분,추가,이유,장점,검정색,구비,국내,프리,혜택,이용,유료,진행,참고,마무리,재방문,재방문의사,방문,기반,라인업,전반적,음식 퀄리티,경험,공간,시도,중앙,마커,데이트,영업,음식,식사,메뉴,요리,입맛,육즙,식욕,대표메뉴,식감,풍미,육류,치마살,육사시미,채끝,고기,해산물,닭고기,새우젓,소금,양념,양념장,채소,주류,하이볼,증류주,위스키,사케,싱글몰트,와인,퓨전한식,육회,해산물 요리,해신탕,국물,수육,콜라겐,페어링,간판,인테리어,테이블,접시,숟가락,콜키지 프리,전화번호,발베니,글렌피딕,조니 워커,마곡,맛집,식당,가게,밥집,술집,서울특별시,강서구,특별시","흔하지않다,특별하다,인기 있다,인기 알다,부담 없다,만족하다,추천하다,적합하다,어우러지다,잘 어울리다,과하지 않다,시원하다,부드럽다,쫀쫀하다,은은하다,맛있는 냄새,맛집,맛있다,곁들이기좋다,신선하다,고소하다,맛 살려주다,깊은 맛,진한 맛,맛 느끼다,고기 담백하다,쫀득하다,맛 잘어울리다,조용하다,분위기 좋다,정갈하다,푸짐하다,편안하다,다양하다,눈 띄다,활기띠다,행복하다,고민스럽다,좋다,데이트 좋다,적당하다,시간 있다,재미 쏠쏠하다,자격 있다,따뜻하다,야들야들하다,든든하다,손색 없다,명확하다,즐겁다,즐기다,취향 맞다,큰 장점,시간 없다,자신 있다,아늑하다,인상적이다,시선 사로잡다,훌륭하다,싱싱하다,비주얼 감탄하다,조화롭다,술안주 훌륭하다,매력적이다,인상 깊다"
14385706397,BL000000014385706397,마곡역 맛집 퓨전 한식과 11가지 하이볼 만나보세요,https://blog.naver.com/hopal10/224163920628,블로그,네이버블로그,호팔이 낙서장과 그림판,2026-01-29,긍정,"마곡역맛집,마곡맛집,올빼미둥지,마곡술집,강서구맛집","올빼미,입안,영업시간,시간,근처,둥지,발견,발걸음,운영,주차,베이스,제공,설명,호기심,메뉴판,준비,선택폭,종류,정수,처음,주문,선홍빛,일품,조합,퀄리티,리스트,생각,매력,다음,냄새,보양,느낌,재료,기분,메뉴추천,덕분,계속,일행,긍정,반응,컬렉션,장점,라인업,검정색,선택,국내,무료,사람,증거,정성,조리,조화,걱정,전반적,기대,경험,선택지,재방문,재방문의사,분위기,평가,중앙,탐방,마커,맛집탐방,데이트장소,정책,치마살,육사시미,채끝,고기,해산물,닭고기,전복,양념,채소,하이볼,주류,위스키,싱글몰트,전통주,증류주,음료수,퓨전한식,육류요리,육회,국물,해신탕,보양식,술안주,수육,가지요리,저녁식사,메뉴,요리,음식,육즙,감칠맛,시그니처 메뉴,풍미,해치,페어링,간판,테이블,플레이트,뚝배기,숟가락,접시,콜키지,전화번호,발베니,글랜피딕,조니 워커,마곡역,맛집,가게,밥집,술집,식당,서울특별시,강서구,마곡,특별시","흔하지않다,마음에 들다,부담 없다,만족하다,좋게 보다,추천하다,서비스 갖추다,구성 좋다,깔끔하다,부드러운 식감,과하지 않다,묵직하다,자극하다,부드럽다,가볍다,은은하다,잡내 없다,맛집,다양한 음식,먹음직스럽다,고소하다,쫀득하다,감칠맛,깊은 맛,맛 느끼다,신선하다,식감 자랑하다,음식맛 훌륭하다,아늑한 분위기,분위기 좋다,다채롭다,큼직하다,푸짐하다,편안하다,눈길 끌다,재미 쏠쏠하다,진하다,손색 없다,뜨끈하다,노곤하다,이해하다,든든하다,좋다,긍정적이다,다양하다,즐기다,취향 맞다,제대로되다,큰 장점,이상스럽다,기분 좋다,시간 있다,독특한매력 있다,자태 감탄하다,싱싱하다,독특하다,훌륭하다,매력적이다,못하다,뛰어나다"
14388655558,BL000000014388655558,마곡 맛집 퓨전 한식과 주류 다양성 모두 잡은 곳,https://blog.naver.com/rnlduadl_/224165032152,블로그,네이버블로그,"Welcome,",2026-01-30,긍정,"마곡맛집,마곡술집,강서구맛집,마곡데이트,올빼미둥지","입안,올빼미,영업시간,저녁,현대,시간,양성,다양성,저녁약속,방문,기반,기대,동시,입구,도착,확인,운영,검색,추천,경험,순간,덕분,주차,접근성,메뉴판,조합,준비,구성,선홍빛,일품,퀄리티,재방문,재방문의사,매력,베이스,종류,퓨전,제공,수준,느낌,주문,전통적,현대적,재해석,노력,계속,이유,과정,추가,비주얼,압도적,압도,생각,부위,다음,시도,결과적,공존,특유,솜씨,특제,리스트,선택폭,일행,취향,라인업,검정색,국내,무료,최고,선택지,선택,전반적,둥지,정성,공간,중앙,전통,문구,마커,모금,데이트,육류,치마살,육사시미,채끝,전복,해산물,양념장,주류,하이볼,전통주,위스키,사케,소주,싱글몰트,증류주,퓨전한식,육회,술안주,해신탕,국물,수육,안주,약재,메뉴,신선도,음식,식감,풍미,요리,식사,미식,생명,페어링,조명,콜키지,전화번호,발베니,글렌피딕,조니 워커,한약,마곡,맛집,식당,밥집,술집,가게,서울특별시,강서구,특별시","특별하다,만족하다,즐겨 먹지 않다,괜찮다,신뢰하다,추천하다,가치 느끼다,가치 있다,어우러지다,깔끔하다,부드러운 식감,시원하다,은은하다,향 어우러지다,향 조화롭다,잡내 없다,맛집,맛있다,고소하다,다양한 음식,깊은 맛,진한 맛,맛 궁금하다,쫄깃하다,식감 매력있다,위스키 괜찮다,분위기 좋다,분위기 있다,정갈하다,큼직하다,다양하다,즐기다,흥미롭다,안심하다,미묘하다,편안하다,세련된 느낌,접근성 만족스럽다,기대 크다,감탄하다,궁금하다,눈 들어오다,흥미 유발하다,섬세하다,든든하다,신선한 해산물,몸에 좋다,쌀쌀한 날씨,따뜻하다,절실하다,좋다,큰 장점,아끼다,다양한 경험,즐거운 시간 보내다,인상 깊다,시선 사로잡다,훌륭하다,매력 있다,돋보이다,매력적이다,좋은 분,세련되다"
14389350218,BL000000014389350218,마곡역 맛집 올빼미 둥지 신선한 육회와 해신탕,https://blog.naver.com/review5080/224165317119,블로그,네이버블로그,review5080,2026-01-30,긍정,"마곡역맛집,마곡맛집,올빼미둥지,마곡데이트,강서구술집","올빼미,입안,영업시간,시간,둥지,근처,베이스,컨셉,발견,방문,이름,흥미,예상,첫인상,긍정,설명,검색,정보,경험,확인,동시,공간,매력,시도,궁금증,준비,라인업,일행,취향,생각,목적,조화,처음,메뉴판,눈길,활용,주문,비주얼,기대,일품,수준,부위,구성,종류,느낌,기운,선택,보양,기분,정수,특유,조리,매치,강점,특징,다양성,인상적,검정색,구비,사람,밸런스,국내,무료,배려,덕분,내부,전체적,간격,방해,운영,주차,분위기,인상,전반적,선택지,프리,혜택,기억,다음,중앙,구술,마커,맛집탐방,술자리,데이트,퇴근,저녁식사,요리,음식,메뉴,육즙,산미,단맛,식사,치마살,육사시미,채끝,육류,고기,해산물,닭고기,양념장,양념,간장,주류,하이볼,전통주,위스키,싱글몰트,증류주,육회,해신탕,퓨전한식,육류요리,국물,탕요리,보양식,수육,페어링,조명,테이블,접시,콜키지,콜키지 프리,전화번호,발베니,글렌피딕,조니 워커,마곡역,맛집,식당,가게,밥집,술집,서울특별시,강서구,마곡,특별시","만족 시키다,마음에 들다,만족하다,부담 없다,질 좋다,좋은 음식,추천하다,퀄리티 좋다,잘 어울리다,어울리다,적합하다,깔끔하다,과하지 않다,부드러운 식감,부드럽다,잡내 없다,은은하다,맛집,신선하다,다양한 음식,맛 새롭다,고소하다,풍미 살아나다,맛 느끼다,맛있다,진한 맛,깊은 맛,맛 진하다,감칠맛 나다,비린 맛,쫄깃하다,식감 좋아하다,식감 없다,쫀득하다,식감 적다,담백하다,식감 살다,식감 있다,단맛,대화소리 크다,소리 방해되다,소리 크지않다,아늑한 분위기,분위기 좋다,분위기 있다,색깔 진하다,다채롭다,정갈하다,푸짐하다,편안하다,긍정적이다,즐기다,기대감 높다,다양하다,수월하다,달성하다,섬세하다,좋다,큰 장점,진하다,따뜻하다,쉽다,쌀쌀하다,제대로되다,기대하다,좋은점 많다,즐겁다,좋아하다,적당하다,여유롭다,편안해지다,먹고 싶다,즐거운 시간 보내다,시간 있다,독특하다,꾸미다,매력적이다,인상 깊다,부족하다,조합 훌륭하다,훌륭하다,환상적이다,인상적이다,조화롭다,세심하다,아늑하다"
14391781615,BL000000014391781615,마곡역 맛집 퓨전 한식과 다양한 주류 완벽 조화,https://blog.naver.com/k90mmmm/224166204327,블로그,네이버블로그,k90mmmm님의 블로그,2026-01-31,긍정,"마곡역맛집,올빼미둥지,마곡맛집,마곡술집,퓨전한식","입안,신경,올빼미,시간,영업시간,완벽,조화,근처,이야기,기반,분위기,발견,설명,기대,발걸음,인상적,메뉴판,선택지,선택,제공,고민,친구,의논,조합,매력,색감,일품,완성,생각,추가,주문,비주얼,압도적,압도,시작,이해,재료,인위적,방문,실패,부위,냄새,압권,공존,특성,느낌,계속,컬렉션,리스트,종류,구비,검정색,국내,무료,덕분,공간,베이스,간격,대화,집중,고려,점수,주차,장점,전체적,둥지,경험,선사,퀄리티,구현,준비,시도,계획,사람,존재,중앙,해시태그,태그,삽입,맛집투어,마커,술자리,데이트,저녁식사,메뉴,음식,요리,고소한맛,신선도,식욕,식사,별미,국물맛,식감,육사시미,치마살,채끝,해산물,닭고기,고기,주류,하이볼,전통주,위스키,사케,싱글몰트,증류주,퓨전한식,육회,해신탕,국물,술안주,수육,안주,페어링,해시,인테리어,테이블,조명,냄비,콜키지,전화번호,발베니,글랜피딕,조니 워커,식사마,마곡역,맛집,식당,밥집,술집,가게,동네,특별시,서울특별시,강서구,마곡","특별하다,만족하다,신뢰 가다,추천 받다,추천하다,시너지 좋다,편리하다,완성도 높다,적합하다,어울리다,부드러운 식감,자극하다,부드럽다,가볍다,은은하다,잡내 없다,맛집,다양한 음식,신선하다,쫄깃하다,고소한맛,고소하다,맛있다,깊은 맛,시원한 국물,건강한 맛,담백하다,쫀득하다,식감 느끼다,질기지않다,새콤하다,느끼하다,음식맛 깊다,맛 인상 깊다,분위기 있다,플레이팅 감탄하다,클래식하다,분위기 좋다,다채롭다,정갈하다,푸짐하다,다양하다,편안하다,즐기다,눈 들어오다,질리다,좋다,든든하다,힘들다,궁금하다,감탄하다,종류 다양하다,취향 맞다,제대로되다,중요하다,세련된 느낌,적당하다,이상스럽다,자신 있다,독특하다,세련되다,인상적이다,매력적이다,뛰어나다,매력 있다,싱싱하다,전반적 차분하다,훌륭하다,부족하다,존재감 확실하다"
14392046385,BL000000014392046385,마곡역 맛집 퓨전 한식과 증류주 콜키지 무료 꿀팁,https://blog.naver.com/minjookim09/224166310152,블로그,네이버블로그,minjookim09님의 블로그,2026-01-31,긍정,"마곡역맛집,마곡맛집,마곡술집,올빼미둥지,마곡데이트","올빼미,입안,오랜만,영업시간,오후,새벽,시간,무료,꿀팁,발걸음,장소,물색,근처,기반,둥지,결정,리스트,도착,확인,운영,주차,정보,방문,분위기,인상적,느낌,메뉴판,이름,유독,구성,일품,재료,사용,확신,다음,생각,보양,조화,고민,선택,모습,기분,분리,날씨,수준,행운,주문,차원,선사,압권,제공,정성,덕분,매력,계속,선택폭,다양성,준비,라인업,검정색,규정,국내,취향,일행,공간,전체적,집중,대화,방해,설명,음식 퀄리티,유지,베이스,시도,종류,조합,전반적,경험,선택지,혼자,재방문,재방문의사,중앙,마커,데이트,육군사관학교,식사,메뉴,육즙,국물맛,감칠맛,몸보신,식감,풍미,음식,요리,포만감,육류,치마살,육사시미,채끝,고기,사시미,해산물,전복,낙지,닭고기,양념,증류주,주류,하이볼,전통주,위스키,싱글몰트,퓨전한식,육회,해신탕,국물,수육,해치,내부인테리어,조명,테이블,접시,수저,젓가락,콜키지,전화번호,발베니,글렌피딕,조니 워커,마곡역,맛집,마곡,밥집,술집,가게,서울특별시,강서구,특별시","설명 마음에 들다,부담 없다,기본 충실하다,만족하다,추천하다,선명하다,퀄리티 좋다,생각 좋다,가치 충분하다,가치 느끼다,적합하다,깔끔하다,과하지 않다,시원하다,부드럽다,사르르 녹다,가볍다,은은하다,잡내 없다,맛집,다양한 음식,신선하다,먹음직스럽다,고소하다,짭쪼름한 맛,깊은 맛,맛 느끼다,감칠맛,맛 풍부하다,맛있다,쫄깃하다,식감 적다,쫀득하다,음식맛 깊다,맛 인상 깊다,분위기 있다,분위기 좋다,정갈하다,두툼하다,푸짐하다,든든하다,기분 좋다,시간 있다,즐기다,기대 크다,편안하다,좋다,제대로되다,제대로이다,눈 들어오다,진하다,풍부하다,쉽다,진정하다,다양하다,좋아하다,거리 적당하다,안좋다,질리다,확실하다,인상적이다,시선 사로잡다,싱싱하다,매력적이다,술안주 훌륭하다,훌륭하다,차분하다,꾸미다,일정하다,넉넉하다"
14321876181,CF000000014321876181,부산 스태그 & 메막 셀러에이지드 구매 가능 매장,https://cafe.naver.com/whiskycognac/828235,카페,네이버카페,위스키코냑클럽,2026-01-08,중립,,"구매가능,매장,생각,정식,신세계,재고,게시판,이용,주의사항,삭제,금지,게시글,이름,제품명,표시,구입기,구입처,정보,개인,거래,자랑,언급,문의,댓글,쪽지,이벤트용,이벤트,참여,후기,내용,협찬,혜택,국내,구매,예시,참고,질문,미부착,부착,판매,라벨,매입,해외,구입,유도,면세,재판매,위스키,불법유통,사면,불법,한글,셀러,부산,해운대,백화점","구매하다,비싸다,좋다"
14298423257,DC000000014298423257,----,https://gall.dcinside.com/mgallery/board/view/?id=whiskey&no=1432789,커뮤니티,디시인사이드,위스키 갤러리,2026-01-01,중립,,"지금,현재,블랙라벨,올드,도수,지출,가격대,추천,가능,예정,기타,질문,스토어,밀봉,종류,표시,리셀,가치,금지,국내,반입,세금,금액,마약,포도맛,위스키,쉐리,캐스,보틀,피노,카발란,발베니,카소,아세트아미노펜,감기약,처방,병사,거주지,주류점,대만,마데이라","구매하다,추천 해주다,좋다,안좋다,좋아하다,깔끔하다,끝맛 좋지않다,맛 좋지않다,맵다,달콤하다"
14322939688,DC000000014322939688,위고수님들 팔렛 느끼기가 너무 어려워요,https://gall.dcinside.com/mgallery/board/view/?id=whiskey&no=1441360,커뮤니티,디시인사이드,위스키 갤러리,2026-01-09,부정,,"신경,이마,스모키,고수,이전,뉴비,나열,레어,더블,블루,알코올,기분,감각,우드,느낌,팔레트,마커,견과류,바닐라,위스키,글랜피딕,카발란,팔렛,러셀","어렵다,아쉽다,맛 느끼다,짭짤하다,맛있다,다양한 맛,맛 아쉽다"
14328213940,DC000000014328213940,버번 위린이의 버번3대장 후기,https://gall.dcinside.com/mgallery/board/view/?id=whiskey&no=1443537,커뮤니티,디시인사이드,위스키 갤러리,2026-01-11,긍정,,"아세톤,대장,버팔로,물소,칠면조,후기,마크,기준,기억,에어링,끝판왕,사람,시트러스향,순간,중간,다음,목표,싱글,위린이,과일향,위스키향,초코맛,바닐라,바나나,초코,버번,위스키,메이커스 마크,와일드 터키,트레이스,손해일,러셀","좋다,애매하다,호불호 갈리다,가깝다,잘모르다,궁금하다,맛 느끼하다,맛있다"
14334271798,DC000000014334271798,입문 1년차 위린이 위스키 마시면서 느낀점,https://gall.dcinside.com/mgallery/board/view/?id=whiskey&no=1446447,커뮤니티,디시인사이드,위스키 갤러리,2026-01-13,긍정,,,
14369141798,DC000000014369141798,신형메막cs 같이 최근 평 좋은 위스키,https://gall.dcinside.com/mgallery/board/view/?id=whiskey&no=1459425,커뮤니티,디시인사이드,위스키 갤러리,2026-01-23,중립,,"신형,근처,가격,종류,위스키",좋다
117446896,IG000000000117446896,양장피랑 탕수육 경상남도 하동군 진교면 석정!!! 저희 부모님이 하시는 가게랍니다 제 요리 유전자는 부모님을 쏙 빼닮았나봐요.‍‍‍  여기 짜장면이 진짜 맛있구요 이렇게 가끔 친구들이랑 먹으려고 포장해오기도 해요.  양장피랑 탕수육!!! 술안주로 완전 최고죠!! 다른 사람들은 와인 마실 때 저는 메이커스마커 위스키!!!!  요즘 위스키에 맛들렸어요 ㅎㅎㅎ 오늘의 먹부림 끝!!!!  #석정 #하동중국집 #짜장면 #탕수육 #양장피 #하동 #메이커스마크 #위스키그램,https://www.instagram.com/p/DTCqtNiltC2,인스타그램,인스타그램,,2026-01-03,긍정,"석정,하동중국집,짜장면,탕수육,양장피,하동,메이커스마크,위스키그램","오늘,친구,사람,마실,먹부림,마커,요리,와인,위스키,양장피,탕수육,짜장면,술안주,유전자,포장,메이커스 마크,부모,경상남도,하동군,하동,진교면,가게,중식당","맛있다,맛 들리다"
42717711426,TW2012865322861428758,"산토리 메이커스마커 광고에 키린지의 Alien이 아이나 디 엔드가 출연해 부른 버전으로 쓰임. 

メーカーズマーク『異星人たち』篇 30秒 桜井ユキ アイナ・ジ・エンド サントリー https://t.co/4EUrvZSSZ1 - @YouTube",https://x.com/paper_song/status/2012865322861428758,X(트위터),X,paper_song,2026-01-18,중립,,"광고,버전,출연,마커,산토리,린지,al",
14397030869,BL000000014397030869,마곡역 맛집 퓨전 한식과 증류주 콜키지 무료 혜택 누리세요,https://blog.naver.com/sm920921/224168308955,블로그,네이버블로그,sm920921님의 블로그,2026-02-02,긍정,"마곡맛집,올빼미둥지,마곡데이트,마곡술집","올빼미,입안,저녁,새벽,시간,오늘,무료,근처,저녁약속,장소,베이스,분위기,발견,발걸음,처음,메뉴판,설명,매력,인상적,생각,둥지,후기,개성,기대,주문,고민,색감,종류,재료,조합,퀄리티,동시,다음,구성,시작,선택,이유,특유,모습,표현,경험,장점,선택폭,준비,라인업,검정색,이전,조화,국내,시도,서비스,전체적,느낌,일정,방문,주차,접근성,메뉴추천,간격,대화,욕구,정성,기반,취향,강점,중앙,마커,데이트장소,데이트,영업,직원,메뉴,음식,요리,고소한맛,국물맛,식욕,식사,육사시미,치마살,채끝,육류,닭고기,고기,해산물,전복,양념,증류주,주류,하이볼,전통주,싱글몰트,퓨전한식,육회,해신탕,국물,수육,반찬,페어링,조명,테이블,접시,찜기,콜키지,콜키지 프리,발베니,글렌피딕,조니 워커,마곡역,맛집,식당,밥집,술집,가게,서울특별시,강서구,마곡,특별시","인테리어 깔끔하다,인테리어 편안하다,분위기 있다,마음에 들다,만족하다,괜찮다,부담 없다,균형 있다,푸짐하다,추천 해주다,추천하다,혜택 누리다,경계 모호하다,망설이다,편안하다,즐기다,손색 없다,뚜렷하다,다양하다,즐겁다,눈 띄다,질리다,든든하다,기대하다,진하다,개운하다,쉽다,윤기 흐르다,감 없다,아끼다,큰 장점,좋다,바쁘다,접근성 괜찮다,적당하다,제대로되다,독특하다,매력적이다,인상적이다,매력 있다,술안주 훌륭하다,완벽하다,못하다,친절하다,질기다,어울리다,최적이다,어우러지다,과하지 않다,자극하다,시원하다,부드럽다,은은하다,맛집,다양한 음식,신선하다,먹음직스럽다,고소한맛,고소하다,맛 느끼다,풍미 깊다,시원한 국물,깊은 맛,고기 담백하다,담백하다,맛 좋아하다,위스키 괜찮다,맛있다"
14397099807,BL000000014397099807,마곡역 맛집 퓨전 한식과 증류주 콜키지 무료 혜택 누려보세요,https://blog.naver.com/wooribank159/224168330997,블로그,네이버블로그,wooribank159님의블로그,2026-02-02,긍정,"마곡역맛집,마곡맛집,올빼미둥지,마곡술집,강서구맛집","올빼미,신경,입안,시간,저녁시간,영업시간,무료,베이스,둥지,발견,방문,처음,도착,분위기,기대,생각,설명,메뉴판,고민,기회,조합,애호가,표현,퀄리티,경험,다음,시도,비주얼,압도적,압도,인상적,계속,선택,덕분,리스트,저장,정점,일행,주문,특유,제공,인기메뉴,이해,재주문,선택폭,장점,종류,준비,라인업,검정색,국내,배려,매력,편의성,전반적,대화,집중,주차,사람,마무리,계획,고려,인상,친구,기억,선택지,프리,혜택,재방문,재방문의사,중앙,마커,모임,데이트장소,데이트,영업,메뉴,식사,요리,음식,감칠맛,육류,치마살,육사시미,채끝,고기,해산물,닭고기,양념,채소,증류주,주류,하이볼,전통주,위스키,싱글몰트,퓨전한식,육회,육류요리,해산물 요리,해신탕,국물,수육,인테리어,숟가락,콜키지,콜키지 프리,전화번호,발베니,글렌피딕,조니 워커,마곡역,맛집,마곡,식당,가게,밥집,술집,서울특별시,강서구,특별시","아늑한 분위기,분위기 좋다,차분한 분위기,괜찮다,마음에 들다,선호하다,만족하다,전체적 만족스럽다,강력 추천하다,추천하다,푸짐하다,혜택 누리다,다양하다,즐기다,눈 띄다,편안하다,행복하다,고민스럽다,제대로이다,지나치다,윤기 흐르다,따뜻하다,든든하다,깊은 인상,야들야들하다,좋다,좋아하다,기대 저버리지않다,고민 없다,궁금하다,큰 장점,여유롭다,취향 맞다,즐거운 추억,추억 만들다,선명하다,편하다,싱싱하다,인상적이다,독특하다,훌륭하다,세심하다,매력적이다,사르르 녹다,부드럽다,과하지 않다,잡내 없다,맛집,신선하다,쫄깃하다,맛 살려주다,깊은 맛,진한 맛,질기지않다,시원한 국물,느끼하다,식감 선사하다,깔끔한맛,감칠맛,쫀득하다,식감 즐기다,곁들이기좋다,안주 즐기다"
14397270903,BL000000014397270903,마곡역 맛집 퓨전 한식과 다양한 술 완벽한 밸런스예요,https://blog.naver.com/iee9846/224168406968,블로그,네이버블로그,iee9846님의블로그,2026-02-02,긍정,"마곡역맛집,마곡맛집,올빼미둥지,마곡술집,강서구맛집","올빼미,신경,영업시간,시간,밸런스,근처,둥지,베이스,설명,흥미,컨셉,발걸음,분위기,처음,방문,메뉴판,제공,기반,일행,상의,주문,결정,이유,기대,선택,모습,선홍빛,냄새,퀄리티,인상적,동시,구성,매력,다음,몸건강,예고,재료,기운,표현,일품,사람,계속,생각,리스트,추가,선택폭,종류,준비,구비,검정색,라인업,국내,무료,노력,장소,배려,전반적,운영,이야기,주차,접근성,접근,서비스,느낌,덕분,전체적,선택지,주종,평가,중앙,식사,메뉴,요리,감칠맛,육즙,풍미,음식종류,음식,육류,치마살,육사시미,채끝,해산물,닭고기,고기,양념,무말랭이,주류,하이볼,전통주,위스키,사케,싱글몰트,증류주,퓨전한식,육회,육류요리,국물,해신탕,수육,장아찌류,장아찌,접시,냄비,콜키지,전화번호,마커,맛집탐방,정책,직원,해치,발베니,글렌피딕,조니 워커,마곡역,맛집,밥집,술집,가게,서울특별시,강서구,마곡,특별시","마음에 들다,괜찮다,만족하다,선명하다,고기 신선하다,편하다,불편함 없다,어우러지다,잘 어울리다,최적이다,깔끔하다,깔끔해지다,자극하다,과하지 않다,시원하다,부드럽다,부드러운 식감,잡내 없다,누린내,맛집,다양한 음식,신선하다,고소하다,감칠맛,고기 담백하다,담백한맛,깊은 맛,진한 맛,맛 조화롭다,맛 느끼다,쫄깃하다,음식 맛있다,맛있는 곳,분위기 좋다,색깔 진하다,정갈하다,시각적 훌륭하다,푸짐하다,다양하다,편안하다,눈 들어오다,눈 띄다,먹고 싶다,지루하다,즐기다,진하다,건강한 느낌,쌀쌀하다,따뜻하다,든든하다,손색 없다,민감하다,좋아하다,큰 장점,종류 다양하다,세련된 느낌,친절하게 설명하다,기분 좋다,중요하다,즐거운 시간 보내다,성공적이다,완벽하다,아늑하다,돋보이다,인상적이다,비주얼 감탄하다,훌륭하다,술안주 훌륭하다,좋은 분,세심하다,매력적이다"
14415600623,BL000000014415600623,[대전] 로지오뎅 어은점｜오뎅탕과 하이볼 즐기기 좋은 술집,https://blog.naver.com/lyrical2-/224119647135,블로그,네이버블로그,정서의 하루,2026-02-07,긍정,"로지오뎅,로지오뎅어은점,대전오뎅,대전술집,어은동술집,어은동이자카야,어은동맛집,대전이자카야,대전하이볼,대전여행맛집","입안,영업시간,일요일,시간,지금,하루,감성,참고,사항,단체,가능,예약가능,주차,주차불가,조합,날씨,방문,분위기,기대,후기작성,매장,외관,느낌,덕분,내부,생각,다찌석,좌석,모임용,마련,선택,준비,혼술,공간,특징,용도,방법,상태,주문,개인,계속,마지막,서비스,정성,구성,개성,이름,순간,인상적,재미,원픽,자극,리뷰이벤트,추가,탄산감,탄산,추가주문,예상,처음,총평,전체적,대화,마무리,전반적,완성,인정,선택폭,재방문,접근성,접근,재방문의사,다음,대전여행,마커,단체 모임,데이트,소규모 모임,위스키향,음식,어묵,오징어,유자소금,연겨자,간장,유자,하이볼,유자하이볼,주류,어묵탕,어묵꼬치,꼬치구이,꼬치,국물,유부,실곤약,술안주,오뎅국물,야키토리,간판,테이블,주소,다다미,전화번호,산토리 가쿠 하이볼,산토리,대전,술집,일본,맛집,유성구,광역시,대전광역시,이자카야,어은동,가게,오사카,오뎅집","선호하다,만족하다,부담 없다,만족도 높다,만족 높다,먹어보고 싶다,추천하다,서비스 제공되다,흡수 잘되다,자극적이지 않다,좌석 넓다,완성도 높다,잘 어울리다,어울리다,어우러지다,깔끔하다,가볍다,촉촉하다,부드럽다,은은하다,맛집,맛있다,쫀득하다,식감 살다,식감 있다,쫄깃하다,식감 독특하다,상큼한 맛,시끌시끌하다,시끄럽지않다,분위기 좋다,밸런스 좋다,즐기다,좋다,따뜻하다,좋아하다,이야기 좋다,쌀쌀하다,다양하다,궁금하다,안내 있다,소소하다,확실하다,진하다,감성 있다,좋은 분,인상 깊다,신기하다,인상적이다,특이하다,독특하다,상큼하다,활기 있다"
14425540219,BL000000014425540219,"북해도 렌터카 여행 8일 :: 시레코토 국립공원 투어, 아바시리 감옥 박물관, 플라밍고 징기스칸",https://blog.naver.com/room-sown/224179215831,블로그,네이버블로그,자기만의 방,2026-02-10,긍정,,"플라밍고,무릎,여우,날다람쥐,딱따구리,사슴,청설모,금요일,일차,오늘,아침,차주,시간,여름,겨울,올해,예전,저녁,오늘 하루,체험,정비,쇄빙선,바람,날씨,가이드,마지막,하트,보라,분리,물결,모양,깊이,사람,접근,구간,한정,발견,생각,상태,흔적,처음,도로,부착,이동경로,추적,설명,야행성,개체수,겨울잠,꿀잠,선잠,제보,계속,경험,여자,인사,지역,무료,자판기,한정판,하늘,전망,길이,계단,호강,눈물,시설,분위기,반전,역사적,이야기,사용,마네킹,느낌,귀신,예상,일몰,탈출,노상,지도,방문,냄새,서비스,리필,스몰토크,생김,양고기,고기,아이스크림,된장소스,간장소스,시럽,버섯,마늘,생강,채소,양파,진저,고구마,매실,콜라,하이볼,고구마소주,진저에일,소다,소주,야식,우동,얼음,신발,목걸이,아이젠,벽지,화장실,바닥,별거,픽업,핸드폰,마사지기계,밴드,분만,차량,트럭,일본어,대학생,렌터카여행,투어,여행,가이드투어,호텔,숙소,체크인,지역축제,관광객,번역,탁구대,만화책,마커,스티커,워킹,스키장비,식민지,식민,사업,폭풍,죄수,알바생,사면,연골연화증,GPS,역사관,펩시,코카콜라,프레쉬,숏츠,구글 지도,징기스칸,남편,일본인,흑인,한국인,홋카이도,국립공원,아바시리,감옥,박물관,지점,대한민국,일본,동굴,관광안내소,대학교,미국,전망대,귀신의 집,레스토랑,가나","멋진 뷰,관광객 없다,끝내주다,별로다,나쁘지않다,피곤하다,잃어버리다,잘하다,쉽다,힘들다,무섭다,좋다,궁금하다,당황스럽다,재미있다,노노하다,으스스하다,불쾌하다,진하다,침울하다,기분 나쁘다,여행 즐겁다,평점 좋다,이상하다,흘러내리다,서비스 주다,손 크다,못하다,멋지지않다,멋있다,신기하다,상냥하다,귀엽다,안맞다,건조하다,말랑하다,맛있다,간장 맛있다,밍밍하다,달달하다,맛 나쁘지않다,맛이 없다"
14425860569,BL000000014425860569,술(酒)이 없는 캠핑,https://blog.naver.com/five__gun/224179338978,블로그,네이버블로그,마당을 나온 돼지,2026-02-10,중립,"캠핑,겨울캠핑,동계캠핑,양평,양평캠핑,캠핑음식","허리,왼발,오른발,고양이,발끝,일주일,점심,저녁,다음날,아침,주사,감사,시작,도착,주문,마크,근처,추가,입성,길이,스페셜,사람,책임,장작,칩거,준비,표면,고민,배치,제로,마실,기대,처음,솜씨,굽기,제거,손질,스피드,확보,극락,알코올,이중,추위,참고,타임,비주얼,마일드,조사,사이트,장정,남자,조합,공기,정신,기분,피자치즈,장어,갈빗살,생선,소세지,양념소스,생강,마시멜로우,주류,양주,테킬라,제로맥주,복소사,무알코올 맥주,피자,낙곱새,라면,캠핑음식,감칠맛,별미,카페인,신발,테이블,의자,쿠션,등유,포장,정리,카메라,신경주사,조각,그림,경기,펜션,체크아웃,마커,캠핑,화롯대,텐트,난로,불멍,토치,화로대,겨울캠핑,동계캠핑,모임,수다타임,수다,통증,록다운,기절,수혈,강추위,파세코,아이폰,코스트코,메이커스 마크,준마이다이긴죠,농협하나로마트,불닭,인스타그램,한강,이민형,하남,양평,캠핑장,약수동,경기도,양평군,옥천면,멕시코","뷰 끝내주다,인기 좋다,극심하다,마음에 들다,숙취 없다,사고싶다,회복하다,짜릿하다,캠핑 즐겁다,즐겁다,미안하다,못 만들다,즐기다,기대하다,말짱하다,가치 있다,빠르다,생각 좋다,못하다,이쁘다,훌륭하다,야무지다,멋있다,맑다,맛있다,맛이 없다,감칠맛"
14434530392,BL000000014434530392,"마장동 정육식당 인생한우의 투뿔 꽃등심, 한우 살치살, 한우된장찌개, 하이볼(서울한우맛집, 가성비 소고기, 주말 웨이팅, 내돈내산)",https://blog.naver.com/cityinorange/224182540436,블로그,네이버블로그,라이또의 상상,2026-02-13,긍정,"마장동정육식당,인생한우,투뿔꽃등심,한우꽃등심,한우된장찌개공기밥포함,하이볼,서울한우맛집,가성비소고기맛집,인생한우웨이팅,내돈내산,한우살치살","지방층,지방,주말,영업시간,매일,브레이크타임,오후,시간,인생,웨이팅,내돈내산,근처,소개,매장,현장 웨이팅,대기,방문,예상시간,상차림비,도움,부위,무게,요청,주문,주문메뉴,추가구매,이용,종류,생각,구비,나선형,모양,마블링,장난,숯불,도착,미디엄,웰던,다음,차례,느낌,선택,원플원,리프레시,재료,사이드,조합,최고,완성,공간,포스팅,마커,결제,가성비,축산,직원,고소,공깃밥,두부,한우,꽃등심,등심,살치살,소고기,고기,한우꽃등심,새우살,새우,윗등심,기본소스,양념,소금,와사비,마늘,궁채,채소,하이볼,와인,주류,위스키,한우된장찌개,물냉면,냉면,비빔냉면,된장찌개,양배추샐러드,무생채,물김치,김치,콩나물무침,양파절임,절임,육회,마늘장아찌,궁채장아찌,반찬,정육코너,메뉴,식사,상차림,육즙,고기맛,테이블,냉장고,식판,앞접시,불판,주소,전화번호,태블릿,투뿔등심,시장,마장동,정육식당,서울특별시,맛집,특별시,성동구,마장로,용두역,출구","흔하지않다,별로다,고기 괜찮다,질 좋다,추천하다,서비스 나오다,기름지다,편하다,깔끔해지다,깔끔하다,쾌적하다,시원하다,부드럽다,맛집,음식 맛있지않다,맛있다,먹음직스럽다,질기지않다,고소하다,맛 깔끔하다,느끼하다,구수한 맛,맛 괜찮다,육즙 적당하다,육즙 고소하다,빛깔 좋다,다채롭다,거대하다,촘촘하다,가성비 좋다,가격 좋다,비싸다,가성비 즐기다,양 많지않다,푸짐하다,즐기다,아깝다,쉽지않다,설명 잘 하다,뜨끈하다,느낌 좋다,좋다,다양하다,든든하다,허전하다,아쉽다,착하다,예쁘다"
14434863448,BL000000014434863448,대구 교동 술집 당주 분위기좋은 바 데이트코스 소개팅 발렌타인데이 추천,https://blog.naver.com/lover00h/224182671674,블로그,네이버블로그,그냥 이것저것 맛집 카페투어,2026-02-13,긍정,,"얼굴,원숭이,숄더,발렌타인데이,매일,생일,평일,내일,오늘,식전,시간,코스,추천,혜택,단체,내부,모습,방문,사용,오픈,사람,계속,대화,장소,분위기,블루리본,이유,적응,느낌,카운터,친구,주문,목넘김,야경,벽면,시그니처,모양,베이스,고급,허니,특유,탄산,매력,손님,특별한 날,데이트코스,마커,모금,소개팅,음식,트러플향,피넛,버터맛,땅콩,대구,갈빗살,등갈비,등갈비살,고기,조개,트러플오일,바닐라시럽,피넛버터,메이플시럽,양송이,포테이토,코코넛,생강,바닐라,카라멜,위스키,칵테일,모주,두유,전통주,탄산수,교동,스프,미역국,오일파스타,파스타,디저트,땅콩버터 샌드위치,트랙,조명,테이블,스탠드,인테리어,타월,수저,신양,마커스,술집,칵테일바,대구 중구,동성로,맛집,도시,하동,슈퍼,광역시,대구광역시 중구","분위기 좋다,고급스럽다,분위기 있다,로맨틱하다,인기 좋다,인기 있다,좋게하다,추천 해주다,좋다,다양하다,뜨끈하다,몸에 좋다,고기 좋다,진하다,느끼하지않다,스모키하다,청량감,즐기다,특별한 날,예쁘다,빛나다,멋있다,꾸미다,매력적이다,궁합 맞다,적절하다,부드럽다,자극하다,텍스처 부드럽다,은은하다,고소한 향,맛집,맛있다,크리미하다,고소하다,단맛 더하다,알싸하다,단맛 느끼하지않다,단맛 잡다,달달하다,느끼하다"
14436433198,BL000000014436433198,합정로타리 일본 감성 가득한 로바다야끼 술집 사와 하이볼 맛집 이자카야,https://blog.naver.com/sweetmayoyo/224183262315,블로그,네이버블로그,달콤마요의 여행올(All) 키즈(Kids),2026-02-14,긍정,"합정로타리,로바다야끼,이자카야,합정술집,상수역술집,합정혼술,여행올키즈,마요,달콤마요","땅거미,다리살,지방,하루,시간,일요일,심야,힐링타임,오랜만,저녁,감성,가로등,불빛,시작,마무리,사람,소개,휴무,손님,즉석,전문성,오픈,신상,도보,위치,분위기,로컬,취향,맞춤,혼술,저격,확인,재료,매력,세트,느낌,순간,마실,정석,이야기,개인적,기분,장점,피로,마스터,증명,탈리스만,주문,계속,덕분,눈물,주량,반전,원샷,정통,텐션,억텐,찐텐,기술,눈사람,모양,뿌리,미니,나이스,타이밍,등장,선택,특유,준비,과정,오감,만족,센스,대화,캐릭터,여자친구,접근성,혼술러,퍼포먼스,그림,여행,마커,칠판,모금,해산물,고기,사시미,생선,반숙계란,항정살,이베리코,닭다리,살코기,시치미,유즈코쇼,된장,채소,자몽,유자,감자,청양고추,하이볼,위스키,로바다야끼,안주,양배추샐러드,사라다,반숙,어묵탕,국물,요리,신선도,식재료,유자향,음식,세트메뉴,입맛,메뉴,매운맛,퇴근,직원,내적,페어링,테이블,젓가락,정리,요이치,산토리,수이진,제임슨 하이볼,짐빔하이볼,로바,와카코,심야식당,도라에몽,사장,키즈,합정,일본,술집,맛집,이자카야,서울특별시,마포구,독막로,합정역,출구,상수역,우메다,골목,대한민국,특별시","특별하다,거부하다,괜찮다,마시고 싶다,추천하다,빠르다,기름지다,마시기 좋다,구성 좋다,어울리다,깔끔하다,가볍다,과하지 않다,탱글하다,시원하다,묻어나다,상큼한향,매콤향,맛집,신선하다,맛있다,맛 느낌나다,맛있는 곳,쌉싸름하다,새콤달콤 상큼하다,맛이 없다,깔끔한맛,식감 좋다,식감 먹기좋다,매콤하다,고소하다,매운맛,맵다,소리 내다,가성비 좋다,가득하다,즐기다,좋다,느낌 좋다,비명 지르다,난리 나다,좋아하다,편안하다,기분 좋다,잘하다,적당하다,행복하다,사람 좋아하다,아쉽다,접근성 좋다,매력적이다,평범하다,미치다,반하다,상큼하다,매력 있다,센스 좋다,텍스처 매력적이다,친절하다,금손 인증"
14443185032,BL000000014443185032,분위기 좋은 위스키 바 추천 l 홍대 비터스 바 l 홍대 칵테일 바 l 입장부터 특별했던 감성 바 후기,https://blog.naver.com/gracevixx/224185609068,블로그,네이버블로그,히쭈의 20대 기록,2026-02-16,긍정,"홍대,홍대칵테일바,홍대칵테일,홍대위스키바,홍대위스키,홍대위스키바추천,비터스바,비터스","바디,오늘,오랜만,예전,추천,입장,감성,후기,위치,사람,순간,신사,느낌,방식,비밀,일반,처음,방문,내부,간격,대화,분위기,주문,가격대,방문객,나이대,구성,일반적,클래식,재미,매치,실패확률,시그니처,특징,취향,남자친구,색상,노란색,생각,특유,안정적,선택,목넘김,도수,알코올,존재,전반적,상태,관리,컨디션,제공,발생,참고,밸런스,베이스,구조,이점,준비,디테일,체감,장소,고민,체리,초콜릿,위스키 칵테일,위스키,쉐리,칵테일,가니쉬,메뉴,단맛,바디감,얼음,산미,스타일,책장,테이블,여성용품,화장실,댄스학원,가글,이미지,그림,마커,데이트,대부,MAC,히비키 하모니,맥켈란,쉐리캐스크,홍대,바텐더,위스키바,칵테일바,특별시,서울특별시,마포구,여의도동,술집","분위기 좋다,자유롭다,분위기 있다,특별하다,인기 있다,부담 없다,선호하다,만족하다,만족도 높다,만족 높다,추천하다,강추드리다,제대로되다,정말 아니다,힘든 것 같다,강하다,궁금하다,여유롭다,좋다,다양하다,좋아하다,정돈되다,무난하다,어렵다,전반적 좋다,잘하다,재미있다,안정적이다,마시기 좋다,독특하다,인상 깊다,귀엽다,존재감 확실하다,신기하다,적합하다,잘 맞다,깔끔하다,부드럽다,가볍다,과하지 않다,묵직하다,신선하다,맛있다,단맛,스파이시하다,맛 느끼다,목넘김 부드럽다,단맛 더하다,달지않다,시끄럽지않다,조용하다"
14443286124,BL000000014443286124,[제주술집/내돈내산]제주협재 사장님만의 취향이 가득한 캐쥬얼 바&가맥집_씨바 seabar,https://blog.naver.com/abc_7265/224185644088,블로그,네이버블로그,❤️예니의 소소한 일상❤️,2026-02-16,긍정,"맛도리잼도리,예니의소소한일상,제주협재술집,제주술집,제주협재맛집,제주협재여행,제주서쪽술집,제주서쪽여행,제주협재바,제주협재위스키바","봄베이,신경,오늘,명절,매일,저녁,영업시간,내돈내산,취향,일상,방문,소개,후기,참고,위치,운영,상황,변동,내부,이름,느낌,감각,소품,판매,선물,옆쪽,세정,제도,주변,주문,독보적,장점,가격,가격책정,레드,탄산,구경,재미,응대,이웃,무색,분위기,화덕,엔딩,감성,가성비,매장,대화,다음,다짐,맛도리,도리,기념품,관광,여행,마커,영업,마진,숙취,소세지,치즈,후르츠,파인애플,과자,나초,하이볼,증류소주,탄산수,위스키,버번,칵테일,주류,보드카,오마카세,안주,메뉴,캐주얼,조명,인테리어,테이블,세정제,코스터,화장실,조니 워커,말리부,손소독제,사장,제주특별자치도,술집,가맥집,맛집,제주시,한림읍,한림로,협재해수욕장,소품샵,가게,밤바다,바다,위스키바","트렌디하다,만족하다,가성비 있다,합리적 가격,저렴한 가격,가격 완벽하다,가득하다,추천하다,소소하다,좋다,시간 있다,전화 좋다,편안하다,다양하다,재미있다,좋아하다,설명 잘 하다,친절하게 응대하다,즐겁다,즐기다,간단하다,감사하다,행복하고 즐겁다,행복한 하루,편하다,반하다,밝다,아기자기하다,꾸미다,감각적이다,귀엽다,신기하다,독보적이다,친근하다,화장실 깨끗하다,화장실 쾌적하다,깨끗하다,시원하다,가볍다,맛집,달지않다,맛있다,곁들이기좋다"
14450756667,BL000000014450756667,[신도림역 작은술집원구] 신도림 조용한 술집,https://blog.naver.com/soni2_diary/224188114133,블로그,네이버블로그,쏘니의 이야기,2026-02-19,긍정,"신도림역술집,신도림이자카야,분위기좋은술집,조용한술집,신도림소개팅,신도림뒤풀이,신도림피로연,신도림하이볼,신도림혼술","직장,매일,시간,오늘,날씨,의미,근처,소개,미리보기,정보,도보,유동적,유동,휴무,이용,단골,예약,생각,도착,방문,매장,안내,고민,공간,메뉴판,페이지,사이드,추가,이중,주문,구경,감성,준비,동시,시작,뿌리,비주얼,다음,상태,리셋,느낌,해석,방법,퓨전,제공,수분,특권,수제,이유,혼술,사진,마커,포스팅,데이트,모임,피로연,소개팅,청첩장모임,뒤풀이,직장인,동파,공깃밥,밀가루,고기,새우,파슬리,와사비,고춧가루,간장,쯔란,양념,참외,양파,초생강,생강,고추,미나리,야채,주류,소다,위스키,하이볼,음료수,미나리새우전,가쿠니,안주,중식,동파육,갈비찜,중국음식,오마카세,육회,모찌리도후,메뉴,메인메뉴,요리,식사용,안주용,매운맛,음식,일본식,식감,바테이블,홀테이블,의자,받침대,옷걸이,가위,젓가락,오픈형 주방,이사,밀키스,한국인,사장,주민,신도림역,신도림,술집,가게,서울특별시,구로구,공원,출구,주차장,공영주차장,새말로,본점,특별시,요리주점,대한민국,이자카야,모임장소,혼술집","인기 있다,만족하다,믿음직하다,강추드리다,추천하다,편하다,입안 깨끗하다,서비스 주다,잘 어울리다,적합하다,깨끗하다,가볍다,부드럽다,촉촉하다,매운맛,달짝지근하다,안먹을 수 없다,매콤하다,맛있다,바삭하다,느낌 즐기다,쫀득하다,조용하다,인테리어하기 좋다,분위기 좋다,가성비 좋다,푸짐하다,좋다,충분하다,즐기다,강하다,좋아하다,예쁘다,감성적이다,오동통 하다,특이하다,신기하다"
14452535654,BL000000014452535654,"[목동, 오목교] 칵테일 바, 콜스 바 COLS BAR",https://blog.naver.com/shcofls97/224188818128,블로그,네이버블로그,ღ,2026-02-20,긍정,"목동칵테일바,목동칵테일,오목교술집,목동술집,오목교칵테일바,오목교칵테일,서울칵테일바,칵테일추천,오목교콜스바,목동콜스바,콜스바","진피,영업시간,휴무일,저녁,오늘,많관부,소개,휴무,오픈,내부,일행,프라이빗,왼쪽,구경,이야기,오른쪽,입구,사용,공용,종류,메뉴판,중간,이용팁,참고,리뷰,덕분,특징,릴스,노블,이름,대접,사람,핑크,컬러,라이트,애티튜드,불투명,하늘색,의견,맛표현,탄산감,탄산,입가심,미니,가족,계속,삼각형,다음,처음,느낌,검정색,기회,주문,블랙라벨,젊음,개인적,질감,목넘김,생각,카운터,추억,세대차이,네임,명함,뻥튀기,치즈,스모크치즈,까망베르 치즈,바질페스토,시럽,레몬,리치,캐모마일,석류,코코넛,복숭아,과일,크래커,칵테일,위스키,보드카,맥주,버번위스키,모히토,기본안주,치즈플래터,메뉴,입맛,코코넛맛,먹방유튜버,루비,모자,테이블,바테이블,열쇠,조명,왁스,물티슈,티슈,물수건,코스터,쉐이커,화장실,흡연부스,포장,스크린,네일,봄웜,사진,뮤직비디오,미니게임,보드게임,다트,마커,큐브,포장지,가위바위보,게임기,수다,상가,한글,스타벅스,조니 워커,글렌피딕,김이지,짱구,어머니,막내,동생,바텐더,언니,사장,누나,미국인,귀족,자식,목동,오목교,칵테일바,특별시,서울특별시,양천구,오목로,대로변,게임존,여자화장실,남자화장실,부산,몰디브","투명하다,종류 많다,부담 없다,괜찮다,별로다,마음에 들다,믿고 마시다,돈 벌다,추천하다,추천 해주다,좋다,여유롭다,즐기다,화장실 편하다,엄청나다,다양하다,어렵다,궁금하다,고맙다,좋아하다,감 있다,청량감,감 좋다,좋아하지 않다,아쉽다,종류 다양하다,스모키하다,풍부하다,환영하다,편하다,멋있다,예쁘다,신기하다,우아하다,상큼하다,귀엽다,착하다,당당하다,친절하다,화장실 깔끔하다,부드럽다,은은하다,향 덜하다,향 풍부하다,달다구리,맛있다,달지않다,맛 은은하다,맛 부드럽다,단맛 부드럽다,단맛 돌다"
14454021861,BL000000014454021861,위스키의 성지 신월동 우성그린마트 방문기::명절 모바일온누리할인,https://blog.naver.com/hsl5309/224189220221,블로그,네이버블로그,도레미파솔솔솔,2026-02-20,중립,"위스키성지,서울위스키성지,우성그린마트,우성그린마트위스키,우성그린마트온누리,우성그린마트와인,신월동우성그린마트,우성그린마트사케,우성그린마트발베니,우성그린마트영업시간,우성그린마트멕켈란,우성그린마트위스키추천,우성그린마트위스키2월,우성그린마트위스키가격,서울위스키성지마트,서울위스키성지비교,서울위스키성지온누리,서울위스키성지위치","대장,버팔로,명절,매일,시간,명절연휴,당일,기간,지금,월초,데일리,예전,오늘,영업시간,방문기,방문,할인,원정대,출동,술쟁이,입문,지양,상품,가능,단점,연중무휴,영업중,도착,오픈,입구,우드,국내,강자,시리즈,노란색,가격표,가격,로얄,에디션,기본,소개,더블,본격적,휘뚜루마뚜루,생각,구입,출시,가격할인,세트,판매,주기,트리플,오크,제품,예약,취소,모어,일반,버전,메탈,케이스,기원,기억,블루라벨,레드,라벨,블랙라벨,선택,후순위,순위,와일드,블루,사람,고민,계산대,충전,개인적,파란색,위치,확인,이득,수집,옥돔,고기,표고,견과류 초콜릿,위스키,와인,버번,쉐리,한국술,사케,안주,우리집,모바일,버스,지하철,전통,콘서트마스터,마커,온누리 상품권,본적,트레이더,영업,할인가,지진,우성,그린마트,산토리,글랜피딕,발렌타인,아벨라워,싱글톤,달모어,카발란,맥켈란,발베니,쉐리캐스크,듀어스,글렌피딕,재패니스 위스키,야마자키,하쿠슈,조니 워커,트레이더스홀세일클럽,포드,유튜브,한국인,병사,남편,성지,신월동,서울특별시,일본,특별시,양천구,호수공원,지하철역,광명,신정네거리역,신정역,마트,동네,대만,대한민국,우포,지점","사람 많다,나쁘지않다,잘먹다,별로다,종류 많다,구매하다,먹어보고 싶다,할인 받다,저렴하다,가성비 좋다,가격 좋다,비싸다,가격 있지 않다,할인 크지않다,할인 있다,가격 나쁘지 않다,가격 있다,저렴하지않다,좋다,위치 좋지않다,좋지않다,가깝다,잘모르다,한국인 좋아하다,아쉽다,좋아하다,조심하다,기대하다,대중교통 좋지않다,평범하다,노려보다,사람 좋다,이쁘다,잘 어울리다,가볍다,향 있다,맛있다,달콤하다,맵다"
14456943807,BL000000014456943807,2026.01ㅣ밀린 크리스마스 파티와 해피뉴이어에도 잘먹는 나,https://blog.naver.com/ynaxx0/224190470554,블로그,네이버블로그,유나네,2026-02-21,긍정,"피자스쿨오지치즈,피자스쿨꿀조합,크리스마스,크리스마스파티,광어세비체,일상,집밥일상,집밥일기,일상일기,연말파티,생생우동납작떡볶이,마라엽떡,짬뽕순두부,새해복받으세요,새복많,쿨라임피지오,방어,연어,숭어,두쫀쿠,화이트리에,한우파티,투썸신메뉴,투썸딸기밀크쉐이크,투썸케이크,탕추갈비,향라닭날개,카다이프쫀득마카롱,과메기,메이커스마커","다육식물,성탄절,오늘,매년,담날,저녁,과거,오랜만,새해,다음날,쉬는시간,해피,시작,준비,고민,주문,처음,사람,하트,루틴,끝물,구경,기념사진,결혼,소식,나이,체감,간맥,발견,보초,선물,휴무,이슈,가족,번개,방어,유독,주장,맛도리,추가주문,서비스,결정,해맞이,새해맞이,다짐,하이라이트,요청,쿠폰,종류,근처,덕분,현장,열풍,식데,다이어트,인생,의미,조합,마실,품절,나눔,마무리,순두부,두부,식빵,광어회,광어,치즈,새우,연어,꽃게,숭어,한우,고기,갈비,닭날개,과메기,감자,망고,콩나물,라임,딸기,블루베리,채리,음료수,맥주,생맥,소주,커피,밀크쉐이크,위스키,배달음식,피자,파티음식,세비체,해물누룽지탕,치즈피자,케이쿠,케이크,해장라면,떡볶이,마라떡볶이,짬뽕순두부,탕수육,떡국,마들렌,꽃게탕,석화찜,굴튀김,후식,두바이 쫀득 쿠키,감자튀김,치즈스틱,된장찌개,마카롱,분식,야식,옥수수빵,디저트,봄동비빔밥,신메뉴,메뉴,음식,파이프,인테리어,우리집,배달,포장,숙제,사진,크리스마스 마켓,블로그,마커,크리스마스파티,파티,회사,근무,퇴근,기절,생생 우동면,스타벅스,아사히,화이트리에,롯데리아,투썸플레이스,세라,락앤락,언니,아버지,어머니,사장,아버님,순두부집,두부집,카페,편의점,중식당,중국,식당","잘먹다,술 좋아하다,흐뭇하다,별로다,금액 크다,비싸다,강추드리다,강추,심금 울리다,좋아하다,행복하다,먹고 싶다,자랑하다,궁금하다,반하다,귀엽다,못하다,맛있다,맛 똑같다,배탈 나다"
14459611797,BL000000014459611797,"경주 1박2일, 경주 내돈내산 맛집 후기) 힐튼호텔, 부쉬, 오아시스, 단골식당",https://blog.naver.com/nadong_/224191464425,블로그,네이버블로그,나연구실,2026-02-22,긍정,"왓츠인마이블로그,2025블로그챌린지","돼지,토요일,오전,오늘,예전,저녁,다음날,아침,내돈내산,후기,단골식당,출발,휴게,운전,불안,피곤,방문,기본,객실,예약,업그레이드,오만,동시,구조,인생컷,화장,공영,중앙,주차,품절,사람,부지런,내외부,개인,주문,시대,사냥,올드,사운드,근처,소품,구경,힐링,성인,어른,스틸,고민,내부,느낌,친절,맛도리,마지막,웰빙,황토,오픈,단골,도착,기계,웨이팅,등록,의식,흐름,기록,리가토니,국밥,대구,크림,우렁이,불고기,오징어,망고,산도,하이볼,콜라,소떡소떡,디저트,크로플,두바이 쫀득 쿠키,오마카세,파스타,메밀막국수,쌈밥,돼지국밥,메뉴,한끼,식사,침대,테이블,거실,침실,욕실,전화,호텔,체크인,스위트룸,여행,주말여행,마커,근무,노동,직원,두통,소화,힐튼호텔,힐튼,인생네컷,오아시스,원효,토니,남편,부부,사장,경주,맛집,경산,휴게소,강릉,경상북도,로비,카페,식당가,주차장,베이커리,감성카페,동네,식당,녹지,가게,근교","사람 많다,부담 없다,가고 싶다,좋아하다,가깝다,좋다,안좋다,너무하다,낯설다,무리하다,기대하다,먹고 싶다,길 돌아가다,아쉽다,여행 좋다,편하다,잘되다,이쁘다,힙하다,멋있다,예쁘다,맛집,맛있다,맵다"
14460582994,BL000000014460582994,창동 데이트 코스 추천! 보스턴피자&777bar에서 즐기는 수제 피자와 칵테일,https://blog.naver.com/reallytough/224191836134,블로그,네이버블로그,세로로 자라는 하루,2026-02-22,긍정,"보스턴피자,강북수제피자맛집,노원수제피자맛집,창동보스턴피자,창동트리플세븐바,창동777바,창동데이트,창동역맛집,창동맛집,도봉맛집,창동역데이트","오늘,새벽,코스,추천,근처,보물,장소,소개,처음,분위기,매장,전체적,덕분,혼술,지인,완비,기계,감성,벽면,방문,필수,공간,정성,수제,랭킹,자연,사용,추가,사이드,조합,메뉴판,주문,고온,일반,일품,마일드,특유,탄산,계속,개발,끝부분,기분,친구,지하,단체,예약가능,무료주차,주차,가능,데이트코스,다트,게임,축구중계,마커,데이트,프랜차이즈,자연산,메뉴,식감,치즈맛,테이크아웃,반죽,피자도우,치즈,새우,아이스크림,베이컨,페퍼로니,피자치즈,특제소스,갈릭디핑소스,과일,마늘,나초,칵테일,위스키,위스키하이볼,하이볼,피자,수제피자,치즈피자,베이컨피자,반반피자,파스타,감바스,치킨텐더,치즈스틱,감자튀김,안주,페퍼로니피자,토핑,도우,고급요리,조명,바테이블,테이블,오븐,배달,콜키지,포장,스크린,치즈 크러스트,버팔로윙,슈프림,사장,창동,보스턴,창동역,맛집,미국,슈퍼,파티룸,특별시,서울특별시,도봉구,노해로,빌딩,출구,거리","분위기 좋다,잔잔하다,강력 추천하다,추천하다,즐기다,좋다,지인 좋다,다양하다,종류 다양하다,차원 다르다,제대로이다,진하다,파티 신나다,반하다,아늑하다,잘 어울리다,깔끔하다,청량하다,맛집,맛있다,쫄깃하다,질기지않다,달달한맛,매콤한 맛,맛 느끼다,알싸하다,부드러운 풍미,풍미 살리다"
14466649094,BL000000014466649094,4박 6일 미국 서부 여행 : 샌프란 마켓 트레이더조(Traider Joe's)/CVS/치폴레(chipolet) 멕시칸그릴 드디어 먹어봤다,https://blog.naver.com/glooooming/224194271260,블로그,네이버블로그,Ｓｉｌｅｎｔ Ｄｒｅａｍｅｒ．,2026-02-24,긍정,"트레이더조에코백,미국여행,샌프란여행,트레이더조,traiderjoe,CVS편의점,미국편의점,샌프란시스코트레이더조,샌프란시스코CVS,샌프란시스코맛집,샌프란시스코치폴레","파우더,샴푸,네일,할로윈데이,성수기,지금,근처,폐점,미니,시즌,새상품,상품,글레이즈,가격표,생각,코너,기본,에코,외국인,광고,주문방법,종류,기간한정,한정판,셀프,초대형,제도,최고,외국,비행,뇌절,여행,숙소,미국여행,창조경제,흰밥,잡곡밥,베이크드빈,치즈,바닐라시럽,조미료,페이스트,치미추리,호박,버섯,마늘,바닐라빈,당근,샐러드,야채,위스키,맥주,테킬라,메즈칼,음료수,치폴레,타코,스테이크,영양제,고기추가,영양,아사,생리,에코백,캐비닛,생리대,장바구니,그릴,접시,트레이더조,레이즈,잭다니엘,써브웨이,Franc,올리브영,웨이모,비행기,바퀴,미국,서부,마켓,가게,감옥,우포,식료품점,우리나라,편의점,마트,대형약국,공항,샌프란시스코,맛집","유명템,유명하다,종류 많다,비싸다,웃기다,재미있다,좋다,맛집"
14471230824,BL000000014471230824,춘천 강대후문 핫한 술집 [그레이],https://blog.naver.com/jinheesooworld/224196038095,블로그,네이버블로그,진희수World,2026-02-26,긍정,"춘천술집,춘천핫플,춘천맛집,후평동술집,강대후문술집,강대후문맛집,강원도술집,춘천놀거리","명절,영업시간,매일,그레이,방문,후기,감성,느낌,개인,생각,지하,위치,영업정보,안내,입구,현수막,이유,가격,사이즈,종류,기준,대박,주문,증정,기본,제공,충격적,출처,여성,여성전용,무제한,제한,추천,분위기,장난,메뉴판,천사,물건,정체,처음,다음,최고,신청곡,일반,매장,나이,장점,시기,근처,친구,연인,음악,노래,마커,비눗방울,마술,금액,메뉴,레몬맛,레몬,오렌지,팝콘,스낵,칵테일,테킬라,샴페인,음료수,주류,롱아일랜드 아이스티,아이스티,국물 떡볶이,안주,조명,주소,전화번호,스피커,응급실국물떡볶이,말리부,강원대학교,진희,사장,동생,마술사,오빠,춘천시,후문,술집,이태원,고향,강원특별자치도,강원,응급실,서울특별시,클럽,맛집,전국","종류 많다,노래 좋다,믿고 거르다,가격 너무하다,저렴하다,추천하다,반갑다,환영있다,환영하다,쉽다,신나다,설레다,충격이다,좋다,즐기다,간단하다,재미있다,흡입하다,큰 장점,가능하다,관리하다,힘들다,행복하다,좋아하다,최애,서비스 주다,못하다,방울 귀엽다,귀엽다,반하다,때 많다,화장실 깨끗하다,깨끗하다,청결하다,악취 많다,불쾌한 냄새,냄새나다,맛집,맛있다,안주 즐기다"
14416374906,CF000000014416374906,위스키파크 수원점 메막CS 24-04 구매,https://cafe.naver.com/whiskycognac/841385,카페,네이버카페,위스키코냑클럽,2026-02-08,부정,,"월초,구매,구입기,필수,정보,구입처,구입가격,회원,자랑,게시판,추가,충전,성공,기념,방문,남아,아이쇼핑,이용,주의사항,삭제,금지,게시글,이름,제품명,표시,가격,개인,거래,언급,문의,댓글,쪽지,이벤트용,이벤트,참여,후기,내용,협찬,혜택,국내,예시,참고,질문,미부착,부착,판매,라벨,매입,해외,구입,유도,수원페이,면세,재판매,위스키,불법유통,불법,한글,수원,위팍","찬란하다,구매하다,아쉽다"
14420191876,CF000000014420191876,나에게 필요한 단 5개의 버번은?(Only 5 Bourbon You Need 챌린지... feat. 잭다니엘 SBBP 히어로즈 에디션),https://cafe.naver.com/whiskycognac/841857,카페,네이버카페,위스키코냑클럽,2026-02-09,중립,,"너구리,버팔로,오늘,예전,오랜만,데일리,금요일,챌린지,에디션,게시판,이용,주의사항,삭제,금지,게시글,이름,제품명,표시,구입기,구입처,정보,개인,거래,자랑,언급,문의,댓글,쪽지,이벤트용,이벤트,참여,후기,내용,협찬,혜택,국내,구매,예시,참고,질문,미부착,부착,판매,라벨,매입,해외,구입,채널,영상,선정,카테고리,손님,특별한 날,주제,최고,소개,아저씨,항목,브라운,올드,그랜드,헤리티지,라이스,위트,보너스,추천,오버홀,오버,에바,배럴,매장,맛도리,순위,더블,오크,rest,평생,우드,스토어,품질,정수,마크,숙성,표기,신형,괴물,리미티드 에디션,킬러,표현,생각,고민,결정,결론,대체,싱글,스몰,배치,마실,평가,기존,스트렝스,마스터,블랑,느낌,다음,생활,메이플시럽,버번,위스키,칵테일,하이볼,입맛,시음기,정리,비콘,연수,유도,피니시,면세,재판매,가성비,달러,대체재,불법유통,불법,한글,풀프,잭다니엘,쿠퍼스,사가모어,에반 윌리엄스,패피 밴 윙클,메이커스 마크,와일드 터키,부커스,스모크,트레이스,콜로라도,포드,유튜브,유튜브 영상,페넬로페,스캇,로지스,에반,러셀,윌리엄,유튜버,미국,켄터키","유행하다,만족도 높다,만족 높다,저렴하다,추천 해주다,재미있다,특별한 날,충분하다,이상 있다,쉽다,좋아하다,쉽지않다,어렵다,최애,좋다,즐겁다,건강하다,행복하다,가치 있다,완벽하다,향 좋다,맛있다,진한 맛,맛 풍부하다"
14450443951,CF000000014450443951,"미국 술 여행 23 달라스 코스코,외. 스프링 뱅크 25.",https://cafe.naver.com/whiskycognac/845581,카페,네이버카페,위스키코냑클럽,2026-02-19,중립,,"오늘,스몰,배치,가격,한정판,선물용,선물,구입,스틸,처음,알못,오른쪽,꼭대기,비행,연락,답변,게시판,이용,주의사항,삭제,금지,게시글,이름,제품명,표시,구입기,구입처,정보,개인,거래,자랑,언급,문의,댓글,쪽지,이벤트용,이벤트,참여,후기,내용,협찬,혜택,국내,구매,예시,참고,질문,미부착,부착,판매,라벨,매입,해외,월드컵,유도,술여행,면세,달러,재판매,위스키,불법유통,사면,불법,스프링,허수,한글,사가모어,부커스,재패니스 위스키,카발란,사부,아들,미국","선물 괜찮다,비싸다,형편 없다,예쁘다"
14460762985,CF000000014460762985,사진 꺼드럭 [레일사이드],https://cafe.naver.com/hockypocky/577,카페,네이버카페,하키포키 스튜디오,2026-02-22,중립,,"원숭이,숄더,사이드,좌석,원샷,시그니처,이름,형태,취향,사이드바,사진,취미,마커,메뉴,코코넛맛,국밥,양념,망고,칵테일,돼지국밥,깍두기,테이블,선원,광역시,부산광역시,해운대구,송정,중앙로","나쁘지않다,괜찮다,궁금하다,생각 나쁘다,아담하다,특이하다,달짝지근하다"
14444125413,DC000000014444125413,다음주 첫 도쿄 여행인데 리쿼샵 추천점,https://gall.dcinside.com/mgallery/board/view/?id=whiskey&no=1496666,커뮤니티,디시인사이드,위스키 갤러리,2026-02-17,긍정,,"다음주,추천,처음,예정,라인,라벨,종류,더블,오크,대비,기억,도쿄여행,시세,위린이,위스키,소주,막걸리,맥주,라면,스타일,카발란,더 글렌리벳,솔리스트,리쿼샵,도쿄,편의점,우포,오키나와,마쓰야마","잘먹다,가성비 추천,추천 받다"
42743541895,TW2022496509133209877,@Cheering_ChoCo 진짜네 ㅋㅋ 메이커스 마커 ㅋㅋㅋ 위스키 포장이잖아여,https://x.com/Piatti44/status/2022496509133209877,X(트위터),X,Piatti44,2026-02-14,중립,,"마커,위스키,포장",
14491919599,BL000000014491919599,서울 5성급 호텔 호캉스 노보텔 동대문 객실 라운지 해피아워 (아코르 플래티넘 혜택),https://blog.naver.com/gomshol/224203825899,블로그,네이버블로그,룡룡이의 촐랑촐랑,2026-03-04,부정,"아코르플래티넘,동대문노보텔,노보텔동대문,아코르호텔,서울호캉스,노보텔앰배서더동대문,노보텔동대문조식,노보텔동대문라운지,노보텔동대문해피아워","얼굴,일주일,아침,시간대,시간,주말,공휴일,예전,주중,저녁,겨울,하루,객실,해피,혜택,내돈내산,후기,장점,단점,차이점,차이,검색,멤버,주차,이용,발렛,대기,출차,당황,지하,생각,정차,부스,포인트,서비스,체크아웃 시간,사람,한도,전체적,응대,대비,제공,구매,업그레이드,예약,상황,이름,구성,근처,외국인,방문,영상,재생,정면,캡슐,머신,스틱,마실,공사,느낌,브랜드,개인적,트윈,움직임,일행,다회용,준비,유료,슬라이드,건식,구조,공간,참고,이그제큐티브 라운지,표시,미성년,해결,절대적,골드,웰컴드링크,쿠폰,고민,사용,가능,다음,이전,좌석,일반,날씨,손님,단체석,형태,욕심,추출,결론,조절,콜드,발견,효율,기억,기대,기분,매번,뿌리,종류,피곤,쇼핑,갬성,친구,전체,외국,체크,아웃,웰컴,무료,연어,크림,드레싱,소금,후추,레몬,라임,과일,딸기,샐러드,바나나,양송이,초콜릿,음료수,커피,생수,주스,아이스아메리카노,에스프레소,얼음물,아메리카노,위스키,주류,와인,드링크,조식,웰컴푸드,애프터눈티세트,도넛,마전,샌드위치,유린기,타코야끼,유산슬,단호박스프,스프,식사,푸드,메뉴,플랫,플래티넘,우산,옷장,커튼,침대,도어,테이블,소파,박스,센서등,욕조,어메니티,암막,커피머신,토스트기,에어프라이어,접시,통창,화장실,샤워실,화장실문,바닥,우리집,조식 서비스,정리,TV,치약,칫솔,가요,수영,5성급,호텔,해피아워,숙박,투숙,체크인,스탠다드룸,얼리체크인,여행객,여행,체크아웃,호캉스,블로그,메세지 카드,몰캉스,샤워,포스팅,기부,도네이션,연말데이트,티타임,정책,유상,가성비,직원,해피아,위생,디톡스,코로나,감기,고메,노보텔,아코르,앰배서더,문인,쿠기,남편,부부,시장,서울특별시,동대문구,라운지,수영장,사우나,지하주차장,주차장,독도,베이커리카페,공사장,쇼핑몰,용산,카페,창가,포장마차,야시장,식당,포차,노포","번잡하다,인테리어 질리다,뷰 보이다,뷰 괜찮다,뷰 예쁘지않다,뷰 예쁘다,호텔느낌,특별하다,사람 많다,인기 없다,괜찮다,만족스럽지못하다,선호하다,마음에 들다,가성비 좋다,가성비 즐기기좋다,혜택 많다,구매하다,추천하다,좋아하다,발렛이 가능하다,아쉬운 부분,정신 없다,이해하다,아쉽다,위치 아쉽다,친절하게 응대하다,가능하다,어렵다,신경 쓰이다,좋다,즐기다,질리다,궁금하다,답답한 느낌,느낌 있다,장점 많다,화장실 불편하다,호캉스하다,중요하다,불편한점 있다,바쁘다,한적하다,신나다,안좋아하다,흐리다,귀찮다,애매하다,불편한 점,마음 가다,단점 있다,위치 좋다,도움되다,불편하다,서비스 줄어들다,불편함 없다,편하다,솔직하다,부족하다,느낌 예쁘다,예쁘다,못하다,차분하다,키 크다,젊다,직원 친절하다,뽀송하다,맛있다,시끄럽다,조용하다,소음 있다"
14494772497,BL000000014494772497,[서울 관악] 신림에서 느끼는 미국감성 카페 ‘폼앤노말’,https://blog.naver.com/rhkdwn1771/224204948039,블로그,네이버블로그,드렁큰스테이젼,2026-03-05,부정,"신림맛집,신림놀거리,신림카페,신림카페추천","원숭이,숄더,영업시간,위치,주차,이용,저장,계속,타파,만석,이슈,감성,분위기,판매,전체적,주문,창가뷰,구경,출발,프라이빗,인공적,향료,놀거리,추천,관악,영화,마커,리치,맥주,위스키,커피,아메리카노,음료수,허리케인,직원,화장실,빅웨이브,웨이브,노말,서울특별시,신림,미국,감성카페,특별시,관악구,신림로,주차공간,주차장,공영주차장,카페,에버랜드,맛집","별로다,가고 싶다,좋아하다,좋다,싫다,내 스타일 아니다,불친절하다,친절하다,사장 친절하다,화장실 깔끔하다,산미 있다,맛집"
14509581300,BL000000014509581300,[위스키 기본 상식] 아메리칸 위스키,https://blog.naver.com/justice997/224210511243,블로그,네이버블로그,회사원K의 잡學다食,2026-03-09,중립,"아메리칸위스키,버번위스키,테네시위스키,라이위스키,콘위스키,버팔로트레이스,와일드터키,에반윌리업스,메이커스마커,짐빔,부커스,러셀,이글레어,잭다니엘","참나무,버팔로,단풍나무,기간,기본,상식,대표,역사,시작,건설,기술,이용,특징,가문,정의,난립,저하,문제,규제,결의,규정,조건,단일,원액,도수,이상,사용,제조,숙성,종류,에바,분류,차콜,과정,주재료,최소,함유,최종,제품,제한,재사용,차이,표기,용량,보관,스트레이트,바닐라향,보리,호밀,옥수수,맥아,위스키,버번위스키,맥주,사제락,오크통,대문,드라이,마커,식민지,독립전쟁,식민,생산,생산업,판결,증류액,알코올 도수,퍼센트,아메리칸 위스키,부르봉,와일드 터키,에반 윌리엄스,짐빔,부커스,잭다니엘,스카치 위스키,트레이스,엘스,동부,연방정부,미국의회,제임스,에반,러셀,은채,이민자,이주민,왕가,생산업자,감독,미국,유럽,버지니아주,영국,타운,스코틀랜드,아일랜드,정착지,프랑스,증류소,켄터키주,테네시주","정착하다,다양하다,스모키하다,도움 주다,깨끗하다,스파이시하다"
14509707908,BL000000014509707908,밀 버번 3대장 계급도 메이커스 마크 vs 라세니 vs 레벨,https://blog.naver.com/pbjkrkr2/224210557635,블로그,네이버블로그,작은 살림의 미학,2026-03-09,긍정,"밀버번,버번위스키추천,메이커스마크,라세니,레벨위스키,위스키입문,홈텐딩,혼술추천,가성비위스키","대장,무릎,입안,오늘,과거,데일리,현재,하루,계급,마크,레벨,생각,라이프,퀄리티,단계,타격감,특유,냄새,포기,정답,특징,기준,지갑사정,고려,비교,절대강자,실패,유혹,표준,가격,중후반,도수,직관적,직관,처음,뚜껑,알코올,에어링,전체,느낌,실세,스몰,배치,커뮤니티,목넘김,캐릭터,차이,스트레이트,마실,최강자,이름,할인행사,가능,장점,탄산,기본,라인업,상황,추천,이유,기준점,선물용,선물,혼수,압도적,압도,경쟁,죄책,개인적,매력,산소,접촉,필수,퇴근길,피로,호밀,바닐라 아이스크림,버번,버번위스키,위스키,하이볼,탄산수,설탕물,단맛,캬라멜향,견과류,땅콩,바디감,풍미,니트,지갑,왁스,자취생,교과서,입문자,선생님,졸업,아세톤,퍼포먼스,홈술,본드,어플,구세주,트레이더,가성비,리브랜딩,브랜딩,가격경쟁력,깡패,메이커스 마크,짐빔,와일드 터키,트레이더스홀세일클럽,코스트코,버터스카치,스카치 캔디,형님,모범생,마트,편의점,증류소","유명하다,부담 없다,비싸다,풍성하다,제품 추천하다,부담스럽다,복잡하다,무난하다,재미 없다,질리다,기막히다,즐기다,싫어하다,진하다,좋다,잘하다,나쁘다,실망하다,완벽하다,친절하다,신기하다,빛나다,경쾌하다,훌륭하다,예쁘다,매력적이다,남자 같다,어우러지다,부드럽다,묵직하다,가볍다,향 채우다,고소하다,달콤하다,단맛,목넘김 묵직하다,맛 풍성하다,바디감 묵직하다,밍밍하다,맛있다"
14517978182,BL000000014517978182,[마포구 술집 혼술 추천] 분위기 좋은 술집 '게릴라 혼술바',https://blog.naver.com/zzaebeauty/224213533123,블로그,네이버블로그,젱구리의 데일리,2026-03-12,긍정,"마포술집,홍대술집,성수술집,혼술바,게릴라혼술바,분위기좋은술집,혼자놀기,서울술집,마포술집추천,홍대술집추천,술집추천,분위기,홍대게릴라혼술바","스모키,가글,왁스,오랜만,예전,겨울철,시간,혼술,추천,게릴라,소개,취향,하트,댓글,지하,연중무휴,대관,휴무,공용,도보,위치,친구,표지판,표지,혼자,방문,하남자,남자친구,약속,입구,좌석,처음,손님,상관,순서,준비,이용,안내문,안내,큐알코드,메뉴판,호기심,스틱,판매,마크,뚜껑,밀봉,상징,정식 명칭,다음,방명록,아이스브레이킹,질문,분위기,순간,이야기,내향적,성격,적응,걱정,사람,대화,사진,블로그,마커,카드,메뉴,끝맛,시나몬,칵테일,위스키,안주,기본안주,행거,의자,테이블,조명,바테이블,화장실,메이커스 마크,갓파더,인스타그램,마커스,사장,마포구,술집,서울특별시,어울길,어울마당로,특별시,여자화장실,남자화장실,상수역,출구,카페,아래층,마포,합정","분위기 좋다,술 좋아하다,마음에 들다,괜찮다,추천하다,추천 해주다,즐기다,좋아하다,공감되다,궁금하다,어렵지않다,친하다,좋다,다양하다,간단하다,오묘하다,제대로이다,생각 재밌다,재미있다,쉽다,잘되다,편하다,흘러내리다,신기하다,하남자,예쁘다,못하다,자연스럽다,유용하다,안맞다,부드러운 느낌,향 나다,달달하다"
14527457718,BL000000014527457718,2026 첫 일상을 3월에 쓸줄이야....,https://blog.naver.com/yeonj_log/224216924279,블로그,네이버블로그,연지로그,2026-03-15,긍정,"날로먹는엄마,어디서술냄새안나나요,취발러,일상,취발,육아","하마,수목,어깨,발목,라일락,뱃살,머리,공룡,피부,대장,버팔로,작년,추석연휴,시간,겨울방학,여름,명절,추석,겨울,올해,단기간,기간,하루,오랜만,매년,매일,아침,일상,사람,방학,경험,운전,인생,다음,생각,기억,회전목마,회전,기여,기대,어린이,목표,체력,체험,친구,스케줄,최고치,기적,부여,세일,교정,체형,변화,뮤트,인간,컬러,개인적,후기,포인트,선물,상의,부각,소재,다이어트,실력,강제,레벨업,도전,역설적,발표회,발표,결혼식,몸무게,기준,덕분,가동,즉석,먹이,고통,활동,이야기,체크,연계,변경,커플,준비,피로,할인,남자,디자인,취향,주기,주변,대체,수정,집착,혼자,추가,이름,건강,예약,성격,음식사진,여행사진,메이트,햅쌀,고기,생선,사골,소고기,당근,스낵오이,생당근,브로콜리,파프리카,야채,겨울무,맥주,소주,위스키,외식,제철음식,김밥,반찬,사골국,파스타,안주,카레,케이크,음식,식단,해동,요리,디너,스커트,바지,맨투맨,봄옷,셋업,니트,신발,워머,백팩,가방,코디,스타일,책장,냉장고,별거,포장,픽업,셔틀버스,봄방학,기출변형,수학,과학,수업,발레학원,C컬펌,C컬,육아,공연,리허설,사진,발레,운동,당일치기,블로그,사진첩,취미,장난감,마커,케이블카,공원산책,미끄럼틀,생일파티,휴장,출근,미취학,유아,기절,오다리,임신,도파민,메가,타이파,신라,비프로젝트,온러닝,나이키,뉴발란스,에샤페,베베코알라,그레이트북스,트레이스,트니트니,호텔신라,아쿠아가든,특공대,아벨,안나,우리애기,어머니,할머니,반장,아들,아버지,아기,우리엄마,동물원,사천케이블카,아쿠아리움,어린이집,놀이터,김밥집,사천,키즈카페,워터파크,공장,비금도,학원,길거리,라운지,시댁,오키나와,서울특별시,제주신라","유명하다,나쁘지않다,그냥그렇다,선호하다,잘 쓰다,잘먹다,마음에 들다,만족하다,만족도 높다,만족 높다,가고 싶다,실력 향상되다,도움되다,편하다,불편하다,마시기 좋다,약하다,잘 맞다,어울리다,유용하다,가볍다,보들보들하다,냄새나다,맛있다,맛없다,모양 잘잡히다,저렴이,어렵다,공감하다,아쉽다,실패하다,힘들다,망치다,진상 부리다,좋아하다,재미있다,소중하다,심심하다,좋다,싫다,가든 좋다,감 잡히다,애매하다,입 이상하다,이상하다,잘하다,자신 있다,최애,고맙다,잘 만들다,불공평하다,건강하다,배부르다,잘 다니다,얼굴 썩다,엄마 좋다,못하다,얌전하다,실력 자신없다,부족하다,부지런하다,발 크다"
14530849655,BL000000014530849655,13. 밝고 멋지게 오래도록,https://blog.naver.com/0nezeronine_air/224218184601,블로그,네이버블로그,JeNeSaisQuoi,2026-03-16,긍정,"일상블로그,일상이야기,직장인블로그,블린이,서이추,노량진수산시장,꽁지횟집,두바이붕어빵,카리나생일파티,서울옥션경매후기,서울옥션경매,프라하,여행","백구,원숭이,숄더,활어,지느러미,아침,지금,하루,오늘,화이트데이,오랜만,이번주,생각,청첩장,친구,도라방스,혼자,아묻따,결혼,추억,세계,화질,합성,연락,경험,주문,퀄리티,다음,무지성,파악,취소수수료,마감,확인,공감,동시,방법,획기적,처음,기대,선예매,예매,사람,팬클럽,가입,이야기,참석,매장,가격,차이,반대,왼쪽,참고,개인적,오른쪽,이웃,불펌,손님,기준,오픈,입장,수기,사용,아저씨,자연,사랑,다여트,회로,중단,추천,꽁지,구성,양도,선물,서윗,감동,흑역사,역사,인생,시작,화이팅,전복,숙성회,모듬회,모둠회,광어,도미,연어,농어,숭어,코코넛,비스킷,사탕,위스키,주류,사케,소주,주전부리,두바이 쫀득 쿠키,전복내장죽,라면,붕어빵,두바이 붕어빵,카다이프,초밥,매운탕,견과류,메뉴,자연산,페루산,키링,인형키링,그릇,택배,전자기기,드라이,콘서트,사진,스토리,여행,손편지,편지,마커,포스트잇,배낭여행,구세주,후원자,후원,생일파티,인형뽑기,국세청,회사,압류,경매,시세,낙찰,폭풍,갈취,쓰나미,직원,당사자,서리,도파민,나마겐슈,카카오톡,웨일,고영희,에스파,키티,사촌누나,사장,막내딸,아버지,여행지,스위스,체코,프라하,강남역,베트남,노량진동,노량진수산시장,횟집,특별시,서울특별시,동작구","마음에 들다,만족하지못하다,비싸다,구매하다,추천 해주다,추천하다,감동하다,기대하다,좋다,후회하다,자랑하다,아끼다,획기적이다,아쉽다,실패하다,거리 떨어지다,즐기다,감사하다,깜빡하다,아프다,일 못하다,제대로이다,잘 안 먹다,귀찮다,빠르다,알차다,밝다,멋있다,미치다,예쁘다,못하다,맛있다,단맛 부드럽다,달달하다"
14532981666,BL000000014532981666,오랜만의 외출 입니다,https://blog.naver.com/im_ipa/224219049346,블로그,네이버블로그,블로그명 미정,2026-03-17,긍정,,"인류,어깨,오랜만,작년,올해,기간,시간,영원,외출,인간관계,마음,인생,생각,고독,차이,고통,사람,무한,존재,소멸,이유,혼자,계속,관계,역설적,바닷물,마실,귀신,신청곡,극락,기분,메뉴판,초록색,초록,불꽃,계산적,베이스,몽환,기타,표현,공짜,답례,다음,처음,구경,메뉴,오렌지맛,치즈,삼겹살,양배추,레몬,숙주,맥주,와인,칵테일,멕시코요리,치미창가,라면,김치,치킨,만두,만두전골,국물,전골,수제만두,정리,헬기,버스,공연,노래,연주,페달보드,마커,사회생활,지구,우주,소년단,리프,플루오린,버드와이저,유한,로지스,홍대,데드풀,잔나비,소년,청년,한국인,관계자,대한민국","그냥그렇다,구매하다,생활 지치다,회복하다,친하다,성장하다,외롭다,외로움 달래다,해소하다,쉽다,좋아하다,좋다,무정하다,낯설다,힘들다,오묘하다,잘 만들다,찾기 어렵다,귀하다,꽃소년,몽환적이다,귀엽다,잘 어울리다,담백하다,맛있다"
14538827800,BL000000014538827800,대구 한우 맛집 추천 마블드 한우 들안길 수성못 고기집 기념일 식당,https://blog.naver.com/jar666666/224221226390,블로그,네이버블로그,랄랄라 아랄랄라의 신나는 블로그,2026-03-18,긍정,"대구한우맛집추천,대구수성구들안길맛집,대구수성구범어동맛집,들안길맛집,대구한우,대구기념일식당","입안,기념일,평상시,오후,오전,브레이크타임,추천,기념,운영,최상급,프라이빗,공간,특별한 날,예약,강점,주차,장소,전좌석,방문,단체,회식,설치,부위,설명,전달,특수,선택,주문,환호성,비주얼,사전예약,제공,소리,변화,순삭,조합,한도,사이드,베이스,건더기,마무리,식사대접,위치정보,상동,방향,위치,후기,이미지,마커,단체 모임,회사,직원,메뉴,대표메뉴,입맛,버터향,육즙,흰쌀밥,면발,대구,한우,소고기,고기,갈빗살,갈비,등심,새우살,새우,채끝등심,살치살,청국장,마늘,소주,맥주,하이볼,소맥,버번위스키,케이크,된장찌개,물냉면,냉면,기본반찬,반찬,가니쉬,야채구이,스테이크,김치,육수,토퍼,안동갈비,마블,크루즈,맛집,들안길,수성못,고깃집,식당,육가공공장,수성구,파티룸,먹거리촌,주차장,타워,프라이빗룸,식육식당,광역시,대구 수성구,대구광역시","질 좋다,가성비 즐기기좋다,합리적 금액,금액 착하다,가성비 좋다,가득하다,고기 좋다,좋다,즐기다,특별한 날,축하하다,배 터지다,다양하다,종류 다양하다,좋아하다,개운하다,든든하다,기분 좋다,품질 좋다,모임하기 좋다,기름지다,상큼하다,친절하다,사르르 녹다,고소한 향,맛집,맛있다,맛 잡다,달달하다,아삭하다,새콤달콤하다,쫄깃하다,음식 맛있다"
14543281514,BL000000014543281514,입문용 위스키 'Maker's Mark',https://rippledays.tistory.com/3,블로그,TISTORY,rippledays 님의 블로그,2026-03-20,긍정,,"오늘,겨울,winter,데일리,입문,광고,후기,추천,국내,급성장,어린이,신조어,등장,시작,고민,언급,이름,마크,협찬,내돈내산,매력,특징,개요,대표,프리미엄,일반적,차별화,핵심,포인트,원료,배합,사용,덕분,목넘김,핸드메이드,정신,입구,밀랍,밀봉,레드,모양,감성,전문적,전문,시각,직관적,직관,설명,주요특징,본인,차례,방법,특유,알코올,탄산,슬라이스,최고,가성비,접근성,접근,측면,가격대,형성,가이드,위린이,끝맛,음용,얼음,풍미,바닐라맛,호밀,레몬,위스키,버번,버번위스키,온더락,하이볼,탄산수,토닉워터,니트,왁스,전용잔,정리,입문용,입문자,마커,리플,진입장벽,알코올 도수,메이커스 마크,이마트,코스트코,시장,필자,미국,켄터키주,진해,대형할인점,편의점","부담 없다,추천하다,성장하다,차별화 가지다,차별화되다,개성 강하다,취향 맞다,중요하다,즐기다,차갑다,쉽다,큰 부담,싫어하다,좋다,독특하다,감성적이다,매력적이다,멋있다,탁월하다,부드럽다,향 즐기다,스파이시하다,맛 내다,목넘김 부드럽다,달콤하다,맛있다,맛 즐기다,풍미 느끼다,맛 부드럽다,맛 줄어들다,맵다,맛 들다"
14545499296,BL000000014545499296,"26년 1,2월 일상| 두쫀쿠와 먹일기",https://blog.naver.com/naega_jieun/224223640381,블로그,네이버블로그,내가지은,2026-03-20,긍정,"역전횟집,오지치즈포테이토,벌교명품관,콘치즈불닭볶음면,오이크래미김밥,화이트리에식빵,땡초크림파스타,땡초떡갈비김밥,경희원,해화마차,대방어회,두쫀쿠,인마이오븐두쫀쿠,bhc핫후라이드,빌리엔젤케이크,콘드에뻬뻬,보보식당광화문,파이브가이즈,베비에르두쫀쿠,오이라면,임성근오이라면,두레식당,남원명문제과,장수촌참숯굴,금향달양꼬치,풍성복집,안젤리나밤잼,돈카츠선,왕과사는남자,일상블로그","고래,돼지,병아리,파리,새해,저녁,연초,다음날,생일,주말,금요일,시간,오랜만,작년,점심,명절,일요일,일상,먹이,시작,기념,역전,빈티지,가족,명품,선물,준비,순삭,칭찬,계절,제철,계획,노랑,흡입,회식,방어,처음,월드,늦잠,사랑,기대,나라,다음,맵찔이,마일드,방문,합류,도미노,책임,엔젤,도착,눈사람,하트,분위기,입구,필수,파이브,신혼,고려,두레,명문,추위,입주,시기,성공,구매,허니,콤보,혼자,솔로,지옥,목적,참숯,예약,현수막,주문,매장,추천,웃음,세배,용돈,어른이,어른,놀이,결혼,랜덤,커플,인원,최고,센스,친구,마지막,식빵,두부,국밥,솥밥,국수,소라,치즈,소고기,고기,크림,딸기생크림,초코생크림,아이스크림,오징어,삼겹살,꽃게,참치,대방어회,골뱅이,요거트,참돔,막창,새우,흑돈,미역,고등어,붕어,닭발,통닭,크림소스,초코크림,청국장,포테이토,땡초,딸기,고추,배추,오이,마늘,마차,맥주,하이볼,두바이 쫀득 쿠키,외식,피자,고구마피자,후식,호떡,불닭김밥,오이크래미김밥,김밥,파스타,떡갈비김밥,땡초김밥,양장피,간짜장,탕수육,짜장,잡탕,짬뽕,케이쿠,케이크,통찜,굴찜,꽃게탕,비빔밥,만두,조림,소고기찜,고기찜,비빔면,후라이드,디저트,햄버거,안주,라죽,야식,만쥬,라면볶음,베이컨 볶음밥,라면,도넛,볶음,볶음밥,제과,우동,치킨,밀키트,꼬치,꿔바로우,튀김,마라탕,깐풍기,주전부리,국물,돈까스,메뉴,음식,레시피,칼로리,마라향,식감,지비츠,테이블,토퍼,접시,젓가락,쟁반,오븐,빨래,포장,배달,찜질,행시,초등,학생,연기대상,사진,조각,영화,수영,운동,여행,나들이,블로그,일상블로그,재방송,방송,도장,마커,종이,난로,모임,파티,조례,무장,회사,출근,퇴근,고소,경수,엽기떡볶이,피자스쿨,엽닭,도미노피자,불닭치즈,치즈볶음면,불닭,화이트리에,성심당,엑설런트,멸치 칼국수,뿌링클,스트로베리 초콜릿 생크림,맵슐랭,빌리엔젤케이크,베비에르,진짬뽕,던킨도너츠,아담원,컬리,장수촌,아웃백스테이크하우스,맘스터치,스타우브,왕과 사는 남자,아가드,대신대학교,이현이,정현,인호,류수영,은채,보보,가이즈,임성근,최강록,키티,혜원,시우,채영,안젤리나,혜지,어머님,아버님,오빠,엄빠,어머니,며느리,아버지,언니,공주,삼촌,숙모,할무니,하르방,키즈,이모,횟집,벌교,음식점,맛집,전라남도,순천,두바이,서울특별시,식당,광화문,짬뽕집,용산,비엔나,빵집,동네,남원,편의점,다낭,찜질방,가게,고흥,광양,호미곶,카페,영화관","좋게 보다,괜찮다,좋아하다,굿굿,선물 감사하다,좋다,배부르다,사위 행복하다,선물 행복하다,행복하다,파티 좋다,최애,아쉽다,즐겁다,힘들다,잘되다,귀요미,귀엽다,야무지다,예쁘다,평이하다,천재,센스쟁이,향 있다,맛있다,맛집"
14550856641,BL000000014550856641,[위스키] 시드니 여행 기념품 호주 위스키 아치로즈 ARCHIE ROSE,https://blog.naver.com/didgndud/224225411245,블로그,네이버블로그,후의 블로그 ❤️,2026-03-22,부정,"위스키종류,위스키추천,위스키시음기,호주여행,호주위스키,아치로즈,아치로즈증류소,시드니증류소,시드니위스키면세,시드니위스키,호주기념품,시드니기념품,호주시드니기념품,호주시드니기념품추천,호주시드니공항면세,호주달러,호주면세,취미,럼캐스크,싱글몰트위스키","작년,여름,예전,직후,트리플,구입,추천,시음,브리딩,종류,사용,숙성,원액,제조,제품,생각,일교차,비공개,공개,알콜향,지배적,느낌,도수,타격감,피니시,시드니 여행,기념품,공책,면세,몰트,바닐라 아이스크림,흑설탕,설탕,시나몬,건포도,포도,말린과일,바닐라,열대과일,과일류,다크초콜릿,위스키,싱글몰트,커피,에스프레소,버번캐스크,과일향,단맛,직원,캐스,페어링,아치,오크통,리디,로즈,셀러,연수,오스트레일리아,시드니국제공항,우리나라,시드니,동네,증류소,일본,대만,면세점","씁쓸하다,좋게하다,구매하다,잘되다,겁나다,정확하다,강하다,감동 없다,부드럽다,무겁다,향 나다,단맛,쌉쌀하다"
14551309976,BL000000014551309976,드디어 포스팅하는 3월 오사카 3박4일✈️ 우중 유니버셜 재팬 후기☂️,https://blog.naver.com/yisangeun117/224225566838,블로그,네이버블로그,아이디얼,2026-03-22,긍정,"인천공항스타벅스,스타벅스북카페,무겐라멘,하나타코,우메다궁중정원,나미시요안,오사카토미타,토미타규카츠,주유패스,모미지,유니버셜재팬,릴로커피로스터스","토끼,이마,다리,익룡,직장,돼지,기념일,점심,예전,저녁,시간,성탄절,하루,새벽,아침,오후,과거,다음날,유니버셜,후기,계획,출발,기념,매번,할인쿠폰,생각,방문,지역,굿즈,게이트,남자친구,표정,도착,오전부,추천,데일리템,비행,나라,구름,하늘,도오착,처음,걱정,사전,패스,이동,특급,티켓,좌석,변경,광고,결재,본인,방법,에디션,기억,공짜,무료,예정,야경,구매,입장권,입장,웨이팅,인사,여자,동기,위장,사람,비추,지도,숙박비,잡음,컨디션,조리시설,당황,국가,운영,종류,인포메이션,회원가입,쿠폰,발급,사이즈,가격,지하,고민,현지인,날씨,사용,무료입장,외국,블랜딩,당충전,과정,조건,매너,이득,차원,피로,기분,일반,매장,설명,준비,모습,오만,재미,추억,인파,스팟,민폐,이용,가능,함정,회상,투정,등장,가짜,마지막,느낌,추가,완성,선물,체력,괴물,해결,익스프레스,숙지,탑승,연애,색깔,클릭,실패,빗방울,도망,환불,마무리,컬렉션,구경,외국인,드립,계속,메모,럭키비키,포기,마음,쇼핑,신고,도치,아이스크림,밀크,크림,편의점 아이스크림,고기,닭고기,파인애플,초코,음료수,커피,맥주,편의점 커피,하이볼,원두,주류,해물순두부찌개,두부찌개,라멘,국물,당고,규카츠,몬자야끼,김치,야끼우동,만두,피자,덮밥,쿠키,로스팅,치즈케이크,카스텔라,한식,피로회복제,식감,메뉴,패딩,바람막이,우비,운동화,신발,동전지갑,커플룩,신발 사이즈,시계,침대,하이볼잔,냉장고,화장실,바닥,로밍,리퍼,인터넷,비행기,라피트,지하철,크루즈,내비게이션,입학식,입학,입시,박사,한국어,전과,사진,그림,촬영,조각,운동,체력훈련,포스팅,마커,스탬프,블로그,게임,인형,놀이기구,헬멧,데이트,3박4일여행,여행,주유패스,해외여행,숙소,관광객,관광,확약권,본적,면세,현금,멀미,깡패,직원,직장인,출근,오픈런,무임승차,전자,우중,한화,삼성,닌텐도,스타벅스,카스,하나타코,돈키호테,돼지집,스투시,비앤비,다이노소어,킹콩,미니언즈,클룩,마리오카트,구글맵,오니츠카 타이거,찰리,박명수,마리오,일본인,오사카,일본,인천국제공항,광역시,인천광역시,중구,공항로,서동,터미널,북카페,두바이,카페,대한민국,간사이국제공항,사카에,면세점,라멘집,백화점,도쿄,우메다,궁중,정원,오사카성,맛집,글리코상,가게,포토스팟,모미지,식당,할리우드,놀이동산,광주","유명하다,인기 있다,원탑,마음에 들다,나쁘지않다,만족하다,별로다,쏠쏠하다,구매하다,먹어보고 싶다,가지고싶다,사고싶다,가고 싶다,저렴하다,할인 쿠폰있다,할인 받다,할인되다,싸게 사다,비싸다,돈 들이다,추천하다,살 찌다,편리하다,가기 편하다,편하다,마시기 좋다,해결하다,허무하다,잃어버리다,어려움 있다,어려움 없다,궁금하다,잘 안 먹다,놀랍다,반갑다,아쉽다,아프다,망치다,좋다,사용하지못하다,불가하다,혜택 받다,배려하다,무난하다,괴롭다,충분하다,재미있다,잘하다,아깝다,감 있다,기대 크다,먹고 싶다,힘들다,좋아하다,차원 다르다,가능하다,친절하게 설명하다,성공하다,개운하다,신나다,설레다,안내 있다,지옥 있다,지옥이다,미안하다,긴장하다,간단하다,고민스럽다,즐기다,어렵다,마땅하다,후회되다,기회 없다,못 만들다,기분 풀리다,칭찬하다,기운 없다,따뜻하다,럭키비키,적당하다,예쁘다,신기하다,통통하다,척척박사,시설 나쁘다,비매너,알뜰하다,어설프다,귀엽다,야무지다,못하다,무리 없다,약하다,쇼핑 좋다,뜨겁다,맛있다,맵다,맛없다,쫀득하다,맛집,맛이 없다,커피 맛있다,풍미 있다"
14554476019,BL000000014554476019,울산 삼산동 술집 뮤직바치치 분위기좋은 데이트장소 혼술바,https://blog.naver.com/mingzzi999/224226694978,블로그,네이버블로그,밍밍이의 먹방 여행 일기,2026-03-23,긍정,"울산삼산동술집,울산맛집,울산혼술바,울산엘피바,울산lp바술집,울산lp,울산뮤직바,울산분위기좋은식당,울산분위기좋은술집,울산분위기좋은데이트장소,울산데이트장소,울산혼술,울산혼술맛집,울산삼산술집,울산남구술집,울산감성술집,울산조용한술집,울산데이트코스,울산핫플추천,울산데이트,울산분위기맛집,울산감성데이트,울산술집추천,울산삼산핫플,울산바추천,울산위스키바,울산와인바,울산칵테일바,울산혼술추천,울산실내데이트","돼지,지금,영업시간,매일,매달,시간,혼술,신청,후기,시작,영업정보,외관,위치,매력,분위기,남자친구,내부,모양,정답,이야기,의미,사람,상대방,의사,센스,판단,마련,방문,관리,참고,이용방법,언급,주변,대화,숙지,볼륨,조절,요청,금지,신청곡,상황,텐션,경사,적용,건조,도리,준비,혼자,코스,최저,종류,마실,제공,기회,생각,주종,추천,이벤트,진행,가격할인,무한리필,리필,착석,메모,예정,방법,주문,본격적,이름,조화,위로,뿌리,다음,제출,시대,특징,일반,개인적,난이도,민폐,행동,취객,마지막,친구,총평,감성,공간,드립,영상,목살,크림,단새우,버터,프로슈토,부채살,알룰로스,소금,곶감,꿀고구마,고구마,토마토,바나나,계절과일,멜론,과자,인간사료,고구마칩,위스키,와인,맥주,칵테일,하이볼,온더락,수비드,카츠산도,멘보샤,반건조오징어구이,오징어 버터구이,브륄레,브리치즈구이,치즈오븐구이,짬뽕,해장라면,기본안주,프레첼,안주,메뉴,지중해식,테이스팅,얼음,식사,아우터,가방,행거,테이블,글라스,주소,전화,치과,중국어,이탈리아어,뮤직,음악,노래,플레이리스트,그림,자화상,토스,볼펜,메모지,마커,드라이브,데이트장소,데이트,꾸미기,직원,화상,도리토스,짜파게티,라프로익,뮤지,치치,울산광역시,삼산동,술집,달삼로,LP바,가게,삼산,거리,동네,중국,창가,오사카,지중해,롱아일랜드,광역시,남구,맛집,식당","분위기 좋다,고급스럽다,공간활용 잘하다,자유롭다,좋아보이다,먹어보고 싶다,추천하다,추천 받다,즐기다,남다르다,친밀하다,문제없다,배려하다,좋다,잘하다,시간 있다,중요하다,즐겁다,편안하다,불쾌하다,힘들다,다양하다,간단하다,좋아하다,데이트 즐기다,잘 나오다,낯설다,감동하다,데이트 좋다,어색하지않다,편하다,빛나다,아늑하다,친절하다,꾸미다,생기롭다,감성적이다,잘 맞다,은은하다,맛있다,바삭하다,맛집,조용하다,시끄럽다"
14555630137,BL000000014555630137,홍대 연남 분위기 좋은 바 / 아껴두고 싶은 곳 33YUKON 내돈내산 기록,https://blog.naver.com/sming3597/224227124188,블로그,네이버블로그,밍글밍글 굴러가는 밍글일기,2026-03-23,긍정,,"지금,금주,내돈내산,기록,기억,위치,지하,다찌석,뭔말알,생각,다음,광고,강제,추억,사진,블로그,마커,찰떡,하몽,멜론,위스키,양주,안주,테이블,인테리어,반지하,화장실,홍대,연남,특별시,서울특별시,마포구,동교로,골목길","분위기 좋다,분위기 있다,이름 나다,괜찮다,좋게 보다,별로다,아끼다,흐리다,정확하다,느낌 있다,좋다,마시기 좋다,못하다,어울리다,깔끔하다"
14556425472,BL000000014556425472,"[서울 용산] 키보에다마메, 흑백요리사 간귀 쉐프님의 그 볶음밥, 웨이팅 꿀팁 방출",https://blog.naver.com/haeni-1/224227017533,블로그,네이버블로그,해니의 절거운 하루,2026-03-24,긍정,"흑백요리사,간귀,고등어볶음밥,숙대맛집","치타,토요일,당일,지금,오늘,웨이팅,꿀팁,방출,출신,운영,정보,추천메뉴,예약가능,시스템,원격웨이팅,현장 웨이팅,생각,회전,중간,취소,매장,은색,드럼통,마실,남자친구,내부,분위기,간격,후기,방문,시그니처,세트,주문,구성,느낌,개인적,만족,상위권,인정,자극,계속,조합,생활,완성형,수급,문제,변경,서비스,여성,탄산,전체적,음식 퀄리티,재방문,재방문의사,단점,다음,사진,마커,요리사,셰프,스파이시,음식,마라향,메뉴,명란,고등어,순살,데리야끼소스,포테이토,고추,주류,하이볼,위스키,볶음밥,유린기,마파두부덮밥,사라다,애피타이저,마파두부,베스트,스타일,한글,테이블,흑백요리사,생활의 달인,캐치테이블,숙대,한강,한국인,사장,서울특별시,용산,대한민국,중국,식당,특별시,용산구","분위기 좋다,부담 없다,평타 이상,두툼하다,추천하다,기대 크다,가능하다,간단하다,좋다,좋아하다,무난하다,강하다,이상하다,충분하다,데이트 좋다,빠르다,불편하다,야채 신선하다,자극적이지 않다,퀄리티 좋다,매장 아기자기하다,아기자기하다,센스 좋다,상큼하다,꿀조합,부드러운 식감,촉촉하다,향 은은하다,맛있다,식감 좋다,입맛에 딱"
14565307214,BL000000014565307214,삿포로 호텔 추천 스스키노역 1분 위치 좋은 가성비 숙소 더낫삿포로,https://blog.naver.com/joomk135/224230497969,블로그,네이버블로그,"일상이 여행, 밍로그",2026-03-26,긍정,"삿포로호텔,삿포로호텔추천,삿포로스스키노호텔,스스키노역호텔,더낫삿포로,더낫삿포로스탠다드,삿포로가성비호텔,스스키노가성비호텔,더낫삿포로후기,더놋삿포로","올해,겨울,당일,일주일,중순,저녁,추천,대박,후기,도보,연결,위치,외관,가산점,상점가,근처,쇼핑,운영,참고,이용,이동,스탠다드,시티뷰,더블,기대,느낌,불편,크기,예약,제공,고층,리뷰,구비,정보,사용,방문,생각,웰컴드링크,소프트,클래식,블랙라벨,검정색,마실,메뉴판,주문,유료,중요,요약,새우,진저,야채,감자,생수,음료수,드링크,주류,소다,옥수수주스,옥수수차,진저에일,콜라,우롱티,블랙티,커피,생맥,생맥주,맥주,위스키,와인,주스,감바스,메뉴,음식,요리,잠옷,롱티,슬리퍼,더블베드,침대,테이블,의자,옷장,전신거울,어메니티,욕조,전자레인지,커피포트,미니냉장고,글라스와인,티백,주소,화장실,짐보관,TV,공기청정기,트램,샴푸,컨디셔너,바디워시,드라이기,사진,호텔,숙소,체크인,체크아웃,스탠다드룸,여행,관광,샤워,마커,바우처,금고,코인,상가,세이코마트,산토리 위스키,산토리,잭다니엘,아이리시 위스키,휴먼메이드,세미,삿포로,스스키노,홋카이도,일본,메가돈키호테,상점,호텔 로비,로비,라운지바,라운지,클럽,맛집","깔끔한 분위기,분위기 좋다,뷰 좋다,오길 잘했다,괜찮다,가성비 낫다,가성비 좋다,가격 있다,추천하다,위치 좋다,좋다,중요하다,간식 좋다,다행스럽다,가능하다,도시 좋다,편안하다,배부르다,궁금하다,안주 좋다,간단하다,잘모르다,기분 좋다,내기 좋다,다양하다,편리하다,예쁘다,최적이다,쇼핑 좋다,맛있다,맛집"
14577787251,BL000000014577787251,강원도 영월 힐링인더포레스트(2025년 12월/6번),https://blog.naver.com/notlazypark/224234288468,블로그,네이버블로그,게으른 박대충씨,2026-03-30,긍정,,"모기,뼈대,성탄절,작년,겨울,저녁,며칠전,어제,오늘,오후,아침,점심,힐링,포레스트,처음,방문,시기,날씨,사이트,확인,영하,햇살,약속,스카이,텐션,익스텐션,생각,충전,눈사람,느낌,매장,대체,에디션,일정,선물,계절,세일,계속,필요성,가격,일상,기억,시도,애청자,웰빙,파괴적,자체제작,패스,하트,계획,도전,갬성샷,마무리,밀가루,해산물,전복,치즈,어묵,꽃게,루꼴라,전통주,커피,위스키,짬뽕,뼈짬뽕전골,전골,샌드위치,볶음밥,밀키트,어묵탕,꼬치,라면,음식,플리스,모자,털모자,기둥,모카포트,바닥,포장,카메라,필름,피칭,사진,마커,캠핑,텐트,난로,금액,컬리,농협하나로마트,고래사,노브랜드,버팔로윙,비아 콜롬비아,BHC,몽벨,어머니,강원특별자치도,강원,영월,원주,야외","유명하다,괜찮다,득템하다,별로다,좋게하다,저렴하다,돈 아깝다,사기 아깝다,가격 잘하다,갖고싶다,사고싶다,좋다,따뜻하다,힐링하다,싫다,고기 좋다,잘모르다,쓰고싶다,크리스마스 좋다,이상하다,실패하다,성공하다,다행스럽다,나른하다,기분 좋다,맑다,꾸미다,예쁘다,잘 어울리다,맛있다,달달하다,소리 나다"
14509360404,CF000000014509360404,어쩌다가 잘 못 들어간 가게에서 본 광경,https://cafe.naver.com/whiskycognac/852924,카페,네이버카페,위스키코냑클럽,2026-03-09,긍정,,"오늘,광경,기대,손님,외국인,종류,국적,검정색,레드,정체,마음,위치,재미,회사,보드카,위스키,꼬냑,직원,제임슨 위스키,짐빔,잭다니엘,조니 워커,커클랜드,러시안,가게,성지,마트,아산시,둔포면","부질 없다,반갑다,신기하다"
14526175473,CF000000014526175473,미국에 사는 버번 매니아가 한국에서 구매 가능한 버번과 라이들로 티어리스트를 만든다면?,https://cafe.naver.com/handbook1/215,카페,네이버카페,나를 위한...나만의 공간,2026-03-14,중립,,"버팔로,매일,매니아,구매가능,티어리스트,소개,거주,기준,리스트,개인적,취향,가격,고려,평가,티어,공짜,마실,에바,우드,개인,스몰,배치,할인,생각,그룹,싱글,엠파이어,시그니처,마이너스,선택,더블,입문,오크,레드,드립,언급,처음,사람,추천,블랑,밸런스,복합,표시,시리즈,스트렝스,최고,선정,특징,마스터,모어,조화,핵심,과일맛,단맛,나물,시금치,버번,위스키,버번위스키,사제락,브라,파이프,엔틱,레이저,입문용,파운데이션,마커,샤워,드라이브,정가,사면,캐스,짐빔,잭다니엘,와일드 터키,사가모어,메이커스 마크,부커스,레드라이,레보,트레이스,로스트,포가튼,포드,밴티지,유튜브,유튜브 영상,노아,러셀,메시,미국인,미국,대한민국,보스턴","특별하다,괜찮다,마시고 싶다,구매 의향 있다,구매하다,가격 비싸다,가능하다,쉽다,아깝다,질리다,좋다,편안하다,마시기 좋다,찾기 힘들다,평범하다,완벽하다,특징 있다,부드럽다,향 아니다,맛이 없다,맛 느끼다,맛있다,달달하다,맛 밸런스 완벽하다,맛 깊다,단맛,달콤하다"
14497902743,DC000000014497902743,개인적으로 추천하는 술,https://gall.dcinside.com/mgallery/board/view/?id=cta&no=85600,커뮤니티,디시인사이드,세무사 갤러리,2026-03-06,중립,,"개인적,사람,반박불가,문제,경험상,짜증,여자친구,마실,취향,블루,검정색,생각,혼자,안타,마커,가성비,숙취,소주,맥주,와인,위스키,브랜디,피노누아,조니 워커,헤네시,트라가,발렌타인,로얄살루트,와일드 터키,듀어스,블루나","추천하다,좋아하다,미만잡,밍밍하다"
14535726951,DC000000014535726951,눔나 위스키 후기,https://gall.dcinside.com/mgallery/board/view/?id=yurucam&no=251605,커뮤니티,디시인사이드,유루캠프 갤러리,2026-03-17,긍정,,"입안,작년말,연초,시간,데일리,후기,시음,캐스트,스트렝스,레어,도수,희귀종,알코올,느낌,나눔,다음,장염,감기,바닐라향,위스키,캐스,블라인드,메이커스 마크,와일드 터키","배치 다르다,좋아하다,진하다,좋다,부족하다,부드럽다,달달한 향,은은하다,밍밍하다"
14539401194,DC000000014539401194,위린이 견문 넓히기 입갤,https://gall.dcinside.com/mgallery/board/view/?id=whiskey&no=1548447,커뮤니티,디시인사이드,위스키 갤러리,2026-03-18,중립,,"입갤,검정색,더블,우드,욕심,이름,추천,시도,마커,위린이,위스키,조니 워커,발베니,히비키 하모니,산타,사장,일본,가게","마시고 싶다,먹어보고 싶다,추천하다,궁금하다"
42770885039,TW2032837079550603513,"얘들아 받아 적어라
여자에게 필요한 것: 보드카, 발렌타인, 꼬냑, 헤네시, 메이커스 마커, 블랙 라벨, 글렌피딕, 히비키, 데킬라, 아드벡, 로얄살루트, 예거, 봄베이 사파이어, 산토리니, 라벨5, 잭다니엘, 시바스리갈, 피치트리, 엑스레이, 말리부  히끅, 술이 최고야.",https://x.com/aesthetics0317/status/2032837079550603513,X(트위터),X,aesthetics0317,2026-03-15,중립,,"여자,블랙라벨,라벨,최고,마커,보드카,꼬냑,테킬라,발렌타인,헤네시,글렌피딕,로얄살루트,봄베이 사파이어,잭다니엘,말리부,엑스레이,산토리니",
42776763404,TW2035914444266508603,"花(화) 3/27-28 위스키 라인업

드디어 위스키 파티 라인업을 가져왔습니다!!

BURBON

- 와일드터키 8년 50.5%
같은 버번위스키 라인업중에 가장 스파이시함이 돋보임

- 버팔로 트레이스 45%
달콤한카라멜과 바닐라의 부드러운여운

- 메이커스마커 45%
부드럽게 넘어가는 목넘김과 함께 느껴지는 은은한 허니

- 러셀 리저브 6년 라이 45%
아몬드향과 말린 과일의 풍미가 느껴짐

SINGLE MALT

- 탐나불린 더블 캐스크 40%
사과향으로 시작해서 배맛이 지나가고 약간의 스파이시가 남음

- 글렌피딕 15년 40%
전체적인 향과 맛의 밸런스가 최고

- 탈리스커 10년 45.8%
피트위스키 입문자용 스모키한 향이 도드라짐

- 부나하벤 스트라듀 46.3%
크리미한 캬라멜과 건과일
그들과 어우러지는 견과류를 느낄 수 있음",https://x.com/Bar_Hwa_/status/2035914444266508603,X(트위터),X,Bar_Hwa_,2026-03-23,긍정,,"버팔로,라인업,여운,목넘김,허니,더블,시작,전체적,밸런스,최고,마커,파티,아몬드향,풍미,사과향,스파이시,견과류,바닐라,말린과일,건과일,카라멜,위스키,버번위스키,캐스,와일드 터키,러셀 리저브,글렌피딕,부나하벤,트레이스,입문용","스모키하다,돋보이다,어우러지다,부드럽다,은은하다,스파이시하다,달콤하다,맛 반하다,크리미하다"
14583299359,BL000000014583299359,마곡역 한식주점 심야술집 올빼미 둥지 치마살 육사시미 채끝육회 한상 솔직 후기,https://blog.naver.com/zinnie_99/224236601358,블로그,네이버블로그,쥐니의 맛집 일상 아카이브,2026-04-01,긍정,"마곡역맛집,마곡술집,마곡데이트,올빼미둥지,마곡육회,마곡육사시미,심야술집,마곡한식주점,퓨전한식,채끝육회,육사시미맛집,서이추,서이추환영,마곡야장,마곡소개팅,조용한술집,분위기좋은술집","올빼미,토끼,수목,원숭이,숄더,심야,오늘,영업시간,정기휴무,시간,둥지,후기,친구,비주얼,위치,중앙,예약방법,주차,가능,유료,무료주차,이용료,발생,주차권,문의,기타,국내,무료,주종,근처,건물,발견,다음,입구,도착,신규오픈,오픈기념,이벤트,리뷰,작성,증정,참여,내부,단체,예약,혼자,제외,검정색,판매,메뉴판,리필,국내산,고급,부위,마블링,대박,종류,조언,추천,참고,해시태그,태그,기억,노래,마커,소개팅,데이트장소,직원,메뉴,식사,음식,푸드파이터,대표메뉴,간장베이스,해체쇼,치마살,육사시미,채끝,요거트 아이스크림,육우,돌김,감태,노른자,꿀요거트,양념,기름장,쌈장,소금,간장,와사비,디저트류,스낵,증류주,와인,위스키,주류,하이볼,전통주,사케,소주,맥주,에이드,육회,퓨전한식,디저트,기본안주,술안주,해시,간판,층고,4인 테이블,테이블,전화번호,콜키지,발베니,글랜피딕,조니 워커,네이버 예약,NAVER,먹깨비,네이버 영수증 리뷰,인스타그램,레고,김이나,사장,마곡역,한식주점,술집,특별시,서울특별시,강서구,마곡,트윈타워,지하주차장,출구,식당,밥집,맛집,야장","분위기 좋다,잔잔하다,흔하지않다,가격 오르다,추천하다,좋다,메뉴 다양하다,다양하다,감사하다,차갑다,감성 좋다,편하다,아담하다,센스 만점,비주얼 놀라다,야무지다,맛집,맛있다,맛 반하다,음식 맛있다,조용하다"
14588704639,BL000000014588704639,[일상] 260329 문래 창작촌 나들이 정밀제빵 / 우시이토 문래본점 / 유어홈커피 버터떡 / 이씨네 / you are my gelato,https://blog.naver.com/juhui_ni/224238583660,블로그,네이버블로그,끄적끄적,2026-04-02,긍정,"문래창작촌,정밀제빵,우시이토,유어홈커피,버터떡,이씨네,모츠나베,youaremygelato,문래야끼니꾸,문래모츠나베,문래버터떡,문래초코바게트,문래뺑오쇼콜라,문래명란바게트","오랜만,저녁,일상,정밀,날씨,더블,구입,후기,재구매의사,실패,예약,방문,세트,쿠폰,기분,기름,취향,브랜드,마무리,국룰,0칼로리,창작,사진,나들이,마커,물가,초코맛,넛츠,바게트,명란,우설,아이스크림,크랜베리,초코,커피,생맥,소맥,하이볼,제빵,버터떡,명란바게트,뺑오쇼콜라,야키니쿠,된장찌개,육회,두바이 쫀득 쿠키,모츠나베,고추장찌개,치킨난반,모토이시,아사히,NAVER,버스,장인,문래창작촌,본점,동네,부천시,서울특별시,영등포구,도림로,경인로,핫플","유명하다,사람 많다,재구매 없다,재구매 의사 없다,재구매 의사 있다,비싸다,좋다,방해하다,초코 좋다,좋아하다,궁금하다,아끼다,기름지다,힙하다,맛있다,짜지않다"
14594905149,BL000000014594905149,2025 라디오크레이지(레디크레) 1228-3. 이벤트 부스/ 밥타임/ 스트레이테너/ 큐미리/ 퇴장,https://blog.naver.com/ojmgk/224240801112,블로그,네이버블로그,이만큼 달려도 더 :),2026-04-04,긍정,"큐미리,스트레이테너,라디오크레이지,레디크레,일본락페스티벌","시샤모,비버,머리,지방,연말,올해,오늘,저녁,일차,하루,가을,찰나,시간,일요일,연말연시,겨울,시간대,옛날,어제,여름,다음주,내년,다음날,크레이지,이벤트,부스,타임,퇴장,신사,현수막,활동,중지,마무리,카키색,의미,사람,패스,눈사람,날씨,처음,아저씨,서치,남자,주변,분위기,시작,베이스,느낌,생각,홍보,사용,국가,행사,대표,템포,텐션,공기,기타,문제,팬덤,다음,후기,자만추,블루,취향,우드,티켓,가격,중앙,프로그램,토크,미니,라이브,컨셉,입장,무료,입구,검사,공식,라벨,구석,예약,번호표,번호,주문,잘못,이름값,전체적,화면,자의적,만석,세계,금지,동영상,스테이지,내부,헤드,최고,계속,고민,포기,내한,만족,장난,등장,인사,무아지경,정신,단계,체력장,놀이,혼자,수치,선도,실존,문장,인지도,체감,확인,중간,박수,이야기,전달,기분,멘트,한국팬,그라데이션,영상,디자인,각인,사랑,근본,행동,자제,입성,체력소모,인원,귀갓길,포토,로고,뿌리,내용,행렬,종료,스퀘어,실패,동시,숙소위치,도착,곤약젤리,위스키,맥주,호르몬동,카레,우동,푸드,음주,식감,끼니,팔찌,가방,옷차림,전단지,기둥,타월,펜트하우스,마당,침실,라디오,통돌이 세탁기,스마트폰,밴드,셔틀버스,버스,지하철,메트로,요리활동,공연,엑스포,전국투어,리허설,락페,테너,무대,사진,전시,노래,그림,관객,관람,보컬,음향,장르,콜라보,촬영,아티스트,앵콜,밴드보컬,뮤직,음악,오프닝,아리아,락페스티벌,시구,다이빙,페스티벌,원더리벳,숙소,악기,토크쇼,마커,스티커,기타연주,런닝머신,국가적,부도,백수,골절,호르몬,씨디,오쿠,두끼,보노,스트레이,알렉산드로,쿠모,코스모,헤드라이너,라우드,라스,SBS 인기가요,SK엔카,에펨,파워포인트,테너지,레이지,슈퍼비,소닉,시구레,보노보노,바운디,토시오,베리굿,도쿄,스카,슈퍼,오사카,대한민국,광장,이벤트홀,삿포로,가나자와,일본,부도칸,포토존,가게","이름 있다,사람 적다,균형 있다,별로다,만족하다,먹어보고 싶다,아쉽다,처음 알다,재미있다,답 빠르다,분위기 없다,재미 없다,먹먹하다,답답한 느낌,좋다,감사하다,질투나다,공감하다,친구 재밌다,확실하다,가능하다,즐기다,어렵다,유쾌하다,힘든 것 같다,좋아하다,기회 없다,힘들다,그립다,잘못되다,명료하다,기대하다,축하하다,뚜렷하다,기분 좋다,안타깝다,널널하다,간단하다,피곤하다,빠르다,잘되다,멋있다,건실하다,못하다,평범하다,진지하다,세련되다,화려하다,사랑스럽다,밝다,못생기다,위험하다,추운날씨 시원시원하다,가볍다,시원하다,묵직하다,산뜻하다,맛있다,소리 크다"
14608168404,BL000000014608168404,혼자가도 즐겁게 광안리혼술바 고도,https://blog.naver.com/usan119/224245703258,블로그,네이버블로그,My Space,2026-04-08,긍정,"부산혼술바고도,부산가볼만한곳,광안리술집,부산칵테일,부산혼술바,부산혼술바아홉,광안리칵테일,부산칵테일추천,광안리혼술바","악어,야생화,오랜만,영업시간,매일,익일,오늘,시간,새벽,혼자,혼술,사람,이야기,성격,위치,홈페이지,주차,주차지원,구경,방문,외관,목적지,목적,도착,내부,모양,방명록,주문,벽면,신청곡,손님,도수,중도,요청,표시,야생,왼쪽,오른쪽,개인적,추천,자리배치,처음,스몰토크,토론,애인,생각,영수증리뷰,작성,다음,약속,계속,점수,콘텐츠,음악,보드게임,게임,밸런스게임,뽑기,마커,출근,오픈런,메뉴,새우,칵테일,위스키,맥주,하이볼,아이스티,테킬라,바테이블,테이블,전화번호,대형스크린,인스타그램,마이멜로디,동생,시장,사장,주인장,광안리,부산,가게,만남로,부산 수영구,광역시,부산광역시,인근,주차장,공영주차장,민락동,광안리 해변,밀락더마켓,해변,도쿄,술집","배치 신기하다,특별하다,종류 많다,추천하다,즐겁다,용기 없다,좋아하다,가깝다,좋다,다양하다,즐기다,아쉽다,즐거운 시간,어색하지않다,추억 만들다,큰 화면,서비스 주다,못하다,귀엽다,신기하다,자연스럽다,매력 빠지다,향 좋다,새콤달콤하다,맛 좋아하다,맛 들다"
14613564229,BL000000014613564229,서귀포 이자카야 술집 올레시장 맛집 독특한 원시구이 전문점 '로바타 타키비',https://blog.naver.com/jylking123/224247715669,블로그,네이버블로그,유럽솜사탕의 세계 유랑,2026-04-10,긍정,"서귀포이자카야,서귀포올레시장이자카야,올레시장이자카야,서귀포술집,올레시장술집,서귀포올레시장술집,서귀포맛집,서귀포올레시장맛집,올레시장맛집,로바타타키비,서귀로바타타키비,원시구이,서귀포원시구이,서귀포이자카야술집","다리살,어종,무릎연골,오랜만,오늘,오후,새벽,원시,전문,손질,숯불,방식,극대화,특징,소형,매장,감성,분위기,느낌,포스,예약,처음,혼자,손길,주문,구경,이야기,박자,순서,기준,코치,비교,매력,잘못,특유,도착,기름,고급,껍질,명불허전,생각,스트레이트,마실,설명,제주산,알코올,원조,대명사,탄산감,탄산,우드,주재료,재료,보관,근처,주차,솥밥,옥수수,생선,닭고기,고기,다짐육,달걀,노른자,닭다리,닭다리살,베이컨,염통,닭껍질,참돔,살코기,간장,간장소스,와사비,아스파라거스,하이볼,소주,위스키하이볼,생맥,생맥주,맥주,사케,양주,레몬즙,버번위스키,위스키,버번,구이,생선구이,두부요리,꼬치,술안주,금태구이,금태솥밥,우설구이,가라아게,튀김,고등어구이,문어숙회,숙회,무침,일본식,불향,메뉴,음식,숯불향,식감,기름맛,단맛,위스키향,카라,스타일,간판,하이볼잔,꼬지,프라이팬,주소,출입구,전화,일본어,전통,그림,음악,여행,일본여행,마커,영업,폭발,고소,산토리 위스키,산토리,짐빔하이볼,맥켈란,산토리 가쿠 하이볼,와일드 터키,로바,하츠,포드,모모,카야,동생,사장,딸아이,서귀포매일올레시장,이자카야,술집,올레시장,맛집,전문점,유럽,일본,가게,선술집,제주특별자치도,서귀포시,공영주차장,주차장","잘 찍다,잘먹다,좋게하다,먹어보고 싶다,추천하다,마시기 좋다,질기다,어울리다,깔끔하다,촉촉하다,안촉촉하다,부드럽다,과하지 않다,가볍다,시원하다,묵직하다,은은하다,향 나다,향 섞이다,향 있다,향 없다,청량하다,향 올라오다,향 진하다,맛집,바삭하다,고소하다,맛있다,쫀득하다,육즙 가득하다,달짝지근하다,질기지않다,단맛 나다,단맛 올라오다,맛 올라오다,단맛,감칠맛 있다,단맛 좋다,매콤한 맛,쌉싸름한 맛,짭조름하다,맵다,달콤하다,분위기 좋다,고급스럽다,단단하다,느낌 좋다,좋다,따뜻한 분위기,좋아하다,기분 좋다,데이트 좋다,친구 좋다,기막히다,뒤쳐지다,기대하다,다양하다,마법 같다,위스키 좋다,진하다,휴무 없다,독특하다,귀엽다,감성적이다,못하다,신기하다,매력적이다,특징 있다,상큼하다,싱싱하다"
14614812441,BL000000014614812441,퇴사일기1. 삼월황 운세상회 티칵테일코스 3월 : 별자리,https://blog.naver.com/ejcho0118/224248181595,블로그,네이버블로그,얼레벌레 얼렁뚱땅 지나가는 공주의 하루,2026-04-10,긍정,,"목련,국화꽃,자스민,벚꽃,백호,장미,올해,오랜만,일기,운세,상회,코스,내돈내산,인증,방문,예약,주제,별자리운세,지피띠니,소리,선정,기억,느낌,취향,조합,월광,냄새,고백,기록,버전,소식좌,소식,야생,체리맛,고구마맛,식폭행,버터,시럽,체리,유자,베리,칵테일,백차,탄산음료,오렌지주스,호지차,위스키,버블티,얼그레이,막걸리,케이크,파운드 케이크,부추만두,떡볶이,치료,불교박람회,마커,영농,폭행,퇴사,감기,유당불내증,별자리,버터컵,갈배 사이다,사브레,반장,특별시,서울 종로구,서울특별시,삼청동,연남","괜찮다,별로다,슬프다,궁금하다,좋다,안좋아하다,먹고 싶다,예쁘다,미친놈,깔끔한 느낌,향 좋다,냄새나다,향 맡다,향 올라오다,구수한 맛,달달한맛,새콤달콤하다,스파이시하다,고소하다,맛있다,구수하다,맛있는것 같다,맛 깔끔하다"
14615808483,BL000000014615808483,청주 병운 할인마트 | 전국 위스키 성지 중 한 곳으로 위스키 성지순례간 찐 후기,https://blog.naver.com/cheomook/224247238387,블로그,네이버블로그,처묵1대장의 맛집 돌격,2026-04-11,긍정,"병운,병운할인마트,청주병운마트,병운마트,병운마트위스키,청주병운,청주병운할인마트,위스키성지,청주위스키성지,전국위스키성지,청주위스키성지가격,위스키싸게사는,위스키싸게사는곳,위스키싸게사는방법,위스키싸게,위스키싸게구매,위스키저렴,위스키저렴하게파는곳,위스키저렴한국가,가성비위스키,가성비위스키추천,위스키싼곳,사직동병운,사직동병운할인마트,청주위스키,청주위스키매장,청주위스키판매점,청주위스키판매,맛있는위스키,맛있는위스키추천","대장,원숭이,숄더,버팔로,오늘,영업시간,주말,시간,예전,주기적,후기,리뷰,인사,소개,시작,위치,주차,무료주차,외관,분위기,컨디션,작전,정보,술쟁이,일반,천국,도착,참고,업데이트,다다익선,할인,상품,사용,세이브,구매,후보,지인,사랑,한정판,세트,선물,모어,생각,구경,파란색,기원,판매,가격,종류,구형,신형,목표물,목표,검정색,느낌,마크,기회,허락,다음,처음,추천,가격대,버전,증정,행사,첨가,가성비,주기,방문,만점,인증,이상,내돈내산,몰트,위스키,와인,사케,포트와인,브랜디,화이트와인,데낄라,꼬냑,중국술,세트메뉴,드릴,와인잔,머그컵,창고,입문자,사진,영화,톡방,미니어처,마커,포스팅,피크닉,성지순례,단톡,온누리 상품권,결제,사직,더 글렌리벳,글렌피딕,아벨라워,달모어,재패니스 위스키,카발란,발렌타인,로얄살루트,맥켈란,조니 워커,메이커스 마크,와일드 터키,발베니,이마트,수정방,킹스맨,트레이스,단톡방,디아블로,사장,솔리스트,청주,할인마트,전국,성지,방문지,충청북도,청주시,서원구,주차장,전통시장,시장길,마트,우리나라,포르투갈,중식당","유명하다,마음에 들다,괜찮다,종류 많다,운 좋다,술 좋아하다,구매하다,할인 있다,저렴한 가격,가격 달라지다,저렴하다,비싸다,강추,추천하다,즐겁다,가능하다,좋다,선물 좋다,좋아하다,아쉽다,즐기다,먹고 싶다,다양하다,한정수량 있다,강화하다,아끼다,사랑하다,궁금하다,든든하다,기분 좋다,도움되다,멋있다,과감하다,가난하다,친절하다,가볍다,무겁다,맛 괜찮다,맛있다,와인 즐기다"
14624542111,BL000000014624542111,"웨스틴 서울 파르나스 스위트룸 이용 후기 ( 웨스틴 클럽, 이브닝 칵테일, 조식, 수영장 등)",https://blog.naver.com/coocoo625/224245956315,블로그,네이버블로그,일상을 담다,2026-04-14,긍정,"웨스틴파르나스,웨스틴파르나스스위트룸,웨스틴서울파르나스,웨스틴서울파르나스스위드룸,웨스틴파르나스수영장,웨스틴파르나스조식,웨스틴파르나스클럽라운지,웨스틴클럽라운지","바디,이브닝,오랜만,나이트,오픈시간,저녁,지금,아침,시간,매월,화요일,이용,후기,리뉴얼,오픈,예약,완료,추가,위치,참고,객실,정보,순간,일반,차이,공간,휴식,주기,준비,요금,가격표,연결,오른쪽,충전,구비,옆쪽,이동,활용,체중,타입,분리,방문,결론,라인,처음,사용,지속,생각,소모,비용,전반적,설경,혜택,다음,라이트,스위트,딜라이트,멤버십회원,이용제한,도착,만석,현실,창가뷰,이유,무제한,종류,정보확인,빈병,상태,요청,왼쪽,검색,음식 퀄리티,전문,실화,리필,대체적,골드,시기,타임,변경,국가,압도적,압도,만족도,만족,기대,즉석,사람,시설,구경,수영장뷰,느낌,이용시간,지하,매장,선물,가격,선물용,혼자,전체적,누들,양고기,고기,하몽,에그,채소,과일,수박,멜론,파인애플,오렌지,스낵,나초,칵테일,디카페인,주류,와인,위스키,샴페인,음료수,맥주,화이트와인,착즙주스,조식,안주류,안주,케이크,쿠키,디저트,카페인,바디감,레시피,고기맛,음식,메뉴,요리,만찬,가운,슬리퍼,테이블,세면대,욕조,어메니티,커피포트,접시,침실,미니바,욕실,통창,옷방,화장실,스마트폰 충전기,체중계,스팀다리미,핸드폰,태블릿,산부인과,샴푸,린스,핸드워시,바디로션,치약,드라이기,칫솔,예술,수영,운동,스위트룸,호텔,체크인,체크아웃,디럭스룸,해피아워,5성급,호캉스,샤워,소모품,마커,면세,업무,직원,해피아,임신,임산부,출산,레스트,클리닝타임,삼성,다이슨,더 글렌리벳,딥티크,웨스틴 서울 파르나스,부처님,남편,부부,클럽,수영장,서울특별시,삼성역,클럽라운지,특별시,강남구,봉은사로,코엑스,옆건물,로비,봉은사,사우나,라운지,창가,전문점,헬스장,면세점","인기 있다,원 없다,종류 많다,술 좋아하다,만족도 높다,만족 높다,평타 이상,좋은 음식,구매하다,취향저격,마시기 좋다,편리하다,편하다,퀄리티 좋다,알차다,서비스 좋다,구성 좋다,위생적이다,위생적사용 가능하다,쾌적하다,시원하다,사르르 녹다,가볍다,맡기좋다,맛있다,맛 반하다,달달하다,음식맛 좋다,뷰 담다,뷰 좋다,뷰 감상하다,가격대 있다,저렴하다,할인혜택 있다,할인 받다,원 없이 먹다,굿굿,즐기다,제대로이다,기분 좋다,좋다,다양하다,가능하다,좋아하다,아깝다,제한되다,슬프다,제한 있다,힘들다,어렵다,종류 다양하다,배 아프다,아쉽다,풍경 즐기다,낭만적이다,더부룩하다,여유롭다,행복하다,귀찮다,후회되다,제한시간 없다,혜택 받다,환상적이다,못하다,싱싱하다,야무지다"
14634397563,BL000000014634397563,신대방역 와인바 '어느밤' 2번째 방문 후기,https://blog.naver.com/zzangyooo/224255057412,블로그,네이버블로그,와이리의 daily log,2026-04-17,긍정,"260331,신대방역맛집,와인바,어느밤,내돈내산","백합,브레이크타임,저녁,방문,후기,친구,이용시간,예정,예약,닷지석,레드,가격,전체적,대식가,트리플,감동,필수,최대,손님,주문,종류,콜드,원픽,기본,양도,모양,개인적,마무리,생각,마음,먹잘알,잘알,총평,분위기,주전,마커,블로그,회사,객단가,단가,신맛,바디감,메뉴,전메뉴,닭목살,해산물,광어,치즈,아이스크림,바질페스토,머쉬룸,바질,토마토,와인,하우스레드와인,화이트와인,위스키,버터브레드,브레드,애피타이저,닭목살구이,안주,쿠키,파스타,마리네이드,알리오올리오,알리오올리오파스타,찹스테이크,스테이크,술찜,디저트,우산,스타일,박스,접시,주소,하우스,리타,사장,신대방역,와인바,독도,가게,서울특별시,관악구,다이닝바,특별시","반응 좋다,별로다,유명해지다,저렴하다,좋다,감동적이다,강하지않다,기분 좋다,안좋다,감동하다,좋아하다,죄송하다,안좋아하다,극찬하다,잊어버리다,먹기 힘들다,미치다,완벽하다,부드럽다,냄새 힘들다,맛있다,신맛,달지않다,바디감 풍부하다,맛이 없다,신선하다,맛 완벽하다"
14646148531,BL000000014646148531,"신바시 긴자 돈키호테 긴자본관 혼칸텐 본점 위스키정보 1층 2층, 스카이샵 위스키 수령정보",https://blog.naver.com/ysb66ysb/224255811681,블로그,네이버블로그,봉봉이네 여행일기,2026-04-21,중립,"일본여행,도쿄,긴자,돈키호테,위스키,가격정보,위스키정보,닷사이23,사케,쿠보타만쥬,글렌리벳18,로얄살루트21,발렌타인30,블루라벨,프리미엄,산토리,야마자키,히비키,하쿠슈,산리오","기린,대장,예전,중복,정보,스카이,수령,가격,한도,귀국,비행,금액권,할인,구매,대란,추가,쿠폰,취소,생각,구경,끝부분,시작,위치,매장,댓글,기준,표기,올드,로얄,가격대,시즌,에디션,블루라벨,발품,대용량,검정색,퓨어,나무,지역,용량,맛보기,등급,취향,모어,더블,우드,레어,시리즈,미니,제품,한정판,확대,이상,숙성,라인,최저가,종류,흰색,라벨,레드,클릭,확인,인기상품,골드,구석,품귀,재고,인기,굿즈,이야기,프리미엄,몰트,위스키,하이볼,블랜드,싱글몰트,사케,리큐르,꼬냑,버번,보드카,테킬라,샴페인,와인,만쥬,알코올 쓰레기,위린이,진열대,종이상자,상자,박스,비행기,사진,여행,일본여행,마커,미니어처,결제,재결제,면세,자본,환율,시장조사,금액,차가격,고가,정가,출장,멍청비용,리프,빅카메라,요이치,피노,돈키호테,로얄살루트,글렌피딕,산토리,더 글렌리벳,야마야,그린라벨,아사히맥주,조니워커 블루라벨,재패니스 위스키,준마이다이긴죠,달모어,발베니,라프로익,발렌타인,글렌알라키,카발란,듀어스,잭다니엘,잭다니엘 애플,짐빔,조니 워커,수이진,야마자키,하쿠슈,맥켈란,보모어,쿠보타 만쥬,돈키,대한항공,이치로,산리오,한국인,일본사람,솔리스트,긴자,본점,도쿄,리쿼샵,지점,히로시마,미야기,면세점,공항면세점,야마구치,공항,오사카,도시,소도시,길거리,일본","인기 좋다,인기템,괜찮다,술 좋아하다,살기 좋다,선호하다,구매하다,할인가격 괜찮다,가격 있다,비싸다,가격 좋다,최저가 아니다,가격대 상당하다,가격 오르다,싫어하다,좋아하다,구하기 어렵다,쉽다,좋다,안좋아하다,다양하다,정확하다,가능하다,시간 없다,이상 없다,멍청비용,못하다,귀엽다,사람 좋다,좋은 사람,능력 없다,맛있다"
14656709877,BL000000014656709877,짜배기 마신 후 가는 집 쌍촌동 표리 메이커스마크,https://blog.naver.com/geun-dol/224261472173,블로그,네이버블로그,코르크 바사삭,2026-04-24,긍정,"메이커스마크,메막콕,메막코크,메이커스마크콕,짜배기,쌍촌동표리,쌍촌동감성주점,쌍촌동감성술집,표리,쌍촌동텃새,보드카크랜베리,쌍촌동술집추천","매니큐어,기린,예전,오랜만,소개,이동,양대,입성,웨이팅,짝꿍,마크,판매,주문,코크,완성,분위기,참고,마무리,감성,엔트리,포스팅,주택가,얼음,음식,아이스크림,크랜베리,고구마칩,생맥,보드카,위스키,콜라,안주,주택,메이커스 마크,쌍촌동,광주,감성주점,성지,감성술집,해남,맛집,술집","만만하지않다,심플하다,좋다,즐기다,어렵다,만만하다,특이하다,아기자기하다,맛집,조용하다"
14658406127,BL000000014658406127,"[양재역 술집] 도시문 / 그릴드 문어, 메이커스 마커 하이볼, 양재 술집, 강남 와인바, 분위기 좋은 술집, 양재 도시문, 강남역 데이트, 강남 핫플, 서울 데이트 장소",https://blog.naver.com/hydeyukimi/224263569991,블로그,네이버블로그,Le palais de la lune♪,2026-04-24,긍정,"도시문,양재역술집,강남역데이트,강남핫플,서울데이트장소,양재와인바,양재역와인바,도곡동와인바,양재역위스키,양재위스키,그릴드문어,메이커스마크,메이커스마크하이볼","두족류,허브,시간,오늘,매장,방문,문의,후기,주차,건물,가능,무료,단체,이용,예약,좌석,느낌,인상적,메뉴판,합리적,마크,감각,탄산,선택,하트,수동,뿌리,개성,회전목마,몽환,분위기,도수,양도,조합,주문,덕분,조화,재미,스테이,회식,남녀노소,메뉴,풍미,고소한맛,문어,파프리카 파우더,진저,오렌지,감자,포테이토,연근칩,하이볼,칵테일,위스키,와인,진저에일,토닉워터,탄산수,안주,웰컴푸드,프레첼,매쉬,인테리어,테이블,보틀,식기,빨대,그릴,주소,화장실,출입구,전화,콜키지,무선인터넷,포장,휠체어,드라이,사진,조각,마커,데이트,데이트장소,모임,소개팅,메이커스 마크,양재역,술집,양재,강남,와인바,강남역,핫플,서울특별시,도시,한복판,강남구,도곡동,맛집,위스키바,특별시,남부순환로","마음에 들다,빠르다,잘 어울리다,청결하다,야들하다,부드럽다,보드랍다,은은하다,향 좋다,위스키 향긋하다,맛있다,위스키 즐기다,맛집,안주 즐기다,맛있는조합,고소한맛,고소하다,바삭하다,분위기 좋다,고급스러운 느낌,플레이팅 근사하다,그림 같다,아늑한 분위기,모양 사랑스럽다,가격대 합리적,가격 합리적,풍성하다,따뜻하다,좋다,중요하다,가능하다,종류 다양하다,메뉴 다양하다,안주 좋다,즐기다,섬세하다,좋아하다,위스키 좋다,다양하다,데이트 좋다,편안하다,따뜻한 분위기,예쁘다,차분하다,인상적이다,감각적이다,사랑스럽다,근사하다,이국적이다,아기자기,몽환적이다,따뜻한 마음"
14667171842,BL000000014667171842,흑수저셰프 갓포아키 삼성역점 런치 회식 메뉴추천,https://blog.naver.com/eoao79/224265636359,블로그,네이버블로그,일상기록inni.,2026-04-27,긍정,"갓포아키,갓포아키삼성,삼성역갓포아키,삼성역점심,삼성역점심맛집,삼성역맛집,삼성역점심회식,흑수저쉐프,흑수저식당,갓포아키메뉴,삼성역직장인점심","브레이크타임,정기휴무,매주,일요일,점심시간,런치,메뉴추천,다음,라스트오더,주차,예약,단체,센터,지하,프라이빗,공간,방문,구성,확인,감각,느낌,오더,제공,정식,회의,이슈,퀄리티,추가,합격,연하,점심회식,농도,베이스,동료,의사,내부,마커,모금,합법적,법적,셰프,회식메뉴,디너,메뉴,음식,상차림,몸보신,일본식,장어,요구르트,전복,바닐라 아이스크림,간장소스,퓌레,망고,하이볼,가이센돈,조개된장국,미역된장국,단무지무침,새우튀김,후식,스타일,내부인테리어,삼성,갓포아키,짜파게티,글래드호텔,아키,삼성역,특별시,서울특별시,강남구,테헤란로,테헤란,코엑스,정원,일본","마음에 들다,괜찮다,별로다,정갈하다,웅장하다,상태 좋다,먹고 싶다,안좋아하다,좋다,꾸미다,감각적이다,차분하다,상큼하다,음식 깔끔하다,쾌적하다,부드럽다,사르르 녹다,맛있다,바삭하다,새콤달콤하다,깔끔한맛"
14600539244,CF000000014600539244,우포리야 미안하다..,https://cafe.naver.com/whiskycognac/864511,카페,네이버카페,위스키코냑클럽,2026-04-06,긍정,,"아세톤,에어링,게시판,이용,주의사항,삭제,금지,게시글,이름,제품명,표시,구입기,구입처,정보,개인,거래,자랑,언급,문의,댓글,쪽지,이벤트용,이벤트,참여,후기,내용,협찬,혜택,국내,구매,예시,참고,질문,미부착,부착,판매,라벨,매입,해외,구입,유도,마커,면세,재판매,콜라,위스키,불법유통,불법,한글,셀러,우포,면세점","미세하다,미안하다,좋다,향 좋다"
14639818333,CF000000014639818333,메이커스 마크 cs 25-03 배치 좋네요,https://cafe.naver.com/whiskycognac/870541,카페,네이버카페,위스키코냑클럽,2026-04-18,긍정,,"기간,마크,라벨,평가,배치,혼합,최소,숙성,도수,감소,처음,이전,복합,증가,생각,리뉴얼,코르크,느낌,첨가,오크향,특유,가격,먹이,가성비,왕좌,타격감,참고,개인적,구매,행보,게시판,이용,주의사항,삭제,금지,게시글,이름,제품명,표시,구입기,구입처,정보,개인,거래,자랑,언급,문의,댓글,쪽지,이벤트용,이벤트,참여,후기,내용,협찬,혜택,국내,예시,질문,미부착,부착,판매,매입,해외,구입,과실향,밀크,체리,위스키,주스,버번,스크류,아세톤,유도,면세,재판매,불법유통,불법,간질,캐스,한글,메이커스 마크,증류소","배치 좋다,만족하다,좋다,좋아하다,아쉽다,노려보다,부드럽다,향 기분 좋다,향 별로,향 없다,맛있다,달달하다"
14642188376,CF000000014642188376,와이프 친구가 여행다녀오면서 선물을 ㅜㅜ,https://cafe.naver.com/whiskycognac/870914,카페,네이버카페,위스키코냑클럽,2026-04-19,부정,,"예전,일요일,친구,선물,구입기,필수,정보,구입처,구입가격,구매,회원,자랑,게시판,베프,한정판,우드,비교,시음,다음,이용,주의사항,삭제,금지,게시글,이름,제품명,표시,가격,개인,거래,언급,문의,댓글,쪽지,이벤트용,이벤트,참여,후기,내용,협찬,혜택,국내,예시,참고,질문,미부착,부착,판매,라벨,매입,해외,구입,유도,여행,면세,재판매,위스키,불법유통,불법,한글,와이프,시드니국제공항,시드니","좋게하다,비싸다,좋아하다,즐겁다,돈쭐 내다"
14615305573,DC000000014615305573,오늘의 술,https://www.fmkorea.com/9694115013,커뮤니티,에펨코리아,버튜버,2026-04-11,중립,,"오늘,오랜만,마커,방송,온더락",
14615468742,DC000000014615468742,조만간 위스키바 가봐야겠다. 4. 5잔이면 되려나,https://gall.dcinside.com/mgallery/board/view/?id=whiskey&no=1588157,커뮤니티,디시인사이드,위스키 갤러리,2026-04-11,중립,,"버팔로,원숭이,숄더,예전,메뉴판,우드,마커,메뉴,전메뉴,팝콘,안주,글렌피딕,포드,위스키바,튀르키예","먹어보고 싶다,아쉽다,안맞다"
14688405109,BL000000014688405109,울산 삼산 소고기 회식장소로 최고인 상식당,https://blog.naver.com/lvemeily/224273294218,블로그,네이버블로그,얼렁뚱땅 하루 살이,2026-05-03,긍정,"울산맛집,삼산맛집,삼산소고기,삼산회식,울산회식장소,울산회식,울산소고기맛집,상식당,삼산돈,울산소고기","오늘,영업시간,매일,시간,최고,회식,소개,주차,지원,단체,가능,접대,전문적,전문,제작,공간,판매,보관,오픈,기본,매번,기회,배치,부위,세트,주문,굽기,오른쪽,요청,두께감,추가주문,마블링,생각,비율,연하,상식,자작,순삭,완료,리뷰,주차정보,이용,무료주차,마커,생일파티,회사,직원,상차림,메뉴,모듬세트,푸드파이터,소고기,고기,한우,등심,소고기패티,고기패티,샐러드,두릅,하이볼,잡채,장아찌류,장아찌,황태국,수육,버거,수제버거,테이블,술장고,산토리 가쿠 하이볼,산토리,짜파구리,야마자키,선생님,울산광역시,삼산,회식장소,식당,광역시,남구,달삼로,맛집,가게,주차장","유명하다,Good,믿음직하다,가성비 좋다,좋다,다양하다,파티 좋다,먹기 쉽다,쉽지않다,좋아하다,감 있다,강하다,서비스 나오다,편하다,꾸미다,반하다,부드럽다,사르르 녹다,맛집,맛있다"
14694448057,BL000000014694448057,26년 5월 2주차,https://blog.naver.com/tmdgnstptkd109/224275253994,블로그,네이버블로그,하얀공간,2026-05-05,긍정,,"얼굴,공룡,근육,시간,하루,지금,주간,현재,존재,날씨,정산,소망,도구,준비,지인,마지막,점검,점수,어린이,최종,책임,증명사진,가격,수정,갱신,사용,예정,용도,면접용,비대칭,공룡상,이야기,공간,평점,센터,이동,도착,효과,질문,상대적,지시,레벨,예상,범위,생각,다음,현장,위치,추가,기회,결혼식,동아리,자극,이벤트,얼음,온더락,아메리카노,지하철,드리프트,오픽,시험,영어점수,영어,기출문제,학습,성적,촬영,사진,데드 리프트,운동,마커,인화,케이블카,뒤풀이,담소,운전면허증,퇴사,취준생,이력서,면접,이력서용,감독관,노가다,카카오맵,CBT,레고,동방,하이데거,청년,사진작가,선배,설악산,학원,강남역,선정릉역,스튜디오,이란,선정릉,시험장,장한평역,성수역,광화문","만족하다,가고 싶다,추천 받다,좋다,먹고 싶다,감사하다,엄청나다,다양하다,배려하다,희망하다,가벼운 마음,마음 가다,일 잘하다,잘하다,몸에 좋다,힘들다,느낌 새롭다,편하다,잘되다,못하다,노려보다,좋은 사람,무겁다"
14698563142,BL000000014698563142,"마장동 : 가족 모임 식당 고민 끝, 부모님께 칭찬받은 마장동 맛집 '인생한우' 후기",https://blog.naver.com/livingteller/224276553775,블로그,네이버블로그,리빙텔러의 다정한 살림과 취향의 기록,2026-05-06,긍정,"마장동맛집,마장동인생한우,어버이날가족모임,서울한우맛집,마장동소고기,가족외식추천,인생한우후기,마장동데이트,1,가족모임맛집","입안,어린이날,어버이날,브레이크타임,오후,시간,주말,점심,직후,저녁,기념일,영업시간,가족모임,고민,인생,후기,어린이,소개,결정,생각,이유,이름,내돈내산,시작,비위생적,걱정,기름,퀄리티,방문,추가,주문,상차림비,허기,구성,마블링,최대장점,가격,안심,부위,상태,확인,무게,체크,제품,구입,굽기,순간,정답,소리,숯불,화력,포인트,다음,사람,일반,플레인,취향,보람,도착,착석,웨이팅,타이밍,오픈,예의,종류,선택,도리,센스,재방문,마무리,위장,기분,비결,숙성,저온,방법,온도변화,최소화,최소,손실,특별한 날,기념,어른,입구,벽면,고급,커버,지옥,공략,댓글,리스트,공유,도장깨기,라스트오더,주차,주차할인권,할인,제공,추천,면발,한우,고기,채끝등심,꽃등심,등심,소고기,참깨드레싱,소금,고추냉이,겨자,식초,샐러드,궁채,하이볼,위스키,와인,육회,양파장아찌,콩나물무침,반찬,스테이크,냉면,비빔냉면,물냉면,살얼음,육수,한우된장찌개,된장찌개,식사,신선도,참기름향,고기맛,육즙,구이용,얼음,식감,인테리어,진열대,석쇠,정리,진공포장,키보드,쇼케이스,예술,포스팅,마커,가족외식,데이트,모임,계산,비즈니스,축산,싸움,직원,정신건강,페어링,모던샤브하우스,산토리,발베니,야마자키,부모,시장,마장동,식당,맛집,모임장소,고깃집,축산물시장,주차장,공영주차장,특별시,서울특별시,성동구,마장로","질 떨어지다,선호하다,추천하다,번거롭다,서비스 나오다,고기 신선하다,서비스 되지않다,기름지다,어울리다,적합하지 않다,녹지 좋다,위생적이다,비위생적이다,깔끔하다,사르르 녹다,뜨겁다,부드러운 식감,촉촉하다,고소한 향,향 달콤하다,향 배다,맛집,달콤하다,아삭하다,맛 완벽하다,맛 잡다,맛있다,맛 살려주다,알싸하다,뒷맛 깔끔하다,쫄깃하다,맛있는것 같다,육즙 부드럽다,고급스러운 느낌,정갈하다,촘촘하다,가성비 좋다,칭찬 받다,즐겁다,거리 멀다,아깝다,좋다,덤탱이 쓰다,걱정 안되다,이롭다,가능하다,지나치다,진정하다,좋아하다,특별한 날,손색 없다,싫다,못하다,귀하다"
14699848572,BL000000014699848572,[영동시장 맛집] 영동스낵에서 혼술아닌 데이트 ㅎ,https://blog.naver.com/dudwl0422/224277012145,블로그,네이버블로그,동지부부 하루하루,2026-05-06,긍정,"선릉회식맛집,논현역술집,논현역맛집,논현역혼술,논현맛집,신논현술집,신논현맛집,반포맛집,강남혼술,영동시장맛집,논현역데이트,주변맛집,근처맛집,논현이자카야,스낵바,강남데이트,오늘저녁,하이볼,혼술","팬더,입안,원숭이,숄더,오늘,저녁,초저녁,종일,시간,일요일,정기,혼술,주변,근처,외국인,체험,접근성,분위기,외관,입구,외국,센스,내부,규모,일행,유니버셜,일정,느낌,사이즈,상표,종류,재료,이름,이야기,리뷰,즉석,운전,다음,친구,생각,비주얼,전문적,전문,손길,사랑,양도,작업,정성,부자,밸런스,면치기,양보,소개,맵찔이,재현,마무리,날씨,사람,관점,추천,운영,휴무,위치,공영,할인,특별,연어,소세지,고기,계란,양념,와사비,소금,식초,오이,양파,유자,바질,토마토,스낵,하이볼,위스키,맥주,생맥,오키나와 생맥주,오키나와맥주,생맥주,위스키하이볼,콜라,얼그레이,소주,안주,무침,타코,소바,돈코츠,라멘,매운라면,라면,반숙,메뉴,음식,입맛,카라,인테리어,테이블,스낵바,하우스,일본어,사진,인형,마커,데이트,집들이,수입,직원,소화,오리온,카라이라멘,유즈,바이브,유튜브,시장,사장,와이프,영동시장,맛집,영동,논현역,술집,논현,신논현,반포,강남 영동시장,이자카야,강남,식당,일본,오사카,스튜디오,오키나와,대한민국,가게,베트남,야장,서울특별시,강남대로,주차장,근교,특별시","빛깔 좋다,괜찮다,정겹다,접근성 좋다,좋다,느낌 있다,신나다,제대로이다,너무하다,위스키 좋다,좋아하다,진하다,가깝다,귀요미,멋쟁이,아기자기,사장 괜찮다,밝아지다,예쁘다,어울리다,때 많다,가볍다,향 있다,맛집,맛있다,아삭하다,숙성 살다,깔끔한맛,맛 비릿하다,맛이 없다,와이프 상큼하다,맵다"
14726594607,BL000000014726594607,히로시마 여행 기념품 돈키호테 쇼핑 리스트 위스키 가격,https://blog.naver.com/rano_0114/224285818229,블로그,네이버블로그,Rano의 멋대로 살아가기,2026-05-14,긍정,"히로시마여행,히로시마쇼핑,일본여행쇼핑,일본쇼핑리스트,돈키호테쇼핑,돈키호테쇼핑리스트,일본위스키","영업시간,매일,새벽,시간,종종,쇼핑리스트,가격,사람,쇼핑,스팟,도착,목적지,목적,위치,방문,구성,구경,여유,운영,소개,동네친구,마성,결론,눈길,코너,베이스,특유,매력,주류코너,종류,기본,시즌,한정,재료,주기,비교,재미,패키지,처음,알코올,마실,독주,가격대,대명사,시작,대표,상대적,유행,재고,전세계,대중적,전반적,준비,마니아,올드,판매,선물,일정,텐션,가다랑어,샐러드 드레싱,드레싱,조미료,위스키,맥주,무알코올 맥주,사케,소주,일본고구마소주,고구마소주,보리소주,하이볼,주류,싱글몰트,츠케멘,해물육수,식사,입맛,풍미,무알콜,스타일,냉장고,정리,히로시마 여행,기념품,일본여행,여행,숙소,번역,마커,강국,주류세,생산,마니아층,돈키호테,다시다,혼다시,아사히,산토리,삿포로맥주,아사히맥주,재패니스 위스키,카발란,짐빔,잭다니엘,발렌타인,참새방앗간,피에로,강나미,제임스,연예인,한국인,우리나라,대도시,소도시,번화가,히로시마,일본,맛집,바쿠,본점,강남,야외,대한민국,대만,스코틀랜드,시내 중심가,중심가","고급스럽다,특별하다,요즘 핫하다,종류 많다,좋게하다,부담 없다,구매하다,저렴하다,저렴한 가격,가격대 좋다,추천하다,떠오르지않다,시간 있다,좋다,궁금하다,애매하다,어렵다,다양하다,즐겁다,강화하다,눈길 끌다,종류 다양하다,진하다,쇼핑 즐기다,좋지않다,자연스럽다,못하다,매력 빠지다,쇼핑 좋다,가볍다,맛집"
14726659675,BL000000014726659675,"제주 서쪽 이색 데이트 추천! 넓은 바다뷰와 한잔의 위스키, 그리고 타로 카드의 매력_제주 화:답 위스키×타로바",https://blog.naver.com/abc_7265/224285838312,블로그,네이버블로그,❤️예니의 소소한 일상❤️,2026-05-14,긍정,"맛도리잼도리,예니의소소한일상,제주타로,제주위스키바,제주서쪽위스키바,제주서쪽여행,제주이색데이트,제주귀덕화,제주귀덕위스키바,제주애월위스키바,제주한림위스키바","오늘,영업시간,매일,새벽,매주,화요일,정기휴무,시간,데일리,추천,바다뷰,매력,일상,친구,어른이,어른,소개,위치,도보,특성,오픈,마녀,건물,조합,손님,사람,이야기,이름,판매,개봉,공간,파도,소리,감성,몽환,연기,준비,포인트,주문메뉴,메뉴판,스캔,진행,기본,주문,필수,입장,질문,추가,허용,계속,다음,시그니처,취향,버전,나이,남자친구,블랙라벨,베이스,뚜껑,회수,농축,호불호,방문,차례,해석,재미,고민,마음,느낌,방향,위로,기념사진,힐링,여자친구,관심사,관심,공유,대화,구경,맛도리,도리,소금,시나몬,타로,딸기,초콜릿,간식,위스키,칵테일,버번위스키,버번,생딸기라떼,딸기라떼,라떼,딸기주물럭,안주,기본안주,주물럭,술안주,외부음식,메뉴,훈연향,에메랄드,스타일,캐럿,간판,바테이블,향초,인테리어,생리대,코스터,화장실,통창,드론,버스,중학생,가글,머리끈,그림,퍼포먼스,제주도 여행,여행,타로카드,타로점,마커,블로그,판박이,산책,이색데이트,데이트장소,술자리,카드,개업,생리,갓파더,새마을금고,인스타그램,오해원,사장,어머니,제주특별자치도,위스키바,제주시,한림읍,해안로,한림,해안,해안도로,바다,술집,밤바다,가게,동네","잔잔하다,자유롭다,분위기 좋다,유명하다,요즘유행,유행하다,특별하다,탁 트이다,마음에 들다,종류 많다,별로다,만족하다,강추드리다,소소하다,좋아하다,소중하다,즐기다,고민 덜다,뜻 담기다,사장님 센스있다,센스 있다,감동하다,간단하다,다양하다,아쉽다,좋다,최애,묘하다,가깝다,재미있다,가벼운 마음,신나다,안좋아하다,풍부하다,감사하다,행복한 하루,산책하기 좋다,귀엽다,예쁘다,맑다,꾸미다,사장 센스있다,신기하다,친절하다,찰떡이다,화장실 깨끗하다,깨끗하다,쾌적하다,시원하다,꾸덕하다,향긋하다,위스키 즐기다,달달하다"
14733739673,BL000000014733739673,"빅카메라 히로시마에키마에점 방문 및 면세쇼핑하기 (조니워커블루 할인쿠폰 적용 후 네이버 페이로 결제) [26년5월, 히로시마 3차 1-3]",https://blog.naver.com/seungwan79/224287683097,블로그,네이버블로그,와니드림블로그,2026-05-17,중립,"히로시마역빅카메라,빅카메라히로시마에키마에점,히로시마역근처빅카메라,히로시마빅카메라위스키,히로시마빅카메라위스키할인,빅카메라할인쿠폰,빅카메라할인,빅카메라네이버페이,빅카메라네이버페이할인,빅카메라할인쿠폰적용","지금,현재,방문,쇼핑,블루,할인쿠폰,적용,연결,이동,자유,계속,지하,주변,안내,계단,공사,판매제품,도착,전체,참고,계산대,블랑,퓨어,근처,비중,사이즈,한정,제품,가격,구경,할인,올드,로얄,생각,레드,검정색,더블,골드,라벨,판매,와이드,레어,코너,출시,한정판,보관,주조,설명,산소,고민,구입,제출,쿠폰,다운로드,행사,느낌,몰트,위스키,하이볼,버번위스키,맥주,매실주,사케,브레드,만쥬,냉장고,엘리베이터,에스컬레이터,바닥,공항리무진,트램,전시,여권,미니어처,슬롯,마커,정책,면세,결제,주가,세금,계산,코인,한글,빅카메라,요이치,조니 워커,발렌타인,맥켈란,산토리,라프로익,글렌피딕,와일드 터키,짐빔,아사히,야마자키,니혼슈,로얄살루트,네이버페이,카카오톡 친구,알리페이,히로시,사쿠라,로즈,카이사,히로시마,에키마에,통로,히로시마역,남북,정류장,버스정거장,지하통로,광장,스테이션,양조장,미야기,튀르키예,증류소,핫카이산,일본","유명하다,좋은지 모르다,득템하다,가격 좋다,저렴한 편이다,비싼 편,할인 받다,안내 있다,특이하다"
14733950430,BL000000014733950430,제주 혼술집 추천_힐링치료 받은 위스키 맛집 '랑'bar✨,https://blog.naver.com/yisangeun117/224287966683,블로그,네이버블로그,아이디얼,2026-05-17,긍정,"제주도여행,제주혼술,혼술집추천,제주바추천,제주도랑,제주랑바,랑바,제주혼술바추천,제주여자혼자,랑,제주랑","손목,비버,선인장,대장,버팔로,주간,하반기,오늘,시간,성탄절,다음날,혼술,힐링,추천,여유,생각,계획,젓가락질,상태,복귀,처리,회식,혼자,헌팅,목적,발견,방문,소개,주문,요청,패스,제조,분위기,울음,아이템,추가,여자,공간,오크향,시작,입문,에디션,목넘김,미니,재미,다음,친구,허니,느낌,기억,이야기,기분,주량,한도초과,혼수,대화,영양가,베리류,베리,레몬,위스키,양주,안주,간판,맞춤제작,마이크,치료,사진,주심,비행기여행,제주도 여행,포스팅,마커,병가,출장,직원,출근,사회생활,트레이스,사장,부부,제주특별자치도,혼술집,맛집,가게,술집","마음에 들다,저렴하다,가지고싶다,가고 싶다,추천 받다,추천하다,아프다,열정 있다,싫다,불가하다,좋다,깜빡하다,잘모르다,가능하다,즐기다,감 있다,힐링하다,마음이 편하다,의미 없다,풍부하다,마음 가볍다,힘들다,재미있다,다양하다,빠르다,못하다,특이하다,진지하다,향 즐기다,향 나다,은은하다,맛집,달달하다,목넘김 부드럽다,맛있다,조용하다,고요하다"
14738405107,BL000000014738405107,[경기도 성남] 분당 정자동 오뎅바 덴뎅 내돈내산 솔직검증｜프리미엄 오뎅탕에 하이볼까지 분위기 제대로,https://blog.naver.com/mmieum/224289445487,블로그,네이버블로그,생활발견연구소,2026-05-18,긍정,"분당정자동오뎅바,정자동오뎅바,분당오뎅바,덴뎅,정자동덴뎅,분당덴뎅,정자동술집,분당술집,정자동맛집,분당맛집,정자동데이트,분당데이트,정자동하이볼,분당하이볼,정자동이자카야,분당이자카야,정자동2차,분당2차,정자동핫플,분당핫플,오뎅탕맛집,하이볼맛집,내돈내산맛집,생활발견연구소","영업시간,저녁,피크시간,시간대,시간,오늘,내돈내산,검증,프리미엄,분위기,다음,주차,방문,연구,꿀팁,특유,발견,생활,이름,전체적,외관,로고,감성,입구,오픈형,공간,매장,느낌,우드톤,우드,내부,좌석,테이블석,친구,대화,목적,메뉴판,시그니처,클래식,조합,흐름,기준,기본,스페셜,수제,모양,재미,종류,재료,사각,국물색,계속,핵심,생각,밸런스,마지막,사이드,추천,표면,단면,반응,마무리,입가심,구성,디테일,단점,타이밍,퀄리티,안정적,커버,총평,장소,저장,댓글,제보,출동,공감,이웃추가,정보,리포트,광고,협찬,후기,일상,기록,사진,경기,마커,모금,데이트,술자리,당면,어묵,모짜렐라치즈,소세지,피쉬볼,문어,닭고기,고기,아이스크림,된장,와사비,야채,곤약,고추,오이,토마토,과일,크랜베리,스낵,크래커,하이볼,레몬하이볼,생맥,어묵탕,안주,튀김,오뎅국물,국물,유부주머니,물떡,오징어볼,당고,꼬치,어묵국물,가라아게,고구마튀김,멘보샤,튀김옷,고기만두,모찌리도후,샤베트,메뉴,일본식,짠맛,감칠맛,식감,스타일,한글,연구원,간판,조명,인테리어,천장,테이블,젓가락,수저,주소,노출콘크리트,정리,애플,산토리,교자만두,유즈,서로이웃,사쿠라,에디터,경기도 성남,분당,정자동,오뎅바,분당구,먹자골목,연구소,술집,일본,이자카야,맛집,핫플","인기 있다,좋아보이다,만족하다,마음에 들다,국물 괜찮다,괜찮다,마시고 싶다,추천하다,생각 좋다,구성 다양하다,기름지다,입안 깔끔하다,안정적이다,도움되다,잘 어울리다,잘 맞다,깔끔하다,깔끔해지다,가볍다,무거운 느낌,촉촉하다,부드럽다,두껍다,산뜻하다,은은하다,맛집,식감 다르다,감칠맛 있다,끝맛 깔끔하다,맛 깔끔하다,짠맛,식감 부드럽다,짭조름하다,감칠맛,단맛 남다,달지않다,맛있다,맛 살아나다,맛 부드럽다,맛 잡다,바삭하다,시끄럽다,조용하다,분위기 좋다,분위기 있다,색 진하다,외관 좋다,큼직하다,밸런스 좋다,제대로이다,시간 있다,여유롭다,부담스럽다,먹고 싶다,좋다,잘갖춰지다,눈 들어오다,사진 찍기 좋다,감성 있다,괜찮아 보이다,중요하다,손님 많다,종류 다양하다,다양하다,실패하다,어렵다,뜨끈하다,쉽다,지루하다,국물 좋다,따뜻하다,강하다,탄력 있다,아쉽다,윤기 좋다,충분하다,느낌 있다,조합 든든하다,든든하다,센스 있다,메뉴 다양하다,단점 있다,기대하다,안주 괜찮다,전체적 좋다,감 있다,최애,확실하다,보석 같다,꾸미다,첫인상 따뜻하다,상큼하다,단조롭다,솔직하다,좋은 분,깐깐하다"
14740022118,BL000000014740022118,첫 번째 켄터키 여행기 (2),https://blog.naver.com/wjssuyeon/224289914121,블로그,네이버블로그,가난한 캐나다 외노자,2026-05-19,긍정,,"몸뚱이,경주마,너구리,꼬리,엉덩이,거북이,죠스,상어,다리,동물,고양이,개구리,돼지,일요일,아침,점심,예전,저녁,월요일,요일,오늘,시간,새벽,화요일,오랜만,미래,다음날,입장,강행군,스팸,참고,정석,이벤트,덕분,친구,레슨,체험,고삐,마음,부담감,용기,장애물,빗질,타임,출신,이유,다음,목적지,목적,역사,굿즈,인증샷,주기,근처,나이,감상평,키스,처음,마지막,방문,유명세,사람,주차,마스코트,수준,캐릭터,무더기,냉동,잔소리,예정,작동,확인,기능,기분,설명,출발,도착,서류,서명,허락,스킬,방법,방향,위로,전문,스피드,주변,여유,돌진,주인,아저씨,둥지,왼쪽,공격,왕복,그룹,실패,이름,속도,길이,반납,강박,집중,선두,양보,고생,회피형,모양,녹초,마크,배럴,기념,내부,구경,오른쪽,포즈,잡동사니,토론,당첨,초록,케어,고급,개인,인포메이션,센터,기본,선물,세트,세계,이해,명물,어르신,동양,어른이,어른,시작,가이드,맞춤,스몰,유리,의미,기억,오크,숙성,소량,수동,라벨,달달구리,아이스,트레이드,바람,완성,양도,충전,단자,고민,결론,코랄,친화력,충격,제조,감사,깃발,행렬,마실,이상,합류,동기,수제,방전,호밀,도치,전복,멸치,소고기,고기,닭고기,당근,능이,야채,간식,크래커,콜라,버번,맥주,와인,칵테일,계란후라이,김치,치킨,라자냐,프라이,돼지고기김치찜,와플,팬케이크,발효,칼국수,요리,테이스팅,수영복,반바지,아쿠아슈즈,모자,가방,테이블,천장,인테리어,지붕,왁스,오븐,냄비,프라이팬,멀티쿠커,오븐기,에어프라이어,화장실,집안일,바닥,하우스,엘리베이터,설거지,픽업,배터리,크라운,1호선,버스,차량,지하철,트럭,트랙터,사륜오토바이,주유,일본어,대학원생,대학원,영어,영어회화,박사,학위,교수,프렌치,사진,영화,작품,예술,수영,카약,투어,여행기,인형,매직,샤워,게임,마커,낮잠,공예,블로그,술게임,물놀이,목줄,파산,달러,산업,대피,무단도용,직원,인력,열일,채용,임신,환청,해부,미생물,코카콜라,켄터키 후라이드 치킨,짜파구리,메이커스 마크,아사히,쌍쌍바,팀홀튼,가민,라스,카카오톡,레고,로또,통통이,빨간머리앤,안나,알렉스,키티,언니,할아버지,어머니,전문가,한국인,주인장,와이프,켄터키,미국,목장,본점,치킨집,박물관,포토스팟,나이아가라 폭포,주유소,대형할인점,캐나다,지점,인디애나,대학교,바닷가,세트장,대한민국,경주,북미,레스토랑,양조장,후쿠오카,공장,서양,알버타,학교","사람 많다,유명하다,나쁘지않다,마음에 안 들다,믿지 않다,사고싶다,가고 싶다,편하다,어울리다,모자라다,맛 똑같다,맛있다,잔잔하다,비싸다,비싸게 사다,가득하다,피곤하다,좋아하다,부담감 없다,장애 있다,재미있다,사랑하다,폭포 있다,소중하다,엄청나다,아쉽다,남다르다,무섭다,곤란하다,친하다,안좋아하다,힘들다,강하다,싫다,진빠지다,바쁘다,어렵다,좋다,최애,너무하다,궁금하다,싫어하다,호화스럽다,꾸미다,착실하다,주인 친절하다,아저씨 친절하다,못하다,미치다,멋있다,귀엽다"
14747310214,BL000000014747310214,이른 봄의 구마모토-2,https://blog.naver.com/hjjhhjjh/224290470230,블로그,네이버블로그,hjjhhjjh,2026-05-21,긍정,,"저녁,아침,이름,지리적,카운터,오른쪽,가족,왼쪽,손님,큐알,주문,사람,생각,가격,해결,의미,악평,이유,양도,지하,일본도,소량,구입,무게,포기,재구매,사본,캐릭터,겉포장,캐릭,모양,구매,품절,패키지,상태,분류,추천,액체류,액체,계속,여정,요청,교체,내용,미인,선택,시작,말고기,아이스크림,밀크,참치,명란,요구르트,드레싱,파스타소스,레몬,야채,양배추,버섯,딸기,과자,젤리,감자칩,쌀과자,회전초밥,스시,무침,도시락,치즈케이크,도넛,파스타,그라탕,우동,야식,로스트비프,식자재,도시락용,피스타치오,캐리어,마루,문고리,바구니,타월,정리,진공포장,소포장,방청소,모니터,사진,호텔,블로그,포장지,마커,면세,금액,시세,스시로,쿠라스시,롯데마트,가루쿡,초코파이 정,솔드아웃,사쿠라,리카,치이카와,중국인,구마모토,초밥집,회전초밥집,가게,중국,일본,마트,대한민국,공항,우리나라,나포리,대욕장","고급스럽다,괜찮다,별로다,만족하다,비싸다,저렴한것 같다,저렴한 편이다,저렴하다,비싸게 사다,가성비 좋다,재구매각,양이 작다,귀찮다,좋지않다,가깝다,나쁘다,묘하다,속상하다,궁금하다,배부르다,진하다,물가 오르다,힘들다,기대하다,포장 좋다,칭찬하다,비중 높다,좋아하다,특별하지않다,편하다,간편하다,번거롭다,바보,예쁘다,무겁다,두껍다,맛있다,안먹을 수 없다,맛 남다,맛이 없다,맛있는것 같다"
14752223908,BL000000014752223908,문래동 양꼬치 맛집 문래양가 내돈내산 술집 추천,https://blog.naver.com/yeahpple/224293767345,블로그,네이버블로그,진여름 세계여행 VividSummer WorldTrav...,2026-05-22,긍정,"문래맛집,문래동맛집,문래양가,문래양꼬치,문래동양꼬치,내돈내산,문래맛집추천,문래동맛집추천,문래회식,영등포양꼬치,영등포맛집,문래술집,문래술집추천,문래양고기,문래양갈비","심장,입안,대목,온몸,여름,주말,평일저녁,오늘,평일,공휴일,지금,하루,내돈내산,추천,후기,이색적,철강,아날로그,감성,유명 연예인,방문,최고,기본정보,무료,가능,주차,주차불가,근처,이용,외관,특유,내부,반전매력,사방,연기,느낌,걱정,마련,매장,공기,감각,덕분,인스타 감성,갬성사진,참숯,사용,준비,완료,시그니처,주문,기본,매력,업그레이드,치트키,방식,변신,여성,조합,계속,고수,리프레시,전반적,등장,일품,특제,어른,선홍빛,덩어리,재미,마성,처돌이,저격,자극,중독성,장난,극대화,라인업,일반적,마크,프리미엄,시작,선택,대명사,탄산감,탄산,목넘김,정점,도수,밸런스,영수증리뷰,리뷰이벤트,서비스,손님,진행,참여,총평,결론,맛잘알,잘알,체감,사이드,수준급,수준,분위기,공간,실패,물색,회식,옥수수,찹쌀,식빵,양꼬치,양갈비,갈빗살,양고기,고기,닭날개,닭고기,연유,소금,쯔란,민트젤리,시즈닝,향신료,양념,마늘,구운마늘,오이,주류,중국맥주,소주,고량주,하이볼,버번위스키,생맥,생맥주,맥주,병맥,병맥주,카레,마라양꼬치,꼬치류,꼬치,또띠아,중식요리,타코,퓨전요리,고기튀김,튀김요리,무침,맥주안주,꿔바로우,튀김옷,닭날개튀김,고추부각,가지요리,메인요리,디저트,육즙,겉바속촉,메인메뉴,요리류,요리,매운맛,풍미,별미,식감,초딩입맛,메뉴,신선도,사이드 메뉴,입맛,식사,내부인테리어,환기시스템,조명,불판,콜키지,입문자,사진,창작,타석,마커,집들이,SNS,데이트장소,주가,중독,생명,칭따오,화요,상하이양꼬치,메이커스 마크,연태고량주,네이버 영수증 리뷰,정준하,인플,인플루언서,유명인,아시안,사장,문래동,맛집,술집,서울특별시,문래창작촌,골목,동네,핫플레이스,특별시,영등포구,경인로,주차장,공영주차장,양꼬치집,노포,하얼빈,모임장소","유명하다,특별하다,질 좋다,부담 없다,인정하다,취향저격,추천하다,빠르다,기름지다,자극적이다,서비스 받다,꿀조합,쾌적하다,깔끔하다,뜨겁다,부드럽다,무겁다,시원하다,냄새 배다,향 은은하다,향 나다,잡내 없다,누린내 없다,향긋하다,은은하다,청량하다,맛집,폭풍 흡입하다,담백한맛,담백하다,매운맛,달달하다,고소하다,풍미 남다,맛있다,아삭하다,식감 개운하다,음식맛 잡다,맛 잡다,단짠단짠,초딩입맛,육질 신선하다,신선하다,기름기 빠지다,쫄깃하다,맛 살다,쫀득하다,새콤달콤하다,곁들이기좋다,바삭하다,매콤하다,짭조름하다,알싸하다,목넘김 시원하다,달콤하다,목넘김 부드럽다,맛잘알,맛 들다,맛 자랑하다,이색적 분위기,트렌디하다,깔끔한 인테리어,인테리어 돋보이다,모던하다,고급스럽다,다채롭다,두툼하다,사로잡다,감성 있다,강하다,잘갖추다,다양하다,종류 다양하다,재미 쏠쏠하다,즐기다,제대로이다,좋아하다,개운하다,따뜻하다,좋다,고기 좋다,인정 없다,자랑하다,힘들다,센스 돋보이다,관리되다,감 있다,마법 같다,힙하다,개성 넘치다,세련되다,감각적이다,부족하다,매력적이다,이색적이다,귀여운 비주얼,매력 가지다,이국적이다,훌륭하다"
14755101435,BL000000014755101435,위린이의 버팔로트레이스 시음기(feat.위스키 구매 꿀팁),https://blog.naver.com/hamgangcouple/224294561586,블로그,네이버블로그,햄강커플 블로그,2026-05-23,긍정,"버번위스키,위린이,동부마트,동부마트위스키,위스키할인,버팔로트레이스,버팔로위스키,버번위스키시음기,위스키구매꿀팁,중랑동부마트위스키,동부마트온누리쓰는법,캐런잔,고소한위스키","아세톤,버팔로,대장,올해,오늘,지금,구매,꿀팁,최대,작성,도수,용량,특유,에어링,덕분,처음,개봉,정상,할인,구입,생각,행사,방문,위치,왼쪽,입구,오른쪽,주차,요금,이상,주차비,지원,신세계,이유,할인행사,제품,기본,쿠폰,사용,가격할인,포인트,충전,활용,다음,기록,사진,취미,마커,캠핑,할인가,위린이,시음기,옥수수,바닐라,위스키,버번,와인,유리잔,와일드 터키,트레이스,동부,건국대학교,마트,특별시,서울특별시,중랑구,망우로,성지,할인마트,주차장,골목길","저렴하다,구매하다,추천하다,다양하다,기쁘다,종류 다양하다,가능하다,향 같다,향 쎄다,달콤하다,고소하다,맛있는것 같다"
14759835149,BL000000014759835149,[2026 SPIE 샌프란시스코] 학회 (feat. NBA),https://blog.naver.com/kuki6496/224295918379,블로그,네이버블로그,FREE-SPACE ; 자유 공간,2026-05-25,긍정,"샌프란시스코,SPIE,학회","머리,내장,다리,허리,일요일,오늘,아침,저녁,내일,매일,하루,점심,일주일,월요일,요일,공휴일,시간,쉬는시간,다음날,화요일,오후,수요일,목요일,시차,새벽,금요일,오랜만,도착시간,내년,시작,시차적응,사람,개쩔,반납,다음,건물,프로그램,등록,체크,목표,무료,주문,파랑,주기,로망,낭만,느낌,커스텀,펌프,블루,세션,타깃,구경,신고,생각,가격대,체인,노숙자,인원,명인,부자,불가능,내용,녹음,날짜,기름,이벤트,인생,골든,티켓,비교,수용,냉동,잘알,이름,기억,나라,국기,작전,쿼터,타임,물음표 살인마,상대,야유,포스터,발표,연습자,격식,순서,완성,문제,옆쪽,인심,연락,헐레벌떡,주제,디펜스,분야,처음,설명,질문,대화,소리,정신,계속,혼자,위험,걱정,행복,생신,약속,맥주병,토크,가상,유행,거래,사수,집중,에코,동결,아이스,부족,몸통,우유남,평균,이해,맛도리,버블,인기,실패,찐막,처리,장점,음식물쓰레기,쇄기,냄새,마지막,불안,적응,비행,점검,단체,신청,중요,꿀잠,사랑,덕분,매진,피곤,감사,기회,누들,오트,고기,치즈,삼겹살,새우,버터,밀크,우유,시럽,야채,딸기,마늘,양파,과자,커피,라떼,콜라,맥주,초코라떼,안주,오마카세,중국음식,튀김,볶음요리,볶음,딤섬,햄버거,패스트푸드,슬로우푸드,커리,피자,치폴레,한식,감바스,파스타,카레,비빔밥,마라탕,메뉴,식사,요리,해동,찍먹,음식,해장,코트,정장,신발,슬리퍼,목걸이,가방,의자,박스,글라스,싱크대,분쇄기,쓰레기,통신,설거지,전화,진통제,렌트카,지하철,교통카드,비행기,버스,기차,버스시간,졸업,교수,박사,한국어,영어,공부,가요,NBA,농구,야구,경기,파울,숙소,퍼레이드,농구코트,라이어게임,게임,마커,파티,계산,회사,창업,자본,프차,생산,살인자,살인,마피아,직원,시위,아싸,경찰,지루,기절,광학,광통신,오트밀크,칭따오,스타벅스,김치라면,트레이더조,올리오,슬램덩크,하이큐,벤츠,우버,인스타그램,마틴 루터 킹,스테판,샤갈,선배,회장,미국인,사장,학회장,선수,사촌,부사장,어머니,샌프란시스코,시청,전시관,미국,마트,지하철역,성지,수원역,연구실,우리나라,AS센터,구장,경기장,대한민국,두바이,일본,공항","유명하다,사람 많다,마음에 들다,먹어보고 싶다,잘되다,도움되다,기름지다,가기 편하다,편하다,찰떡이다,깨끗하다,깔끔하다,녹진하다,맛있다,커피 맛있다,맛있는것 같다,건강한 맛,맛 더 좋다,소리 크다,두툼하다,비싸다,비싸게 사다,웅장하다,웃기다,잘 안되다,따사롭다,느낌 있다,다양하다,장황하다,성공적이다,가능하다,재미있다,따뜻하다,건강한 느낌,안좋다,좋다,배우 재미있다,아프다,힘들다,잘 설명하다,아쉽다,배부르다,무섭다,안좋아하다,좋아하다,위치 좋다,설레다,깐깐하다,예쁘다,못하다,신기하다,부족하다,미치다,정중하다,섹시하다,좋은 분"
14764390888,BL000000014764390888,불만만 그득하게 늙어가는 주간 근황,https://blog.naver.com/toruming/224297379245,블로그,네이버블로그,Gypsy의 일대기,2026-05-27,부정,,"피쉬,물고기,플랑크톤,공룡,어깨,금붕어,신경,직장,사냥개,머리,주간,일요일,다음주,아침,하루,저녁,다음날,종종,목요일,오후,내년,시간,지금,시간대,옛날,이번주,주말,월요일,내일,불만,근황,고민,메이트,케바케,실패,오픈,에이지,처음,쾌감,특유,루틴,피스,기억,기념,브랜드,설치,사람,인류애,사랑,저녁약속,참고,휴무,반성,이방인,팝업,준비,덕분,동기부여,문화,방어,근자감,슬라이스,룸메,예정,친구,불치,알코올,컨셉,매니아층,부자,덕후,매니아,지출,유사,혼자,구경,마무리,지상,반대,기술,다음,마감,더블,대비,위장,소개,본질,사용,약속,퇴근길,시작,오지콤,정신적,체력,홈키,나이,열정,이상,공사,하늘,포스,변신,세계,어깨빵,흑화,생각,선물,이기적,반감,본능,경험,터치,무게,존중,시기,리브,자세유지,추구,이탈리안,여자친구,남자친구,질문,소름,이성적,동성,진화,역사,펌프,시티,레드,매번,억까,마음,수락,자존감,치얼스,후발,선택,사냥,이유,최적화,보스,조율,현실,코크,연습,출근길,오더,조리,기타,수준급,수준,물품,요리대회,진행,해외,사치,대회,팀워크,참을성,유대감,유대,오버랩,회상,감회,뉴스,상대,어른이,어른,행동,지능,적응,아저씨,파트너,알람,인지,나비효과,연속,행위,안정,마인드,두부,해물,삼겹살,고기,새우,패티,아이스크림,항정살,쌈장,칠리,치미추리,깻잎,감자,어니언,샐러드,라임,파프리카,감자칩,위스키,버번,맥주,와인,주류,굴보쌈,보쌈,김장,굴김치,짜장,쟁반짜장,탕수육,김밥,스시,장아찌,한식,초밥,발효,마라샹궈,치킨,떡갈비,버거,함바그,반미,순대,스테이크덮밥,덮밥,후추향,메뉴,메뉴개발,다이닝,지중해식,푸드,셰프,음식,가방,거울,의자,로스터,지팡이,바닥,베란다,청소,냉장고 청소,이사,청소기,무선청소기,컴퓨터,트레인,버스,공부,와인공부,고시생,고등학생,숙제,오일,브릿지,전통,작품,노래,사진,스토리,음악,자전거,시프트,수비,운동,주전,비자,축제,페스티벌,블로그,마커,포스팅,피규어,매직,번역,어항,답장,파티,멘징,업계,수출,악당,협박,상근,직업,퇴근,직장인,출근,출퇴근,일터,근무,한남,사회적,사회,초상권,동성애,동성애자,환각,체질,알콜중독자,알코올 중독,증세,발작,페어링,지구,사이버,도파민,멸종위기,긱스타,에어팟,플랑,포카칩,써브웨이,후발대,그리고싶은것,사냥개들,카카오톡,메이플,배틀그라운드,인스타그램,우버,넷플릭스,세계보건기구,최고기,아키,창섭,긱스,한소리,은채,셀러,아버지,필자,디렉터,관리자,스태프,아기,동생,시드니,대한민국,마켓,가게,지중해,공원,네팔,초등학교,학교,타운홀,컨벤션,이란","다채롭다,선호하다,좋게하다,좋게 보다,세일하다,비싸다,쟁여두고싶다,힘들다,이상하다,불쾌하다,기대하다,잘 만들다,좋다,안좋다,기분 날아가다,미안하다,귀찮다,아이디어 얻다,먹고 싶다,확실하다,고맙다,아쉽다,사랑하다,바쁘다,즐기다,선택 받다,정신 없다,제대로이다,재미있다,이기적이다,노력하다,어렵다,부담스럽다,다행스럽다,좋아하다,옳지못하다,무섭다,상처 받다,당황하다,경고하다,잘못하다,피곤하다,이해하다,배려하다,여유 없다,강하다,건강하다,머리 아프다,재미 없다,안정감,노력 하지않다,도움되다,빠르다,편하다,퀄리티 좋다,귀요미,귀하다,못생기다,무례하다,예쁘다,젊은남자,젊다,예민하다,겸손하다,못하다,활발하다,게으르다,똑똑하다,올바르다,깔끔하다,부드럽다,향 깔끔하다,맛있다,달콤하다,맵다"
14771337828,BL000000014771337828,"독주페스티벌 :: 키라라 & 이센스 공연. 평일 후기(위치, 주차, 대기 꿀팁)",https://blog.naver.com/welcometoyulzip/224299550274,블로그,네이버블로그,Yulzip,2026-05-29,긍정,"메이커스마크,독주페스티벌,독주페스티벌2026,독주페스티벌예매,독주페스티벌주차,독주페스티벌장소,독주페스티벌일정,독주페스티벌라인업,키라라,이센스,키라라라이브,이센스라이브,키라라공연,이센스공연,독주페스티벌대기,독주페스티벌웨이팅,낙원상가주차,메이커스마크독주,메이커스마크페스티벌","평일,지금,오늘,목요일,오후,후기,위치,주차,대기,꿀팁,정신,타이핑,스탠딩,처음,걱정,디테일,업데이트,장소,낙원,공지,대관,도보,가능,유료,건국,준비사항,예약,무료,지참,일정,시작,진행,라인업,내부,판매,사람,재입장,근처,왼쪽,대기줄,보호,차원,처리,하이라이트,타이밍,입장,행사,포스터,만석,마크,굿즈,구경,브랜드,홍보,색상,냐옹이,모습,숫자,최고,버전,느낌,떼창,감동,확신,카리스마,장난,기회,대표,영상,말투,표정,취향,멘트,발견,순간,흥분,고수,시티,체력,독주 페스티벌,공연,리허설,무료공연,사진,아티스트,무대,음악,원곡,이미지,음향,페스티벌,마커,SNS,신분증,상가,업계,음식,식사,주류,음료수,생수,위스키,사이키델릭,테이블,화장실,마이크,메이커스 마크,스웰,신한,이센스,중2,dj,종로,출구,낙원상가,상가 주차장,오라카이,인사동,주차장,빌딩,플라자,특별시,서울 종로구,서울특별시,삼일대로","잔잔하다,사람 많다,별로다,힘들다,생각 힘들다,제한되다,안심하다,가깝다,잘모르다,다양하다,빠져들다,먹먹하다,강하다,좋다,감동하다,감동 있다,잘하다,재미있다,퀄리티 좋다,짱짱하다,예민하다,멋있다,실력 좋다,껄렁껄렁하다,성숙하다,특이하다,어울리다,뜨겁다"
14773607382,BL000000014773607382,[리스페이스 레포트] 리스페이스 주목한 5월 팝업스토어 분석 2026: 단기·장기 기획 인사이트 ....,https://blog.naver.com/respace_co/224300070572,블로그,네이버블로그,리스페이스(RESPACE)의 공식 블로그,2026-05-29,긍정,"팝업스토어,독주페스티벌,인사이트,팝업레포트,리포트,낙원악기상가,팝업스토어인사이트,체험형마케팅,섭듀드,김퇴사팝업","장기,황금,피부,직장,단기,황금연휴,연휴,시간,기간,대기시간,평일오후,체류시간,매년,중장기,예전,지금,레포트,주목,분석,기획,인사이트,브랜드,문화,공간,확신,이벤트,실행,입장,팝업,고농축,농축,이유,설계,방문객,순간,전달,메시지,구매,전환,연결,인상적,출처,공식홈페이지,메가페스타,포레스트,연장,장소,스마트,쇼핑,시스템,태그,한정,굿즈,판매,색칠,포즈,모양,특제,체험,테크,활용,해결,기억,문제해결,제품,카운터,방식,물건,계산대,덕분,계속,집중,이야기,구현,사례,보도자료,홈페이지,미션,기반,동선,전원,사은품,사은,증정,웰컴,기프트,영수증,출력물,출력,순서,구조,마련,심리,카테고리,테스트,가능성,후기,내부,소수인원,혼잡도,통제,회전율,회전,전략,포토,미니,구성,사전예약자,사전예약,현장대기,인파,하이엔드,색조,경험,증명,정보,확인,트윈,헤리티지,리오픈,프리오픈,참석,전면,처음,제작과정,전체,아이템,가격,확산,측면,선택,핵심,단계,코스,스펙,여정,배경,방향,개념,이동,시작,프로텍션,구간,기술력,기술,선물,중간,인식,라이프 스타일,제품설명,시즌,마크,낙원,라인업,독주,운영,자동,후보,캠페인,혼자,세월,자체브랜드,브랜드 메시지,반응,인테리어 비용,회수,상륙,예정,단독,대형,제로화,샌드박스,해외 브랜드,입점,매장,계약,기본,철수,손실,가격대,결정,컬러,정식,도구,채널,공식 인스타그램,마니아,대중,사람,생각,시간차,일반,흡수,도달,추가,고정,세계관,세계,비결,컬렉션,맥락,국내,메이드,공식트위터,천국,대관,패턴,한계,키워드,방문,재방문,친구,커뮤니티,형성,운영기간,문제,비교,항목,목적,신제품,신제품 출시,이슈,검증,소멸,매출,공사,가능,플랫폼,발생,건물,방어,타깃,범위,얼리어답터,중심,누적,리스크,기상,변수,취약,고갈,위험,성패,고민,수집,현장,공개,자료,바탕,작성,일정,변동,공식채널,위스키,디저트,메뉴,폴로셔츠,패션,쿠션,스펀지,하우스,정리,컬러링,픽업,데이터,철거,스마트폰,키오스크,사진기,TV,향수,립밤,향수샘플,퍼프,선크림,뷰티,선케어,비건뷰티,공연,독주 페스티벌,사진,전시,오프닝,그림,아티스트,로케이션,콘텐츠,연출,운동,체크인,외국인 관광객,관광객,해외 관광객,관광,종이,도장,번역,악기,마커,게임,테니스코트,러닝코스,성수,SNS,결제,카드,구매가,리워드,계산,수수료,장기투자,투자비용,상권,신축,공사금액,통임대,마케팅,소비자,충동구매,영리,예산,집객,팩토리,창립자,창립,에이전시,상가,매몰비용,투자 리스크,시장조사,바이럴,마진,소비,자산가치,감가상각,수익구조,유통,폭발,퇴사,직장인,오프라인,Z세대,유동인구,마니아층,버즈량,트렌드세터,고질병,호흡,소화,근거리 무선 통신,병목현상,마찰,메이커스 마크,올리브영N 성수,생 로랑,무신사,라코스테,폴로,라로슈포제,디스커버리,마르디 메크르디,동아TV,리스크제로,인스타그램,홍대,포켓몬,메타몽,피카츄,안유진,르네,크러쉬,브랜드 앰배서더,바텐더,시장,팝업스토어,용산,지점,메타몽 놀이터,포켓몬 시크릿 포레스트,서울특별시,성동구,성수이로,연무장길,연무장,포토존,스타디움,완주,거리,종로,서울 종로구,칵테일바,성수동,이탈리아,대한민국,백화점,플래그십 스토어,멀티브랜드숍,보드게임카페,체험장","관심 없다,반응 좋다,리스크 없다,인증하다,가고 싶다,빠르다,잘되다,안맞다,깔끔하다,스며들다,두껍다,스타일 어울리다,공간 예쁘다,촘촘하다,가격 있다,비싸다,수수료 없다,비용 부담이다,진빠지다,즐겁다,지루하다,해결하다,눈길 가다,흥미롭다,무리하다,궁금하다,다양하다,눈치 보다,다양한 정보,역하다,쉽다,애매하다,케어 귀찮다,사진 잘나오다,명확하다,앞서나가다,눈 띄다,좋아하다,문제 있다,간단하다,빠른 성장,성장하다,공감하다,자연스러운 생기,가능하다,포토존 잘 나오다,포토존 나오다,자연스럽다,인상적이다,영리하다,소박하다,예쁘다,내 스타일,인상 깊다,세련되다,꾸미다,평범하다,생기롭다"
14727091631,CF000000014727091631,글렌피딕 15년 원래이런가요...... ㅠ,https://cafe.naver.com/whiskycognac/881347,카페,네이버카페,위스키코냑클럽,2026-05-15,중립,,"버팔로,오늘,입문,선물,블루,검정색,라인,고수,게시판,이용,주의사항,삭제,금지,게시글,이름,제품명,표시,구입기,구입처,정보,개인,거래,자랑,언급,문의,댓글,쪽지,이벤트용,이벤트,참여,후기,내용,협찬,혜택,국내,구매,예시,참고,질문,미부착,부착,판매,라벨,매입,해외,구입,유도,마커,면세,재판매,위스키,온더락,불법유통,불법,루비,노마드,한글,청소,에어컨,글렌피딕,스카치,조니 워커","좋게하다,좋다,기대하다,맛있다,맛 느끼하다"
14745665506,CF000000014745665506,(위스키매니아) 메막 셀러에이지드 2025 한잔,https://cafe.naver.com/dieselmania/47080503,카페,네이버카페,디젤매니아,2026-05-20,부정,,"매니아,죄책,위스키,메이커스 마크,와일드 터키,셀러",
14738815587,DC000000014738815587,메이커스 마커 코스트코 가격 ㅁㅌㅊ?,https://gall.dcinside.com/mgallery/board/view/?id=whiskey&no=1652325,커뮤니티,디시인사이드,위스키 갤러리,2026-05-18,중립,,"가격,마커,코스트코",세일하다
136251795,IG000000000136251795,"날이 더워졌습니다.  이럴 때 아무 하이볼이나 마실 거면 솔직히 굳이 일성까지 오실 필요 없습니다.  대충 탄 위스키에 대충 넣은 탄산, 달기만 한 하이볼.  그런 거 말고.  제대로 차갑게, 제대로 세게, 제대로 올라오는 탄산감.  이자카야 일성은 하이볼을 그냥 “섞어” 내지 않습니다.  산토리, 짐빔, 메이커스 마커. 잔마다 어울리는 방식으로 한 잔 한 잔 제대로 만듭니다.  날 더워졌잖아요.  오늘은 맥주보다 더 시원하게, 소주보다 더 가볍게, 그렇다고 맛은 절대 가볍지 않게.  진짜 하이볼 명가에서 하이볼 한잔 어떠세요.  얼음 녹기 전에 오십시오.  #이자카야일성 #수원하이볼 #성균관대맛집 #율전동맛집 #수원이자카야 #하이볼맛집",https://www.instagram.com/p/DYU8W80Ek-6,인스타그램,인스타그램,,2026-05-15,긍정,"이자카야일성,수원하이볼,성균관대맛집,율전동맛집,수원이자카야,하이볼맛집","오늘,마실,탄산,탄산감,방식,마커,얼음,하이볼,위스키,맥주,소주,하이볼잔,산토리,짐빔,성균관대학교,이자카야,수원,맛집,율전동","제대로이다,차갑다,어울리다,시원하다,가볍다,맛 가볍지않다,맛집"
14782216345,BL000000014782216345,26.05.25.-05.31._아 술 개싫어 아니 개좋아 아니 개싫어 아니 읍읍,https://blog.naver.com/pmr4897/224302972900,블로그,네이버블로그,Mi vida,2026-06-01,긍정,,"새끼발가락,얼굴,헤어,앵무새,생일,시간,다음날,아침,저녁,일주일,영영,월요일,요일,점심,내일,새벽,지금,오늘,화요일,인사,준비,흥정,혼자,사용,웨이팅,리뷰,참여,여성,생각,합류,동전,크기,부위,계속,선잠,노비근성,최고가,갱신,추천,장난,클린,화장,대세,기술,부족,흔적,처음,결정,품절,도착,예상,알뜰,배차,복권,친절,국가,피곤,회식,구라,기대,파워,상황,효과,진정,근처,케이스,불편,대체,늦잠,이슈,입장,딱지,사람,재미,집착,탄생,순서,흐름,죽음,변화,행복,공유,굿즈,첨가,계획,인간,막바지,옆쪽,추가,탐구,긍정,캡슐,대박,이름,스몰,나이,팝업,지인,번호,교환,마지막,외향,친구,제출,대리,감성,국수,국밥,소고기,고기,우유,요구르트,치즈,곱창,닭발,콩나물,초코,소주,라떼,소맥,에이드,음료수,데낄라,브런치,닭도리탕,팥빙수,빙수,미역국,후식,초코치즈케이크,치킨,떡볶이,삼각김밥,봄김치,부침개,순대국,국물,냉삼,잡채,김치,육수,은행,해장,테이블,주소,바닥,화장실,배달,액정,파스,수액,링거,버스,강의,스모키,초연,사진,선율,전시,작품,노래,주심,꽃다발,인주,샤워,블로그,왁뿌볼,마술,뽑기,마커,톡방,만남,수표,회사,시판,출근,퇴근,통증,기절,소화,메가,다이소,인스타그램,카카오톡,부처님,스윙스,샤갈,미미,사장,언니,공주,시장,과장,누나,어머니,작가,바텐더,카페,야장,용산,잠실,광장,베이커리,약국,국밥집,국현미,종로,이태원,가게","끝내주다,좋다,개꿀,싫은 게 아니다,감사하다,배부르다,시간제한 있다,제한 있다,여유롭다,아프다,얼얼하다,나아지지않다,신나다,차갑다,어이없다,열받다,김치 좋다,제대로이다,즐겁다,재미있다,긍정적이다,못하다,젊다,또라이 같다,감성적이다,가볍다,맛있다"
14782974703,BL000000014782974703,메이커스 마크 2026 독주 페스티벌 행사 후기 낙원악기상가 사전입장등록 방법부터 위스키 행....,https://blog.naver.com/qrwdr/224303224581,블로그,네이버블로그,꿀너구리 위스키 +이야기,2026-06-01,긍정,"메막셀러에이지드,메막행사,독주,독주팝업,독주페스티벌,메이커스마크이벤트,메이커스마크위스키,독주페스티벌라인업,종로낙원상기,종로낙원악기상가,낙원악기메막,메막행사이벤트,메이커스마크행사,위스키이벤트,버번위스키이벤트,버번메이커스마크,매이커스마크,낙원악기음악,이들스,오메가사피엔,힙노시스테라피,위스키팝업,위스키음악","눈알,신경,늦저녁,대기시간,저녁,매년,제작년,작년,마크,행사,후기,낙원,사전,입장,등록,방법,방문,본인,성향,연령,사람,파워,반대편,반대,위치,특성,아저씨,난리,독주,건물,전체,청춘,번개,헌팅,구경,사전등록,무료,공간,방식,대기,대상자,요청,프리패스,질서,시민,섹션,입구,스테이지,VIP,쿠폰,판매,기획,관계,경험,핸드메이드,분위기,표현,셀피,다음,우주적,스페이스,에이스,시그니처,타임,시작,사운드,전문,손길,홈페이지,현장,친구,기본,박치기,라인업,굿즈,한정판,발생,절차진행,남녀노소,생각,일반,구매,추첨,가능,재미,수긍,유료,공간디자인,컨셉,투영,혜택,증정,기대,장소,이벤트,고려,한우,고기,위스키,칵테일,안주류,안주,푸드존,푸드,손맛,먹거리,요리,음식,져지,키링,간판,조명,인테리어,테이블,왁스,유리잔,화장실,바닥,독주 페스티벌,콘서트,공연,음악,아티스트,스토리,그래피티,오페라,사진,디제잉,음향,디제이,플레이리스트,페스티벌,악기,스티커팩,스티커,스몰톡,급번개,만남,함선,저금,카드,상가,업계,음모,도난,MBTI,준법,법적 절차,어지럼증,철학,LED,ai시대,인공지능,메이커스 마크,C콘칲,난리부르스,가히,에일리언,슬램덩크,사이버펑크,렌티큘러,이센스,동방신기,할머니,할아버지,관계자,바텐더,dj,엔지니어,전문가,양치기,셀러,부장,어머니,아버지,특별시,서울 종로구,서울특별시,삼일대로,전통시장,종로,클럽,이태원,지하실","영롱하다,사람 많다,관심 없다,합리적 가격,궁금하다,엄청나다,황당하다,사로잡다,웃기다,재미있다,가능하다,즐기다,감 있다,잘하다,좋다,엄청난 실력,감탄하다,적당하다,제대로되다,중요하다,시간 있다,아쉽다,쉽다,즐겁다,근사하다,정열적이다,화려하다,눈알,멋있다,위험하다,묻어나다,맵다,맛 살다,손맛,맛 선보이다,맛 돌다"
14798726573,BL000000014798726573,놀고 먹고 재정비 앞으로 나아가기 위한 준비,https://blog.naver.com/dasomhy02/224308109287,블로그,네이버블로그,연퍼플,2026-06-06,긍정,,"배꼽,다리,모기,손톱,지금,아침,시간,일차,하루,주말,평일,목요일,월요일,요일,재정비,정비,준비,시작,고민,감정,로망,호기심,재료,적응,재미,충격,항공,중국식,인공,생각,철수,웃음,상황,계속,비행,필수,체크,건물,ufo,느낌,펑크,구경,쇼핑,여성,날씨,헌정,모태,경험,노력,눈물,집중,박수,세계,미니,랜덤,사람,완성,아이스,자만추,귀신,역마살,라이브,조롱,위치,감동,악플러,인증,카키색,이별,마지막,일본도,질문,헛웃음,방식,기획,계절,차이,착각,구축,스위트,작업,탈바꿈,평생,마음,행복,응원,오이,코코넛,두리안,망고,아보카도,마늘,딸기,포도,수박,과자,간식,커피,스무디,아메리카노,음료수,무침,버터떡,햄버거,맥앤치즈,버거,음식,스파클링,한푸,베스트,마루,드라이버,공방,구옥,아파트,이사,카메라,승무원,중국사,스승,미대,졸업,유학,서커스,유화,사진,관람,영화,그림,전시,조각,미술,콘텐츠,투어,여행,탐방,관광객,관광,랜덤깡,산책,피크닉,계산,사이버,에어로카노,이치란,미니소,디즈니,동방,한강,언니,귀빈,선생,어머니,용사,상하이,기내,대한민국,중국,동방명주,마트,가게,모교,위스키바,영화관,도쿄,농장,일본,후지사와,이자카야,대학교,이타바시,강남","역대급이다,좋게 보다,비싸다,좋다,새로운 마음,기회 생기다,힘들다,낯설다,어렵다,웃기다,재미있다,좋아하다,경이롭다,즐기다,뭉치다,가든 있다,그립다,사랑하다,어이없다,아깝다,못하다,야무지다,꾸미다,귀엽다,올바르다,무겁다,맛있다"
14800845364,BL000000014800845364,,https://blog.naver.com/214sound/224308730100,블로그,네이버블로그,214SOUND,2026-06-07,긍정,,"어버이날,오랜만,영원,장면,재고,선택지,선택,직관,네모,구경,시그니처,팅글,라방,불운,명작,회피,음방,개안,와일드,노래,사진,무대,야구,상하이 여행,마커,입지,유자맛,치즈,복숭아,포도,유자,매실주,하이볼,고량주,곰치국,쏨땀,가죽자켓,오쏘몰,연태 고량주 하이볼,애사비,HUNTER,모두가 자신의 무가치함과 싸우고 있다,디어 헌터,큐피드,시험,상하이,종로,하와이,린커우","반갑다,궁금하다,맛있다,매콤한 맛,달달한맛,맛 남다"
14801232054,BL000000014801232054,폴리아모리 (Polyamory) - Maker's Mark <독주 페스티벌>,https://blog.naver.com/indieinsomnia/224308863489,블로그,네이버블로그,인디덕후의 인썸니아,2026-06-07,긍정,,"얼굴,어깨,머리,이마,입꼬리,작년,주간,올해,현충일,점심,시간,오전,장시간,입장시간,지금,정각,오랜만,오늘,홍보,초청,무료,소식,인기,사전,신청,낙원,도착,입구,사람,입장,해프닝,연령대,요약,이전,바람,상황,확인,항의,거짓말,계속,안내,소란,심벌,영상,역광,준비,시작,최대,처음,컨셉,희망,배경,주최,색깔,요청,용기,공간,소리,기타,주구장창,집중,모습,광경,인사,멘트,마지막,발아,건배,중간광고,라이브,책임감,중간,정식,광고,매번,마무리,또래,시작시간,채널,이야기,나눔,스틱,이물질,참고,연상,고집,표정,질문,마음,대화,이동,위스키,음주,가방,바닥,정리,카메라,TV,이펙터,밴드,버스,과제,독주 페스티벌,공연,뮤지션,관객,음악,무대,사진,퍼포먼스,조각,페스티벌,드럼,악기,마커,모금,계산,직원,폴리아모리,경찰,환각,헤드라이너,폴리,현성,dj,모범생,공연장,미국,연희동","푸르다,잘 찍다,고맙다,큰일나다,문제 있다,문제되다,시간 있다,염려되다,안내 없다,관리하다,피해 입다,일 잘하다,잘하다,파워 가지다,이상하다,신나다,어렵다,긴장하다,기분 좋다,아쉽다,좋아하다,새로운 무대,감격스럽다,책임감 있다,최선 다하다,재빠르다,여유롭다,엄청나다,반갑다,불편하다,망가지다,못하다,화려하다,예쁘다,소심하다,반질반질하다,빛나다,얼굴 예쁘다,얼굴 귀엽다,귀엽다,자연스럽다,멋있다,충실하다,얼굴 잘생기다,잘생기다,피부 곱다,곱다,똘똘하다,잘 어울리다,이물질,무겁다,가볍다,눈 불편하다,소리 크다,듣기 좋다,고요하다"
14818236864,BL000000014818236864,"운천역 신상 술집 커먼스, 야장 감성과 대형 스크린까지 갖춘 미국식 펍",https://blog.naver.com/csh8851/224314390942,블로그,네이버블로그,화니 블로그,2026-06-13,긍정,"운천역술집,쌍촌동술집,운천역야장,쌍촌동야장술집,운천역야장술집,광주대형스크린술집,광주축구술집,광주야구술집,광주펍,커먼스술집,광주커먼스,운천역커먼스,쌍촌동커먼스,쌍촌동신상술집,피맥,광주테라스술집","원숭이,숄더,오랜만,지금,겨울,매일,신상,감성,발견,검색,사람,지인,처음,방문,기성품,가격,구성,대비,후기,느낌,접근성,접근,생각,바람,시즌,위치,도로,내부,더블,우드,에바,진도,로얄,리뷰,차이,단점,주차,주차불가,주관적,주관,도전,포기,이상,식빵,버터,통오징어,마늘,고추,위스키,맥주,하이볼,보드카,안주,치킨,옛날치킨,샌드위치,감자튀김,기본안주,술안주,후라이드,유린기,피자,치킨맛,메뉴,플레이트,테라스,콜키지,대형스크린,스크린,월드컵,엔트리,운동,경기,블로그,블럭,마커,화환,산책,술자리,군대,출장,담배연기,담배,군대리아,발베니,글렌피딕,와일드 터키,잭다니엘,에반 윌리엄스,맥켈란,로얄 브라클라,조니 워커,짐빔,말리부,NAVER,올레,솔드아웃,로지스,KIA타이거즈,리아,제임스,운천역,술집,야장,미국,광주,본점,광역시,광주광역시,서구,상무대로,도시,가게,오뎅바,메인거리,상무지구,쌍촌동","저렴하다,비싸다,가고 싶다,추천하다,가깝다,좋다,그립다,궁금하다,당황하다,감성 있다,단점 있다,거리 멀다,먹고 싶다,종류 없다,장점 있다,속도 느리다,불편하다,선선하다,못하다,자연스럽다,어울리다,냄새 있다,맛있다,맛이 없다"
14818349917,BL000000014818349917,옷 입은 메이커스 마크,https://blog.naver.com/greatpjj/224314418288,블로그,네이버블로그,사 고 실 험,2026-06-13,긍정,"버번위스키,메이커스마크,옷입은메이커스마크,크리스마스스웨터에디션","왁스,오랜만,성탄절,마크,구입,재고,위스키,메이커스 마크","잘먹다,눈길 가다,귀엽다"
14818832280,BL000000014818832280,"메이커스 마크 | 위스키#5 | 실사화 영상#25 - 오늘도 왁스는 녹고, 나도 녹는다",https://blog.naver.com/mrafanah/224314530600,블로그,네이버블로그,mRa:D웃어요,2026-06-13,긍정,"메이커스마크,메막,MakersMark,위스키,버번위스키,하이볼,위스키하이볼,위스키추천,AI아트,AI실사화,실사화,모에화,캐릭터디자인,캐릭터실사화,AI영상,영상화,크리에이터,여름바다,해변소녀,덕질기록,취미생활","얼굴,바디,오늘,현재,어제,지금,여름,마크,실사,영상,유행,디자인,자동,인식,이름,클래식,인지,캐릭터,계속,기분,느낌,모에화,프로젝트,시작,방향성,방향,탄생,완성,명언,날씨,시골쥐,상태,근처,산속,지역,바람,뚜껑,약불,현재진행형,컨셉,미모,바닷바람,동시,커스텀,블루,검정색,재입고,소식,구매,도전,멘탈,증발,초짜,제작,실수,소비습관,박수,포기,기본,버전,결과물,생각,팔방미인,유입,검색,검색어,비율,작업,표현,이야기,정신,혼미,개인적,진화,충전,체력,물량,확보,더위,체감기온,아이덴티티,OCEAN,PHOTO,추천,기록,위스키,하이볼,온더락,버번위스키,위스키하이볼,왕만두,만두,산타복,의상,베스트,스타킹,검스,패션,거울,왁스,찜기,atm,car,바퀴,hair,실사화,작품,영상화,포스팅,블로그,덕질,썰매,취미생활,신분증,투자,통장,소비자,크레딧,3D,파우제,메이커스 마크,파이롯트,루시,제작자,소녀,model,크리에이터,해변가,해변,강원특별자치도,강원,바다,분지,평야,대한민국,촌동네","거대하다,별로다,만족하다,인정하다,묘하다,명확하다,정신 없다,해변 잘 어울리다,해변가 있다,쉽다,좋다,평화롭다,건강하다,행복하다,거리 멀다,마시기 좋다,미치다,화려하다,친근하다,귀엽다,훌륭하다,청정하다,귀염둥이,자연스럽다,잘 어울리다,시원하다"
14822039551,BL000000014822039551,"메이커스 마크, 라인업 알아보기 Part 1. 프리미엄 버번 위스키 라인업",https://blog.naver.com/curatoralex/224315462645,블로그,네이버블로그,구르메 칸트의 와인노트,2026-06-14,긍정,"메이커스마크,버번위스키,위스키입문,메이커스마크46,메이커스마크101,캐스크스트렝스,버번추천,위스키추천,아메리칸위스키,위스키공부","입안,얼굴,어제,오늘,겨울,지금,마크,라인업,프리미엄,처음,사람,생각,이야기,기준,클래식,오크,스트렝스,에이징,우드,확장,한정판,브랜드,증명,이름,포괄적,핵심,일반적,사용,회전,숙성,도수,방식,중심,인상,순서,뿌리,문의,브랜드 정체성,기본모델,전세계적,세계적,판매,느낌,추천,스트레이트,대표,탄산,슬라이스,매력,버전,다음,단계,출시,등장,신제품,제품,상징성,기반,추가,특별,제작,스테이,과정,숫자,실험,샘플,번호,위로,구조감,깊이,인상적,애호가,평가,첨가,올드,조화,원액,배럴,라인,공식,페이지,표현,설명,수준,농축,폭발적,질감,균형감,균형,액체,초보자,경험,대형,아이스,변화,스위트,존재감,존재,덕분,개성,접근성,뉘앙스,개인적,도전,위치,시작,선택,출발점,특유,완성도,완성,혁신,입문,호밀,갈색설탕,시나몬,정향,설탕,각설탕,메이플시럽,바닐라,레몬,오렌지 필,바나나,카라멜,다크초콜릿,버번위스키,버번,위스키,하이볼,칵테일,탄산수,베르무트,맨해튼,버터쿠키,토스트,디저트,음용,레시피,베이킹,풍미,견과류,패션,스타일,연수,입문자,교과서,공부,프렌치,피니시,마커,방울,입문서,모금,창립자,창립,업계,캐스,철학,알코올 도수,점성,메이커스 마크,아메리칸 위스키,스트레이,seri,셀러,부부,아들,과장,켄터키,중간지점,고향","질 좋다,좋은 제품,추천하다,잘 어울리다,부드럽다,매끄럽다,향 올라오다,향 적다,향 풍성하다,풍미 있다,크리미하다,달콤하다,숙성 느끼다,풍미 놀랍다,단맛 적당하다,배치 다르다,스타일 잘어울리다,다채롭다,균형 잡히다,균형 이루다,가성비 뛰어나다,풍성하다,강하다,쉽다,이해하다,다양하다,편안하다,간단하다,풍부하다,진하다,가깝다,좋아하다,감 좋다,부담스러울수 있다,접근성 좋다,심심하다,적당하다,좋다,복잡하다,즐기다,자연스럽다,인상적이다,성숙하다,환상적이다,대담하다,애호가 좋다,애호가 만족하다,강렬하다,친절하다"
14822988697,BL000000014822988697,2026 DMZ 피스트레인 후기 (캠핑+분비자를 곁들인),https://blog.naver.com/ansthf1222/224315751540,블로그,네이버블로그,생의 한낮을 사는 법,2026-06-14,긍정,,"대가리,잔디,직장,손꾸락,가슴,꾀꼬리,대상화,지방,시간,새벽,일차,올해,지금,토요일,오늘,첫날밤,내년,후기,준비성,참고,예매,예약,온라인,현장,탑승,충성,일화,비밀,아줌마,도착,공유,의미,미아,사이트,교환,안내,분철,날씨,생각,눈썰미,연애,지도,줍줍,소음,귀가,사람,주최,늙크크,입성,금지,관리,댓글,리얼,작성,문자,도로,입장,덕후,고정,깃발,내향인,지속가능,기억,사랑,난리,뽀뽀,공간,공짜,무료,부스,인터뷰,영상,거주,ENFP,포트,굿즈,마지막,물량,타자화,대상,진상,임무,칭찬,내돈내산,향기,실화,혼자,동영상,컴백,이유,정보성,복귀,인간적,무물,환영,인생,멜론,아이스티,짜장면,막국수,버거,취식,기모,털옷,팔찌,가방,책상,서랍,타월,그릇,우리집,샤워실,노트북용,보조배터리,건강검진,버스,택시,콜택시,무한궤도,락페,사진,디제잉,오프닝,노래,콜라보,사물놀이,비자,여행,블로그,톡방,덕질,부채,비눗방울,마커,캠핑,캠프,텐트,침낭,캠핑러,단톡,만남,장병,매매,대가,개업,회사,아사,반차,직원,엠지,사회적,사회,영유아,담배,정신병자,디엠,마샬,쿠팡,티오,버드와이저,러쉬,테바,애니웨이,단톡방,갓갓,포뇨,신해철,2NE1,아이브,노예,군인,오빠,동생,아들,언니,관리인,중1,아기,부모,협회장,DMZ 비무장 지대,동서울터미널,고석정,철원,터미널,인도,캠핑장,꽃밭,동네,펜타포트","사람 많다,좋은 날씨,괜찮다,마음에 들다,별로다,돈 들다,빠르다,감사하다,좋다,짜증나다,성공하다,측은하다,사랑하다,각성하다,후기 없다,궁금하다,가능하다,좋아하다,웃기다,미쳐 날뛰다,행복하다,친절하다,사람 좋다,잘생기다,예쁜 사람,대가리 꽃밭,예쁘다,불량하다,미치다,진상,모자라다,맛있다,시끄럽다,조용하다"
14823355295,BL000000014823355295,26.06.14 DMZ 피스트레인 뮤직페스티벌 일요일 후기,https://blog.naver.com/heritage-/224315875998,블로그,네이버블로그,오늘보다 내일 더 신나게,2026-06-15,긍정,"dmz페스티벌,dmz전자양,DMZ피스트레인,루이스오프만,2026,dmz피스트레인뮤직페스티벌,전자양,dmz페스티벌전야제,페퍼톤스,철원dmz평화공원,dmz,백현진,신인류,dmz페스티벌후기,인순이,dmz피스트레인페스티벌,dmz뮤직페스티벌,tricot","얼굴,인류,날개,머리,일요일,어제,오늘,시간,점심,일차,시간대,내년,월요일,요일,주말,후기,현장,도착,주차,근처,사람,일행,재미,오픈,깃발,부스,웨이팅,예약,혼자,처돌이,사이트,실패,공짜,이벤트,다음,브랜드,쿠폰,도전,신청,시작,자양,객석,구경,피스,완료,나무,막대기,타임,흔적,조사,상태,천사,등장,날씨,정면돌파,무료,시음,준비,아저씨,잔잔바리,마일드,라이프,점저,마지막,흙바닥,기대,에너지,전력,최대,화면,마무리,장정,보장,현생,뻥튀기,크림치즈,하늘마,셀러리,감자,과자,위스키,하이볼,칵테일,코코넛밀크,김치전,감자전,치즈감자전,김장,컵라면,라면,손짜장,치즈맛,찍먹,식사,신발,운동화,큐빅,타투스티커,에코백,벨트,스타일,도어,조명,돗자리,비닐,출입구,화장실,펜스,배달,트럭,바퀴,클래스,뮤직페스티벌,아티스트,무대,엔딩크레딧,운동,페스티벌,숙소,체크아웃,비자,전야제,스티커,체스,타이머,부채,마커,꾸미기,결제,원유,폭격,직원,신인류,전자,업사이클링,예보,루펜,마샬,해피밀,메이커스 마크,불닭,카스 제로,테바,크록스,토리코,루이스,백현진,페퍼톤스,인순이,세종,백부장,부장,모델,언니,DMZ 비무장 지대,골목,제작소,서울특별시,클럽,프랑스,철원,평화공원","인기 있다,별로다,구매하다,갖고싶다,성공하다,안쓰럽다,응원하다,좋다,솔깃하다,재미있다,겁나다,흐리다,불안한 마음,실망하다,이상하다,과자 좋다,행복하다,시무룩하다,즐기다,피곤하다,서럽다,퀄리티 좋다,꾸미다,미치다,자연스럽다,내 스타일 아니다,신기하다,예쁘다,맛있다"
14826171715,BL000000014826171715,3개월마다 공허해지는 새럼 일상,https://blog.naver.com/avoid_from/224316859240,블로그,네이버블로그,주로회피하는사람,2026-06-15,긍정,"회고,일상,공허하군,30대","머리,노묘,손가락,작년,주말,하루,오랜만,일상,생각,시작,속성,참여,개인정보,추가,검색,고수,추상적,주제,대체,종료,동시,계속,결과적,이벤트,스토어,레벨,보장,진실,원천,저장소,개념,강조,개인적,내용,흐지부지,기력,혼자,목표,사람,탐욕,이기적,주인,나이,나이대,지인,적신호,기대,맛도리,꿀팁,냉동,보관,충동적,교체,관리,서류제출,대상자,조건,공고,지원,위치,경쟁률,경쟁,마지막,신청,정신,당첨,일반,빼박,탈출,마음,크기,배포,망고,마늘,버섯,대만망고맥주,위스키,꼬치,식사,망고맛,보관함,그릇,비닐장갑,자취,원룸,곰팡이,메일,에어컨 청소,에어컨,치료,스터디,공부,인강,축제,페스티벌,톡방,단톡,카드,대출,전세,전세금,소득,개인정보 유출,정보유출,이직,유급휴가,소송,승소,정신병,번아웃,한글,쿠버네티스,빕스,본가,카발란,나지르,티빙,단톡방,카프카,안나,토이,자녀,브로커,관리인,대한민국,동남아시아,마데이라","만족하다,괜찮다,없는집 없다,비싸다,공허하다,걱정되다,고맙다,재미있다,흥미롭다,이해하다,중요하다,바쁘다,무기력하다,멍하다,이기적이다,재미 없다,즐겁다,건강하다,좋다,행복하다,평화롭다,감사하다,싱숭생숭하다,신기하다,능력 부족하다,구질구질하다,못하다,향기 나다,배 터지게 먹다,맛 느끼다,맛있다"
14834852594,BL000000014834852594,이주일치 일상(러닝/크로스핏/남산 러닝/DMZ 피스트레인),https://blog.naver.com/doonga123/224319683174,블로그,네이버블로그,선인장 옥수수,2026-06-18,긍정,,"벌레,점심,다음날,선거날,여름,저녁때,오후,금요일,오랜만,새벽,토요일,아침,주말,시간,생일,일상,기록,삭제,아침공복,귀가,이웃,만석,입구,입장,급변경,완료,극악,웨이팅,착석,비행,집중,귀갓길,공복,패턴,친구,아저씨,주기,매번,대회,신청,처음,와드,계속,이유,연속,마일리지,혼자,취침,반성,과음,셔틀,오픈,라인,공간,그늘,최고,놀이,평균,연령,부스,에바,운영,바람,근처,목소리,마지막,도착,비보,구남친,남자친구,소개,증정식,증정,마무리,주먹밥,치즈,어묵,곱창,열무,과일,샐러드,고구마,간식,팝콘,커피,막걸리,슬러시,커리,평양냉면,열무국수,볶음밥,안주,두부버섯전골,도토리묵,비빔밥,감자전,케이크,청바지,리모델링,창문,박스,그릇,쓰레기,우리집,화장실,정리,비행기,버스,일본어,공연,영화,음악,러닝,크로스핏,야구,하이록스,운동,경기,마라톤,제주도 여행,허니문,비자,블로그,비눗방울,낮잠,마커,조깅,단체전,타프,업보청산,자원봉사자,만남,선거,투표,직원,근무,출근,야근,당직,새벽출근,퇴근,스트레스성,폭식,기절,유리몸,고씨네,지에스,을밀대,젤카야노,러쉬,디스클로저 데이,로또,마포아트센터,이주일,삼손,동현,최현,지윤,효은,성태,이승열,영희,김예슬,떵개,사장,남산,연남동,청사,충무로,고향,광화문,동구,제주특별자치도,공항시장역,편의점,야구장,경기도,당산,만남로,홍성,합정,철원,신촌,버스정류장,맛집","운 좋다,먹고 싶다,노을 예쁘다,애매하다,기분 좋다,행복하다,즐기다,신나다,당황하다,살 빠지다,친절하다,미치다,부족하다,바지 더럽다,가볍다,맛있다,맛집"
14838667872,BL000000014838667872,이스탄불 마지막!⚽️ 베식타시경기장과 블루모스크로 마무리,https://blog.naver.com/sobak-/224320852001,블로그,네이버블로그,소박이의 소박한 하루,2026-06-19,긍정,"이스탄불블루모스크,남아공와인,베식타시JK,베식타시경기장","머리,아침,예전,점심,마지막,마무리,커피수혈,틈새,구경,사랑,굿즈,판매,대형,내부,사람,입장,블루,구매,선물,국내,가격,고생,기록,음식,올리브오일,토마토주스,아메리카노,와인,위스키,김치볶음,볶음,케밥,김치,바클라바,삼겹살된장찌개,신발,스카프,천장,지붕,택시,관람,경기,축구팀,축구,기념품,블로그,목욕,마그넷,블럭,면세,오스만 제국,페어링,발베니,토트넘 홋스퍼 FC,베식타스 JK,할아버지,이스탄불,경기장,블루모스크,카페,목욕탕,동네,튀르키예,거리,모스크,상점,공항,면세점,남아공,시내,인천국제공항","거대하다,구매하다,비싸다,웅장하다,깜빡하다,따뜻하다,엄청나다,응원하다,슬프다,아끼다,질리다,빠르다,서비스 주다,아름답다,귀엽다,맛있다"
14843678876,BL000000014843678876,6월 4주차의 주말 일대기,https://blog.naver.com/myungjunimpnida/224322341203,블로그,네이버블로그,박씨의 삶,2026-06-21,긍정,,"고양이,수컷,강아지,동물,주말,하루,평일,금주,시간,저녁,토요일,일대기,사람,매번,생각,일상,추억,기억,미화,기록,루틴,관리,소식,생활,시작,보관,비교,낭비,갓성비,착각,하수,삭제,상태,이유,빗질,불변,약속,혼자,위스키향,땅콩,소고기,고기,위스키,치킨,선지국,선지해장국,안주,목베개,쓰레기,배달,냉동실,입문용,사진,운동,블로그,마커,사진첩,트레이더,고메,트레이더스홀세일클럽,와이프,편의점,마트,고양이카페","괜찮다,비싸다,추천 받다,안주 부족하다,귀찮다,좋다,바쁘다,보상하다,행복하다,의미 없다,좋아하다,무섭다,못되다,하수,귀엽다,맛 들다,맛이 없다"
14843858985,BL000000014843858985,DMZ 피스트레인 뮤직 페스티벌 2026 : 고석정 꽃밭 임시 캠핑장 후기,https://blog.naver.com/sb2259/224322396868,블로그,네이버블로그,먹은거 자랑,2026-06-21,긍정,"DMZ페스티벌,디엠지페스티벌,뎀지,철원맛집,고석정맛집,고석정캠핑,피스트레인후기,DMZ피스트레인캠핑,피스트레인캠핑,DMZ캠핑,페스티벌후기","돼지,얼굴,복근,머리,수요일,목요일,금요일,다음날,새벽,오전,오늘,저녁,하루,내년,임시,후기,요약,힐링,행복,이웃,최고,노숙,남자,출발,제공,충전,이용,선착순,장단점,노을,야광,주렁주렁,구경,매너,생각,소리,공동,사용,공간,초록,하늘,한탄,느낌,처음,주문,등장,사람,코스,아이러니,인간,계단,쪼꼬미,실패,대인,모습,시작,스테이지,부스,발견,포토,기분,퀄리티,타임,혼자,현수막,마음,상회,응대,상태,목소리,분위기,팔자,계속,톨사이즈,내적 친밀감,대면,홀로,육사시미,삼겹살,생김,치즈소스,오이,야채,나초,막걸리,생맥,맥주,음료수,소주,위스키,온더락,정어리구이,김치말이국수,감자전,막국수,물막국수,비빔막국수,수육,무김치,과카몰리,국물,팟타이,칼국수,뼈칼국수,감자튀김,해장,팔찌,깔개,버킷,화장실,주방,포장,정비공,랜턴,자동차,워셔액,본넷,꾸꾸꾸,마사지,공연,뮤직페스티벌,대작,가요,사진,무대,페스티벌,전야제,비자,관광,페인팅,낮잠,마커,캠핑,텐트,침낭,트레킹코스,래프팅,운전면허증,물가,사건,직장인,직원,엠지,성인인증,감기,기절,숙취,도파민,오대쌀,버드와이저,얼박사,러쉬,인디안,깡치,진진,백예린,백현진,사장,DMZ 비무장 지대,고석정,고석정꽃밭,캠핑장,철원,더리버사이드호텔,사우나,뉴욕,막국수집,주상절리,포토존,타이,공연장,꽃밭,한탄강","잔잔하다,힙해지다,별로다,괜찮다,만족하다,비싸다,개꿀,평화롭다,재미있다,기분 좋다,낭만적이다,즐기다,밋밋하다,낯 가리다,환장하다,조심하다,풍경 예쁘다,좋다,여유롭다,한가하다,떠돌다,노력하다,어이없다,서투르다,개운하다,느낌 있다,먹고 싶다,슬퍼하다,속 좋지않다,좋지않다,내적 친밀감,치즈 좋다,소스 좋다,힐링하다,잘되다,머리 좋다,생기 좋다,화려하다,꾀죄죄하다,멋있다,예쁘다,못하다,미치다,깨끗하다,쾌적하다,찌들다,부드럽다,은은하다,음식 맛있다,맛있다,새콤하다,음식 괜찮다"
14847309980,BL000000014847309980,[서울 호캉스] 동대문 노보텔 앰배서더-프리미어 스위트 이그제큐티브 라운지 해피아워/조식....,https://blog.naver.com/xdaredare/224323559495,블로그,네이버블로그,Rosy home,2026-06-22,긍정,"서울호캉스,동대문노보텔,동대문노보텔조식,서울호캉스추천,조식맛집,강추","다리,봄베이,잠자리,시간,하루,오후,저녁,일요일,평일,아침,기념일,스위트,이그제큐티브 라운지,방문,후기,순서,해피,이용,꿀팁,특가,쿠폰,근처,구경,임박,상품,설치,알림,참고,이상,예약,입구,진행,도착,설명,이동,공간,거래,주변,종류,원조,모양,오른쪽,구성원,판매,객실,방안,처음,제품,홈페이지,최소,천연,성분,사용,오픈,힐링,극락,작동,짝꿍,가동,제공,왼쪽,상단,상태,정보,불호,아우라,쁘띠,골드,에디션,가성비,음식사진,개인적,재료,코너,조합,제외,연습,물장난,실내,가능,입장,동시,큐알코드,선착순,총평,기회,기념,기억,이벤트,치즈,스모크치즈,고기,연어,훈제연어,훈제오리,베이컨,계절과일,생과일,레몬,양파,샐러드,애프터눈티,생과일주스,과일주스,탄산음료,레드와인,화이트와인,스파클링 와인,위스키,병맥,병맥주,조식,디저트,닭한마리 칼국수,망고케이크,안주류,안주,핫푸드,찹스테이크,된장국,볶음밥,쌀국수,국물,음식,푸드,견과류,식사,슬리퍼,테이블,데스크,침대,커튼,침구,어메니티,변기,커피머신,접시,화장실,샤워부스,TV,리모컨,공기청정기,대중교통,샴푸,컨디셔너,바디워시,핸드워시,바디로션,배쓰밤,드라이,사진,조각,피날레,수영,아침수영,해피아워,체크인,숙박,얼리체크인,호텔,객실 크기,숙소,여름휴가,호캉스,마커,오리배,풀장,밤수영,티타임,카드,소비,직원,해피아,기절,디톡스,숙취,평수,퍼센트,타르,클라우드,지구,피노누아,샤도네이,소비뇽 블랑,모스카토,테라,발베니,네이처,여기어때,바론,노보텔,앰배서더,갓갓,서울특별시,동대문구,라운지,수영장,로비,지점,편의점,야외","사람 많다,반해버리다,나쁘지않다,만족하다,언제나 옳다,구매하다,추천하다,서비스 섬세하다,빠르다,푸드 알차다,알차다,구성 좋다,깨끗하다,푹신하다,시원하다,먹음직스럽다,맛있다,음식맛 좋다,느끼하다,음식 맛있다,특가 뜨다,친절하게 설명하다,아끼다,엄청나다,힐링하다,기분 좋다,간단하다,잘못되다,따뜻하다,즐기다,좋다,안좋아하다,질리다,친숙하다,아쉽다,중요하다,위치 좋다,행복하다,친절하다,주스 시원시원하다,신기하다"
14848162116,BL000000014848162116,what i eat in a day : 0601 ~ 0620,https://blog.naver.com/haebichu/224323843027,블로그,네이버블로그,해인,2026-06-22,긍정,,"토끼,고양이,봉숭아,개구리,장기,주말,시간,일차,생일,점심,하루,내년,가족,계절,신규,맛도리,도전,부자,복귀,총각,아가씨,포기,소통,취소,처음,방향,부위,연습,입장,영상,체험,이상,최고,센스,구경,사람,다음,선곡,리스트,라인업,사수,여자,크기,친구,공복,저장,집시,백설기,모찌,사워도우,치즈,우설,어묵,망고,블루베리,파프리카,양파,막걸리,부추전,부침개,닭똥집튀김,채소튀김,구이,카레,분짜,초밥,감자탕,닭도리탕,잠봉뵈르,발효,피자,별미,식감,수영복,빤스,항아리,밥그릇,펜스,주문제작,건강검진,버스,선생님,수강생,공연,사진,오프닝,자전거,티샷,산악,수영,비자,페스티벌,만화,마커,산책,생일파티,세입,아사,퇴사,엠지,고도비만,하이디라오,버드와이저,꾀돌이,두초생,하이큐,한사랑산악회,한강,떵개,루이스,인순이,희재,광고주,아버지,옥상,삼성동,공원,만화카페,사랑산,한탄강,노래연습장,나고야,맛집,한남동,유원지","사람 많다,운 좋다,가고 싶다,정신 없다,잘하다,좋다,축하하다,오붓하다,행복하다,따뜻하다,재미있다,즐겁다,아쉽다,좋아하다,망하다,편하다,잘되다,멋들어지다,귀염둥이,언니 귀엽다,귀엽다,미치다,시원하다,맛있다,달콤하다,맛집,구수하다"
14854149501,BL000000014854149501,가평 쉼캠핑장 :: 계곡물이 정말 맑아 놀기 좋은 캠핑,https://blog.naver.com/miyeon322/224325870913,블로그,네이버블로그,A Day from March—̳͟͞͞♥,2026-06-24,긍정,"가평캠핑장,가평계곡캠핑장,가평화장실깨끗한캠핑장,가평쉼캠핑장,캠핑요리,비바돔,야전침대","강아지,주말,오후,오전,올해,시간,저녁,오늘,어제,사이트,구역,입실,입실자,무료,가능,퇴실,선착순,현장결제,개인,이용,추가,친구,인생,재미,처음,생각,관리,선택,냄새,최고,걱정,중간,맛도리,다음,바위,천국,탐색,손님,시설물,시설,후기,신청,봉투,대박,칠링,용도,소량,준비,이유,동의,장난,낭만,양치,구경,모닝,체력,혼자,철수,덕분,근처,일기,당면,아이스크림,등갈비,갈비,후랑크,소세지,닭발,밀크,젤라또,쌈장,허브솔트,포도,버섯,간식,과자,맥주,음료수,커피,라떼,밀크티,밀키트,라면,김장,등갈비구이,갈비구이,어묵탕,카레,메뉴,티샤츠,사파이어,휴지,모기향,항아리,부탄가스,얼음컵,정수기,부르스타,화장실,샤워실,제빙기,피칭,샴푸,칫솔,사진,경기,주짓수,야구,스쿼트,샤워,블로그,낮잠,마커,캠핑,우중캠핑,타프,금액,마케팅,엽기떡볶이,홈키파,디코,안나,지민,동생,친자,언니,가평,캠핑장,계곡,경기도,가평군,북면,화악산,동네,관리동,매점,가평읍","잘먹다,양 많지않다,좋다,즐기다,후회하지않다,가깝다,망치다,먹고 싶다,사랑하다,힘들다,바쁘다,좋아하다,피곤하다,쉽지않다,잘하다,시간 있다,오래 걸리다,맑다,착하다,귀엽다,못하다,화장실 깨끗하다,깨끗하다,더럽다,맛있다,쌉싸름하다,고소하다"
14860326067,BL000000014860326067,진짜 최소 한번은 본 적 있는 위스키,https://blog.naver.com/tmvlem2251/224327807800,블로그,네이버블로그,dry,2026-06-26,긍정,,"혀끝,미뢰,입안,오늘,예전,성탄절,최소,도수,버전,상위호환,마크,빨간색,사람,기억,기본,라벨,체인지,디자인,차이,수준,친구,호감형,외관,가격,느낌,최상위,생각,호감도,급상승,상승,최상,중간,라인업,제품,마실,영입,스트렝스,원액,타격감,알코올,극대화,질감,정제,표면,특유,총평,마무리,매력,복합,개인적,가성비,편견,단맛,테이스팅 노트,산미,풍미,옥수수,호밀,곡물빵,통밀,통밀빵,대패삼겹,자두,체리,바닐라,과일,카라멜,캔디,사탕,다크초콜릿,위스키,버번위스키,버번,스테이크,돈까스,왁스,오크통,아세톤,콘텐츠,체급,방울,마케팅,과실,생태계,메이커스 마크,팔렛,주인공,셀러,편의점,대형할인점,백화점,구멍가게","유니크하다,이름 모르다,관심 없다,별로다,촘촘하다,저렴하다,비싸다,추천하다,궁금하다,잘하다,우직하다,기대하다,좋다,엄청나다,메리트 있다,느낌 있다,기분 좋다,실망하다,특이하다,못하다,멍청하다,순박하다,예민하다,독특하다,느낌 매력적이다,매력적이다,데일리 편하다,포근하다,진득하다,부드럽다,묵직하다,향긋하다,고소한 향,맛이 없다,맛있다,스파이시하다,고소하다,단맛,단맛 있다,달콤하다,쌉싸름하다"
14864715219,BL000000014864715219,혼자가도 재밌는 위스키바,https://blog.naver.com/alex0805/224329148987,블로그,네이버블로그,낭냥한 일상,2026-06-27,긍정,초설,"오늘,혼자,공간,형태,슬라이스,검정색,대화,손님,제공,숙성,방법,분위기,판매,인지도,생각,작성,경기,마커,포스팅,시중가,아이스크림,레몬,과자,주류,맥주,소주,칵테일,위스키,기본안주,철학,업체,헤네시,라가불린,히비키 하모니,조니 워커,사장,위스키바,경기도,안양시 동안구,가게,평촌역,평촌","저렴하다,가격대비 많다,재미있다,따뜻하다,기분 좋다,중요하다,좋다,마시기 좋다,편하다,서비스 받다,훈훈하다,솔직하다,위스키 즐기다,맛있다"
14864871893,BL000000014864871893,주대리 또간집 증산역 립타이드,https://blog.naver.com/muksalmuk/224329198038,블로그,네이버블로그,주대리의 은밀한 사생활,2026-06-27,긍정,"립타이드,증산립타이드,증산역맛집,증산역펍,증산펍,립타이드버팔로스틱,립타이드맥앤치즈,립타이드감자튀김,립타이드생맥주,립타이드기네스,립타이트메뉴","오늘,오랜만,대리,방문,약속,장소,결정,입장,만석,스틱,매장사진,손길,느낌,관리,사이드,개인적,추가,선택,일행,기계,온도,세팅,치즈,랜치소스,케찹,마요네즈,야채스틱,생맥,생맥주,맥주,맥앤치즈,안주,감자튀김,메뉴,니트,노즐,렌치,버퍼,드래프트,마커,술자리,업계,종사,오픈런,주대리,버드와이저,기네스,또간집,사장,증산역","인기 있다,좋은기억 있다,만족하다,잘먹다,간단하다,좋다,즐겁다,즐기다,힙하다,아름답다,최적이다,모자라다,신선하다,맛있다,새콤하다,느끼하다,최고의 맛"
14798627937,CF000000014798627937,"미국에서 꼭 사와야 할 2병(최대 3병) 추천부탁드립니다!!(lax 입,출국 / 숙소 애너하임)",https://cafe.naver.com/whiskycognac/889774,카페,네이버카페,위스키코냑클럽,2026-06-06,중립,,"편도,최대,추천,출국,취소,일정,방문,온라인 주문,질문,생각,구입가격,가격대,천차만별,수령,온라인쇼핑,개념,처음,게시판,이용,주의사항,삭제,금지,게시글,이름,제품명,표시,구입기,구입처,정보,개인,거래,자랑,언급,문의,댓글,쪽지,이벤트용,이벤트,참여,후기,내용,협찬,혜택,국내,구매,예시,참고,미부착,부착,판매,라벨,매입,해외,구입,유도,숙소,미국여행,면세,재판매,위스키,불법유통,불법,한글,배송,카발란,잭다니엘,우버,솔리스트,선배,셀러,미국,애너하임,가게,우리나라","구매하다,추천 해주다,가능하다,감 잡히다,못하다"
14840837533,CF000000014840837533,삼뿌(삼각지 뿌시기),https://cafe.naver.com/fujipeople/855889,카페,네이버카페,후지피플 [후지필름 카메라 커뮤니티 /12년연속 NAV...,2026-06-20,긍정,,"나뭇잎,알파카,스탠딩,서비스,시그니처,포기,제품사진,매력,정착,사진,마커,찐맛,아이스크림,젤라또,오렌지,맥주,생맥,하이볼,플랫화이트,아이스아메리카노,오이무침,하우스,캐논,소니,라이카,산토리 가쿠 하이볼,산토리,이천쌀,사장,여보,모델,삼각지,오사카","색감 좋다,호감 있다,비싸다,고맙다,기분 좋다,후지다,미치다,시원하다,맛있다,찐맛"
14852179564,CF000000014852179564,"현행,고숙성,올드바틀,독병에 두서없는 글...",https://cafe.naver.com/whiskycognac/896358,카페,네이버카페,위스키코냑클럽,2026-06-24,중립,,"버팔로,시간,과거,옛날,지금,암흑기,현재,숙성,올드,구입기,필수,정보,구입처,구입가격,구매,회원,자랑,게시판,중후반,친구,입문,애호가,생각,결론,전문,이야기,의견,댓글,초보자,세계,해외원정,신규,선구자,버튼,최대,합리적,세트,팬덤,상품,채널,한정수량,선착순,강요,품질,가격,레어,전략,느낌,차이,패피,프리미엄,희소,만족,전환,손님,사람,구매력,한정판,구입,난이도,의존,코어,라인,본인,케바케,더블,주관,구형,특성,처음,중간,평가,원액,명품,한정,금지,노력,극복,오크,차원,최선,비밀,근본적,캐릭터,다음,안내,존재,장소,컬렉션,희소성,사치품,사치,무향,나무향,스피릿,개성,수량,상금,에디션,문제,가능성,나라,환상,인생,질문,계기,허세,세뇌,마지막,대조적,집착,순위,가치,독립,상대적,오피셜,싱글,사이드,스윙,검색,대세,수요,매니아,영역,후대,정점,퇴보,집합,불호,취향,소문,가성비,시대,마음,생활,이용,주의사항,삭제,게시글,이름,제품명,표시,개인,거래,언급,문의,쪽지,이벤트용,이벤트,참여,후기,내용,협찬,혜택,국내,예시,참고,미부착,부착,판매,라벨,매입,해외,몰트,연어,칵테일,위스키,소주,버번,버번위스키,와인,싱글몰트,블렌디드,파이,입맛,지갑,박스,바늘,오크통,데이터,자동차,연수,색깔놀이,캐릭터성,콜라보,경기,유도,종이,피규어,취미,찬양,블루오션,면세,소비,수출,정가,산업,불황,물가,재판매,불법유통,현행,불법,유산,스프링,캐스,해치,르네상스,정보체,한글,야마자키,옥션,재패니스 위스키,셰리와인,맥켈란,뿌링클,발베니,글렌피딕,로또,러셀,전문가,초년생,아버지,시장,형님,동네,증류소,리쿼샵,남대문,인천광역시,편의점,백화점,스페인,통로,대한민국,사막,종착지","정교하다,괜찮다,질 좋다,인정하다,비싸다,가성비 좋다,가격 비싸다,비싼 가격,그돈씨,사치스럽다,이끌리다,기대하다,과도하다,무섭다,극혐하다,사랑하다,좋다,좋아하다,축복 받다,중요하다,궁금하다,대단하다,못 만들다,다양하다,힘들다,귀찮다,희소성,강하다,급등하다,쉽지않다,어렵다,감사하다,노력하다,무시하다,편하다,품질 좋다,빠르다,못하다,강렬하다,훌륭하다,겸손하다,정 많다,안맞다,진득하다,가볍다,향 좋다,맛있다,맛없다"
14854853377,CF000000014854853377,버번 삼형제,https://cafe.naver.com/whiskycognac/896692,카페,네이버카페,위스키코냑클럽,2026-06-24,중립,,"저녁시간,게시판,이용,주의사항,삭제,금지,게시글,이름,제품명,표시,구입기,구입처,정보,개인,거래,자랑,언급,문의,댓글,쪽지,이벤트용,이벤트,참여,후기,내용,협찬,혜택,국내,구매,예시,참고,질문,미부착,부착,판매,라벨,매입,해외,구입,유도,게임,면세,재판매,버번,위스키,불법유통,불법,한글,형제","마시기 좋다,위스키 좋다,좋다,즐거운 시간 보내다,맛있다"
14869978310,CF000000014869978310,위스키를 까 보아요,https://cafe.naver.com/mineru1/3649,카페,네이버카페,미네르와 굴레와 속박들,2026-06-29,중립,,"에어링,변경,총평,알코올,마커,위스키,탕수육,튀김",
42837881410,TW2065986493412425959,어제 dmz 메이커스 마커에 어 김간지씨가 계시네… 했는데 허간민이 같이 왔다고? https://t.co/xeE0ZTnlaW,https://x.com/notnunimtaoist/status/2065986493412425959,X(트위터),X,notnunimtaoist,2026-06-14,중립,,"어제,간지,허가,마커,DMZ 비무장 지대",
14876937019,BL000000014876937019,'26년 6월 일상,https://blog.naver.com/meei_/224333264833,블로그,네이버블로그,ｄｅｕｘ ａｍｉｅｓ,2026-07-01,긍정,"신기루,나트랑쌀국수,신차돌곱창,솔티독,경춘당,메종드도쿄,칠성갈매기,정온,타닌,서문시장,프레스티지클래스","갈매기,허리,무릎,근육,열매,이삭,점심,아침,오랜만,시간,저녁,정오,생일,일주일,하루,새벽,예전,커피타임,일상,신고,재미,다음,생각,사람,대답,회피,스무고개,이야기,잡동사니,분류,난리,귀가,태산,방문,매력,비교,시음,왼쪽,압도적,압도,오크,우드,룸메,선물,분위기,찬스,이유,재료,혼자,시작,시장구경,등록,저가격,생활,처음,동기,동네친구,마지막,계속,정상,작동,폐기,자랑,아저씨,어른,어른이,승질,혼밥,혼술,취향,검정색,소개,도움,해외,소식,프레스티지,레어,흰색,복합,하늘,테이크,마무리,생활기,화이팅,소고기,고기,차돌박이,곱창,대구,양념,수박,야채,당근,복숭아,모밀,쌀국수,볶음밥,중식,한식,김치찌개,떡볶이,야식,라면,낙지볶음,볶음,해장,바닐라향,식사,은행,풍미,셋업,운동화,서랍,가구,필로티,수건,방바닥,거실,이사,배달,요금제,카메라,타이어,영어,클래스,치약,칫솔,염색,페어,사진,운동,필라테스,비자인터뷰,여권사진,어플,마커,집들이,수다,투표,주식,달러,폭풍,일용직,입사,신기루,탄닌,경춘당,본가,파이퍼 하이직,메종,마비스,민팃,지피티,언니,사장,어머니,원주,미국,나트랑,대한민국,도쿄,서문시장,서울특별시,마포,잠실,포장마차,공원,동사무소,라운지,애틀랜타","괜찮다,잘 쓰다,돈 들다,할인 받다,똥값,귀찮다,즐겁다,그립다,느낌 부드럽다,친하다,감사하다,잘 다녀오다,무난하다,손님 많다,좋다,재미있다,아쉽다,성장하다,안내 있다,도움되다,귀엽다,못하다,매력적이다,친절하다,다이나믹하다,똑똑하다,안전하다,깔끔하다,부드럽다,냄새나다,향 강하다,맛있다,짭짤하다,자몽 상큼하다"
14889741505,BL000000014889741505,2026.06,https://blog.naver.com/kgoun9324/224337492716,블로그,네이버블로그,즐고운 인생 ●'◡'●,2026-07-06,긍정,"춘이네멍치원,souper,고가빈커리하우스,방배천로문화센터,니혼바시타마이,도치피자,애성회관,연봉피,도화솥밥,본지르르,어둠속의대화,빽돈,하눅","병아리,모기,가슴,황소,피부,강아지,월요일,다음날,점심시간,점심,가을,올해,초여름,여름,화요일,연휴,사계,수요일,오늘,금요일,토요일,주말,일요일,오랜만,시간,옛날,저녁,매주,목요일,오전,주일,하루종일,하루,요일,겨울,아침,이번달,덕후,중화,핑계,걱정,유독,산더미,시작,검사,센터,세대,마지막,그룹,대체,준비,세팅,연습,소개,다이어트,목적,계속,설정,차이,근처,구경,갑분아,낭만,확인,충전,날씨,섭렵,감성,여름시즌,추가,재가동,시그니처,포즈,명당 자리,대화,주제,다음,결과물,사이즈,오픈,프로젝트,지킴이,방구석,순삭,토의,관심사,관심,생각,이야기,약속,최대,감쓰,사람,취향,반영,점보,온라인,레슨,갬성사진,내돈내산,무채색,기회,신상,궁금증,해결,추억,마음,기본,이동,찬스,입장권,입장,부스,속사포,시음,일정,결심,주기,성공,부자,소리,계절,기능,단장,본질,방문,날짜,개념,오류,덕분,마감,눈물,재미,귀신,딱지,기존,행복,하늘,남자친구,어둠,예약,감각,느낌,공간,커플,추천,내용,친구,장소,분위기,최고,움직임,결혼식,복귀,요약,정신줄,선물,수제,복사,행운,이유,장대비,구름,회식,기록,기대,주변,첨가,순두부,두부,집밥,솥밥,쌀밥,찬밥,크림,닭발,계란,아이스크림,도치,쪽갈비,갈비,우유,참치,에그,휘핑,샐러드,대봉,참외,바질,토마토,수박,열무,바나나,간식,맥주,생맥,위스키,소맥,커피,쉐이크,물만두,만두,냉면,비빔국수,족발,동파육덮밥,덮밥,우동,수제버거,김치,김치만두,파슷하,짜글이,카레,토마토 계란볶음,마라탕,마라샹궈,중식,오마카세,볶음밥,훈제오리볶음,삼겹볶음,야채볶음,볶음,피자,수육,유부초밥,비빔밥,쌀국수,순대국,열무비빔밥,술안주,김밥,평양냉면,콩국수,강정,무가당,식단,해장,요리,메뉴,몸보신,커플티,수경,키링,우산,스타일,식탁,여름이불,이불,김치냉장고,솥뚜껑,밥통,시멘트,배달,파스,보툴리눔 톡신,피부과,검진,시험,연수,일본어,공부,선생님,퍼스널컬러,공연,박람회,음향,사진,벽화,관람,합주,축구,미드필더,주심,여행,휴가,드럼,마커,샤워,필사,카공,댄스,비보잉,책갈피,글램핑,산책,축구관람,미사,탈출기,교회,본당,봉사활동,봉사,은총,모임,걸스나잇,소개팅,주식장,바이어,대량생산,대가,원가,중독,출근,전임,퇴근,연봉,파견,입양,동파,기절,로그,지구,차수,버그,도파민,장마,아이폰6,미닉스,덕후선생,고가빈커리하우스,섭웨,써브웨이,엽기떡볶이,빽돈,병아리김밥,빙그레,난리부르스,셋로그,대모,은영,지민,순자,젼언니,윤주,빈센트 반 고흐,수연이,오정세,최택,노아,김진우,요한,키티,양수연,신부,부장,선생,언니,동생,시장,연예인,드러머,아버지,오빠,팀장,딸랑구,올케,예비신랑,우리딸,어머니,일본,연수원,공장,광산,행사장,서울특별시,한복판,야장,서순라길,나폴리,맛집,성당,방배,문화센터,니혼바시,광화문,식당,양식집,북창동,회관,삼송,떡집,갈비집,스카,앞바다,바다,교실","관심 없다,질리지 않다,만족하다,행복 있다,괜찮다,추천 해주다,선명하다,안맞다,시원하다,맛있다,맛없다,맛집,맛깔나다,달달하다,인테리어 세심하다,정갈하다,비싸다,양이 작다,좋다,중독성 있다,고맙다,떨리다,무섭다,잘못하다,즐기다,신나다,설레다,든든하다,미쳐버리다,시급하다,오래 걸리다,바쁘다,성공적이다,잘하다,피곤하다,좋아하다,먹고 싶다,행복하다,궁금하다,쓰고싶다,제대로이다,최애,내키지 않다,실패하다,뜨끈하다,민망하다,안좋아하다,축하하다,성공하다,아쉽다,우유 좋아하다,겨울 좋다,쉽다,힘들다,사랑스럽다,독특하다,활기 있다,예쁘다,게으르다,야무지다,못하다,내 스타일,바보,감각 있다,신비하다,속 빈 강정"
14890242293,BL000000014890242293,인류평화를 위해 DMZ 피스트레인 페스티벌은 없어지면 안 된다. | 2026 DMZ 피스트레인 페스티벌....,https://blog.naver.com/whang0928/224336867927,블로그,네이버블로그,다빈츠의 생활기록부,2026-07-06,중립,"dmz,dmz피스트레인,공연,공연후기,페스티벌,페스티벌후기,dmz피스트레인2026,공연전시","인류,머리,엉덩이,얼굴,아침,금요일,일요일,토요일,하루,자정,당일,올해,오늘,점심,왕년,작년,내년,지금,브레이크타임,오랜만,저녁,예전,시간,새벽,평화,라인업,순수,재미,도착,주차,인파,추가,티켓,교환,목차,패스,우대권,할인권,할인,무료입장,슬로건,인간,활동,갤럭시,익스프레스,부스,신청,무료,내용,확인,연결,소망,대상,예매,티켓부스,증빙서류,지참,강원도민,출생,보호자,보호,동반,입장,현장,오픈,적용,표정,공식,스테이지,이름,분수,일행,조사,이념,인류애,분쟁,혐오 조장,갬성,위치,존재,계속,생각,친구,가격,참고,대체적,화이팅,위치선정,이동,기존,그늘,사람,대화,발견,여자,나이,감성,결론,역사,사랑,존재감,중독성,사용,입성,냄새,보너스,물건,다음,본업,간지,분위기,마실,키스,대표,친절,보스,평가,피드백,목적지,목적,과다,비중,표현,외국인,레터,시작,해외,역적,덕후,기억,목숨,추억,마지막,타임,이중인격,월드클래스,요조숙녀,컨셉,준비,오토튠,목소리,헤드,영혼,게스트,뿌리,힙스터,비트,상황,마음,금지,검사,게시물,수정,협찬,커피,아이스티,막걸리,맥주,위스키,칵테일,감자전,라면,메뉴,음식,팔찌,헤어밴드,모자,스타일,간판,방석,글라스,천막,서재,펜스,카메라,밴드,버스,셔틀버스,기차,버스시간,OT,독해,공연,콘서트,밴드공연,코첼라,힙합플레이야 페스티벌,음악,예술인,장애예술인,관객,아티스트,K팝,락앤롤,신곡,무대,오마주,촬영,특집,스포츠,페스티벌,비자,전야제,샤워,풍선,부채,마커,장구,포스팅,하우스파티,스티커,캠프,자원봉사자,성수,파티,복무,원유,벤치마킹,유로,중독,직원,출근,국가유공자,히피,미취학아동,경로우대,장애인,엔돌핀,담배,코로나,동서식품,러쉬,멜론티켓,축산농협,바이브,프리마베라,세계보건기구,톤베리,안나,에이피스,커비,백예린,오아시스,요조,다프트 펑크,장인,청소년,군인,할아버지,누나,광고주,드러머,인디밴드,DMZ 비무장 지대,부평,고석정,주차장,고석정꽃밭,강원특별자치도,철원군,동송읍,장흥리,꽃밭,대한민국,사진존,철원,신안,한탄강,일본,서울특별시,전국,부천역","자유롭다,인기 있다,별로다,최애곡,할인혜택 있다,할인 받다,저렴하다,추천하다,소름끼치다,부끄럽다,즐기다,혜택 받다,혐생,잘못하다,뿌듯하다,따뜻하다,응원하다,자랑하다,고맙다,친숙하다,즐겁다,아끼다,궁금하다,재미있다,안좋아하다,사랑하다,잘하다,젊다,못하다,미치다,열정적이다,친절하다,부족하다,폭력적이다,빠돌이,힙하다,깨끗하다"
14904895399,BL000000014904895399,2026 상반기 와르르 일상 맨션,https://blog.naver.com/swj04142/224342634976,블로그,네이버블로그,와리가리 흐리마리,2026-07-10,긍정,,"벚꽃,강아지,아틀란티스,동물,기생충,상반신,하반신,상반기,올해,내일,금요일,새벽,지금,어버이날,여름날,여름,작년,일상,체감,추노,마음,사람,가족,압도적,압도,추천,눈치,대실패,현장,영크크,처음,재미,공사,인생,시대,죽음,승리,현실,반등,휴지조각,석양,신입,기억,일몰,하늘,느낌,웨딩스냅,간격,물장구,외국인,가성비,겨땀,바닷바람,무한리필,울음,근처,하차,승객,보너스,공짜,배타,단절,항공샷,탈락,지상,최고,낙원,우드,친구,하남자,남자,여자,정신,남자친구,상황,발생,공포,약속,완료,하산,정상,동그라미,다음,티켓,유유자적,간택,거리 응원,티켓비,국제,공통점,공통,후기,방식,사전,연기,안전수칙,피눈물,혼자,인쇄,방패,전장,생각,기장,기름,해결,가능,여성,반신,분리,모습,파멸적,상승,기원,지옥,국밥,도가니,참치,도치,고기,곱창,다시팩,맛술,와인,아이스아메리카노,아메,음료수,육수,치킨,육해공,드레스,바지,사이키델릭,테이블,돗자리,자물쇠,하우스,한옥,주소,정돈,집주소,스크린,어안렌즈,렌즈,택시,시험,초중고,중고생,신입생,오탈자,공연,사진,테크노,전시,예술,예술가,퍼포먼스,무대,스토리,야구,가을 야구,경기력,경기,소풍,부산여행,외국인 관광객,관광객,해외여행,비자,게임,트월킹,방탈출,빙고,마커,도서,산책,등반,산행,서클,술자리,주식,코인,싸움,중독,피해보상,폭행,출근,연차,퇴근,오픈런,엠지,근육통,멀미,매연,치킨뱅이,맛밥,데미안,맥라렌,금보,오버워치,배틀그라운드,한강,홍명보,모녀,노예,작가,언니,dj,음악가,편집자,연기자,디자이너,맨션,상하이,안양천,안양,롯데월드,야장,공사장,종로,다대포,맛집,바다,포장마차,부산,원주,버스정류장,남이섬,인도,가게,수락산,서울특별시,광화문,파주","관심 있다,유명하다,관광객 많다,씁쓸하다,비싸다,행복하다,꽃 풍성하다,재미있다,즐기다,좋다,이상하다,시간 있다,겁나다,효도하다,기쁘다,즐겁다,힘들다,머쓱하다,보상 받다,고되다,오붓하다,흥 나다,자연 좋다,떨리다,마음 진정시키다,복잡하다,개잡주,친절하다,거룩하다,못하다,날씬하다,능력 있다,하남자,상남자,멋쟁이,귀엽다,남자 아름답다,아름답다,위험하다,안맞다,모자라다,꾸덕하다,시원하다,얼큰하다,맛집,맛있다,캔맥 즐기다"
14908608213,BL000000014908608213,30대 직장인 커플 가평 여름 여행 알파카는 귀여워,https://blog.naver.com/sasin923/224343752279,블로그,네이버블로그,가든쓰데일리,2026-07-12,긍정,,"직장,알파카,장기,동물,토끼,앞발,미어캣,공작새,숄더,여름,작년,평일,다음날,새벽,지금,커플,고민,체력,이슈,불가,남자친구,추억,거울샷,휘뚜루마뚜루,마을,모험,사람,체험,운영안,광고,다음,입장권,입장,꼭대기,먹이,주의사항,이유,생각,아이컨택,시도,친구,개인적,종류,유리막,이동,최고,위치,덕분,파워,냄새,거래,인지,나이,가평잣,우유,고기,목살,인공감미료,유자,당근,과자,사이다,음료수,위스키,잣막걸리,막걸리,밤막걸리,막국수,메밀전,안주,유자맛,유자향,뷔스티에,반바지,펜스,빨래,바퀴,사진,수영,여름여행,남해여행,여행,숙소,휴가,뜨개,마커,가평빠지,튜브,위협적,위협,직장인,농협하나로마트,에프킬라,다빈치,피노키오,장보고,어머니,가평,춘천시,양떼목장,쁘띠프랑스,수목원,아침고요수목원,이탈리아,체험관,막국수집,동물원,카페","별로다,괜찮다,구매하다,가깝다,잘 다니다,안좋아하다,아쉽다,잘모르다,대단하다,겁나다,생각 순하다,최애,눈 예쁘다,무서워하다,물 좋다,좋다,시설 좋다,적당하다,귀엽다,야무지다,예쁘다,공손하다,가볍다,순하다,두껍다,부드럽다,맛있다,맛있는진 모르다,맛없다"
14916759406,BL000000014916759406,"[압구정로데오] 프라이빗한 감성 룸에서 즐기는 피맥, 압구정로데오 술집 박스비어앤드링크....",https://blog.naver.com/yeshyuni_/224346586973,블로그,네이버블로그,❣️우리집구피❣️,2026-07-14,긍정,"압구정로데오술집,압구정로데오맛집,압구정로데오피맥,박스비어앤드링크스,압구정로데오룸술집,압구정분위기좋은술집,압구정프라이빗룸,로마식피자맛집,압구정로데오데이트,강남룸술집","목구멍,입안,가슴,하루,오랜만,영업시간,익일,매주,일요일,정기휴무,오늘,시간,프라이빗,감성,대화,공간,소개,지하,위치,정보,주차,주차정보,일반,최초,최대,가능,라스트오더,단체,이용,개별,구비,반입,세팅,메뉴판,프리미엄,재료,완성,카테고리,메뉴명,가격,특징,설명,클래식,더블,이탈리안,조화,중독성,허니,단짠,고급,구성,고수,일품,콜드,스톤,스위트,아이스,고품격,품격,바이스,목넘김,글로벌,매력,특유,합리적,시그니처,서비스,시스템,주문,외부모습,중심,도보,접근성,최고,입구,처음,외관,일반적,호프,느낌,걱정,방문,내부,분위기,계단,순간,정가운데,좌석,혼술,연인,독보적,이유,크기,설치,전체,장소,제격,이름,대표,생각,스펠링,독립,금지,주변,기억,머신,종류,맛도리,자랑,등장,최고급,순삭,대박,입가심,편의,손님,총평,요약,경험,조합,두부면,맥아,고급밀가루,모짜렐라치즈,치즈,살라미,베이컨,샤퀴테리,하몽,과일치즈,버터,노가리,크림치즈,크림,아이스크림,피자치즈,브리치즈,스모크치즈,고다치즈,토마토소스,발사믹소스,무화과잼,드레싱,특제소스,설탕,루꼴라,청양고추,토마토,샐러드,알배추,곶감,바나나,청포도,올리브,바닐라,드링크,맥주,주류,흑맥주,밀맥주,생맥,생맥주,하이볼,위스키,싱글몰트,버번위스키,피맥,피자,안주,마르게리타,콘치즈,튀김,치즈플래터,플래터,트러플 감자튀김,감자튀김,스테이크,구이,시사모구이,곶감말이,초코케이크,브륄레,샤베트,배달음식,일식,마르게리따 피자,미국식 피자,외부음식,메뉴,풍미,트러플향,감칠맛,호두,별미,레시피,다이닝,음식,겉바속촉,식감,주머니,스타일,테이블,간판,우드테이블,인테리어,박스,드릴,접시,나무젓가락,주소,화장실,바닥,발렛파킹,전화번호,편의시설,무선인터넷,콜키지,음식배달,정리,배달,블루투스 스피커,드라이,조각,사진,플레이리스트,예술,음악,링크스,로데오,코팅,마커,모금,프라이빗 파티,생일파티,파티,직수입,수입,정가,비즈니스 미팅,프랜차이즈,중독,페어링,스위트콘,콜비잭 치즈,기네스,아사히 생맥주,하이네켄,프리미엄 라거,기린 생맥주,기린 이치방,글렌피딕,백스비어,아크테릭스,스모크,마틸다,테슬라,신한,백종원,압구정로데오,술집,아지트,맛집,특별시,서울특별시,강남구,선릉로,빌딩,분당,프라이빗룸,이탈리아,지중해,일본,압구정로데오역,출구,거리,호프집,강남,한복판,미국,남여화장실","특별하다,강추드리다,추천하다,치즈 신선하다,유자 신선하다,소스 일품,접근성최고,서비스 가능하다,편하다,알차다,불편하다,완성도 높다,짱짱하다,어우러지다,꿀조합,구성 좋다,깨끗하다,깔끔하다,쾌적하다,화장실 깔끔하다,화장실 청결하다,청결하다,시원하다,푹신하다,부드럽다,꾸덕하다,향긋하다,향 담다,향 적다,향 좋다,바삭하다,고소하다,맛집,신선하다,알싸하다,달콤하다,쫀득하다,담백하다,짭조름하다,감칠맛,치즈 고소하다,식감 시원하다,풍미 가득하다,풍미 시원하다,풍미 돋보이다,와인 즐기다,풍미 깊다,맛 잡다,조용하다,시끄럽다,청량감 있다,자유롭다,모던하다,분위기 좋다,보기 시원하다,고급인테리어 깔끔하다,고급스럽다,다채롭다,영롱하다,가성비 즐기다,가성비 좋다,돈 아깝다,가득하다,가득차다,즐기다,간절하다,복잡하다,자신 있다,다양하다,쉽다,진하다,사각사각하다,청량감,발렛이 가능하다,큰 장점,잘갖추다,파티 즐기다,관리되다,중요하다,먹고 싶다,엄청나다,좋다,제대로이다,피로 날리다,잘 나오다,행복하다,배려하다,사장님 세심하다,센스 돋보이다,정성 가득하다,속이 뻥 뚫리다,칭찬하다,고급스러운 분위기,완벽하다,상큼하다,청량한 매력,매력적이다,독특하다,세련되다,멋있다,예쁘다,독보적이다,아늑하다,관대하다,못하다,사장 세심하다,부족하다"
14919883316,BL000000014919883316,쉰다섯번째,https://blog.naver.com/young_2_908/224347646432,블로그,네이버블로그,se_young2,2026-07-15,긍정,"메이커스마커,버번위스키,술가이즈,soolguys,airdrophwanyoung","호랑이,어깨,눈알,골수,손꾸락,머리,얼굴,허브,물고기,하마,강아지,달고기,갈대,손바닥,뒤통수,매일,하루종일,시간,평일저녁,아침,점심시간,오전,오랜만,저녁,하루,다음날,여름,본인,소식,날씨,기상,상황,주기,감사,강수확률,기대,하늘,모습,귀가,사람,생일선물,미션,토론,에비뉴,특유,감동,눈물,보물,내돈내산,마크,인생,검정색,최고,웨이팅,필수,지인,입장,계속,목적,소지품,다음,창가자리,처음,시골쥐,와인러버,노력,예약,낭만,마지막,고민,도착,주막,메뉴판,나이,운수,출근길,외출,지각,애착,짜증,복권,온라인,연금복권,할저씨,디자인,느낌,결혼,인지도,찬스,낮술,웰컴,평가,리필,오픈,맛보기,웃음,대화,망원,홍보,운영,맞팔,진행,행사,제조,시그니처,사용,뚜껑,자랑,세팅,뿌리,논쟁거리,초록색,흰색,결정,내부,형식,추천,기본,세계,표준,응용,시스템,도입,회의,진도,덕분,마무리,이름,번호,확인,주인,오조오억,잘못,고생,표현,한정,후보,규모,이슈,발생,기사,완성,이용,연락두절,인간,수호신,마을,입구,힌트,정답,기억,흑사,사전조사,주차,매장,생각,순환,실내,좁쌀,고기,아이스크림,에그,치즈,명란,오징어,갈비,양념,토마토소스,샐러드,양배추,고구마,복숭아,체리,레몬,청양고추,맥주,버번위스키,위스키,와인,녹차티백,커피,주류,탁주,웰컴주,일본맥주,칵테일,음료수,닭강정,간장닭강정,파스타,에그인헬,콩국수,김치,수육,뼈찜,짜계치,브륄레,안주,디져트,컵빙수,조각케이크,닭갈비,외식,보쌈,피자,후식,마라쌀국수,쌀국수,볶음밥,샌드위치,후라이드,튀김,매운음식,한식,오징어볶음,팥빙수,도넛,애플파이,메뉴,단맛,신맛,쓴맛,요리,마카다미아,마라향,끼니,유니폼,우비,져지,외출복,우산,가방,안대,목걸이,보세,간판,테이블,블라인드,인테리어,장판,시트지,의자,쇼핑백,주전자,수저,젓가락,전자레인지,그릇,앞접시,빨래,하우스,부엌,집순이,손빨래,콜키지,데이터,철거,드라이브스루,정리,노트북,전광판,에어컨,지하철,버스,셋팅,미용,드라이,풀메이크업,네일,사진,노래,콜라보,대본,스토리,월드컵,두산전,야구,응원석,경기,투수,팔운동,마커,편지,블로그,응원봉,독서,애견동반,모임,집들이,면세,결제,선불,수표,지분,출근,퇴근,오픈런,멀미,감기,미디어아트,오차,배아,분리수거,기상청,애플,롯데백화점,에비뉴엘,커피앤시가렛,무끼,토향,맥도날드,스타필드빌리지,보테가베네타,뉴네일,다이소,챗지피티,네이버 예약,캐치테이블,인스타그램,인생네컷,이대,세종대학교,KT 위즈,티니핑,나성범,가이즈,백종원,세희,김준형,막내,여직원,언니,인플,인플루언서,사장,교육가,아기,아버지,자식,어머니,수원,서울특별시,독도,수원KT위즈파크,경기도,수원시,수원 장안구,경수대로,경기장,주경기장,야구장,월드타워,롯데월드타워,특별시,서울 송파구,올림픽로,제주면세점,맛집,마포구,월드컵로,진주,회관,중구,빌딩,을지로,청계천,잠실야구장,잠실종합운동장잠실야구장,술집,연남,동교로,편의점,바다,광역시,인천광역시,제물포구,미용실,동대문구,회기,사무실,카페,양조장,맥주공장,합정,식당,회기동,쌀국수집,중랑구,중앙로,평지,파주시,탄현면,파주,가게,예술마을,광장,주차장,운정","짱짱맨,좋게 보다,잘먹다,한정적,득템하다,가고 싶다,추천하다,추천 해주다,빠르다,서비스 좋다,서비스 주다,불편하다,잘 맞다,잘 어울리다,텁텁하다,꾸덕하다,시원하다,모자라다,무겁다,순하다,포근하다,향 나다,맛있다,맛집,음식 맛있다,달달하다,맵다,맛있는 곳,바삭하다,단맛,신맛,쓴맛,달달한맛,상큼한 맛,건강한 맛,잘들리다,듣기 싫다,분위기 좋다,핑크핑크하다,광활하다,비싸다,아쉽다,문제 있다,애매하다,불안하다,잘하다,나쁘다,잘모르다,따뜻하다,기분 좋다,감 있다,힘들다,좋아하다,민망하다,좋다,까끌 거리다,부들부들하다,가능하다,사랑하다,건강하다,바쁘다,감사하다,싫다,신나다,고맙다,센스 없다,답답하다,궁금하다,심상치 않다,다양하다,즐겁다,어색하다,이상하다,오해하다,수고하다,싫어하다,헷갈리다,소소하다,묘하다,어렵다,실망하다,사람 좋아하다,뿌듯하다,죄송스럽다,책임감 없다,윤기 나다,울렁거리다,미안하다,삐딱하다,먹고 싶다,슬프다,다양하지않다,우울하다,행복하다,귀엽다,예쁘다,친절하다,진지하다,상큼하다,신기하다,미치다,못하다,스윗하다,젊다,맑다,아기자기,착하다"
14921873070,BL000000014921873070,[도쿄] 첫날 날씨 좋고 한적하고 그냥 좋다 이거야,https://blog.naver.com/seonbooni_/224348206090,블로그,네이버블로그,日記帳,2026-07-16,긍정,"도쿄여행,도쿄여행맛집,도쿄맛집내돈내산,도쿄오코노미야끼,롯폰기맛집,롯폰기벚꽃,도쿄죠우몬,도쿄이마카츠,도쿄팡메종,도쿄편의점,도쿄코메다커피,코메다커피땅콩,도쿄이자카야추천,도쿄이자카야꼬치,도쿄모츠나베","다리,돼지,고양이,벚꽃,장미,작년,여름,시간,저녁,하루종일,어제,매일,내일,평일저녁,날씨,저장,박살,처리,예약,전화예약,웨이팅,녹음,리필,소식,지도,이상,입장,바람,대왕,신고,먹이,구경,이름,모형,이야기,발냄새,맛도리,생각,추가,일보직전,계속,표정,근처,체크,무제한,제한,기억,느낌,강추추,영업력,어른이,어른,가족,성인,야경,파란색,새치기,자만추,사람,난리,포기,추억,내돈내산,추천,바게트,베이컨,아이스크림,고기,전갱이,대구,양배추,쪽파,과자,초코,커피땅콩,음료수,아이스아메리카노,커피,돈까스,감자튀김,꼬치,김치,소금빵,메론빵,훠궈,샤브샤브,김치국물,초밥,오코노미야끼,소바,모츠나베,메론맛,땅콩,부츠,구두,신발,캐리어,테이블,불판,자가,엘리베이터,국제전화,역무원,정리,비행기,신칸센,지하철,대학생,사진,도쿄여행,숙소,여행,맛집여행,마커,셀카,탄도,여행자보험,카드,사기,오픈런,기절,피노,이마카츠,자가비,공차,녹차마루,호두마루,코메다커피,메종,마이멜로디,산리오,안나,아들,일본인,도쿄,롯본기,맛집,돈까스집,가게,도쿄역,백화점,일본,편의점,대한민국,시부야,대학교,초밥집,도쿄타워,명당,벚꽃길,팔공산,이자카야","사람 많다,유명한 곳,유명하다,유행하다,별로다,돈 아깝다,비싸다,갖고싶다,강추,강추추,좋다,한적하다,다행스럽다,수월하다,싫다,부들부들,민망하다,아쉽다,행복하다,지겹다,새치기,벚꽃 있다,꼰대스럽다,귀엽다,못하다,아기자기,지랄하다,쩝쩝충,예쁘다,맛집,맛있다,맛도링,듣기 거북하다"
14928426807,BL000000014928426807,[대전] 가성비 좋은 갈마동 위스키바 '94프루프',https://blog.naver.com/suuu_an/224350309364,블로그,네이버블로그,"Ｌｉｆｅ ｉｓ ｓｈｏｒｔ, Ｉ'ｍ ｃａｐａｂｌｅ",2026-07-18,긍정,"대전위스키바,갈마동신상위스키바,갈마동위스키바,대전신상위스키바,94프루프,갈마동혼술,대전분위기좋은바,갈마동바,갈마동위스키","주차,공용,가능,유료,예약가능,나이,친구,신상,시작,근처,위치,입구,가격표,표시,가격,공개,내부,손님,분위기,좌석,비밀,종류,이용,대체,방문,저가격,사람,처음,확인,주문,고삐,마실,기본,취향,비교,코스,생각,일상,일기,블친,사랑,갑분아,혼자,대화,지인,기분,사진,촬영,포스팅,하프,공책,마커,데이트,사직,노키즈,메뉴,외부음식,음식,소스류,테이스팅,버번캐스크,단과자,젤리,초콜릿,위스키,버번,버번위스키,안주,프레첼,캐주얼,커트러리,트레이,화장실,콜키지,카메라,헤네시,쉐리캐스크,샘물,NAVER,바텐더,대전,갈마동,위스키바,광역시,대전광역시 서구,주차장,노키즈존,키즈존,명동,동네","자유롭다,분위기 좋다,종류 많다,가성비 좋다,저렴한 가격,저렴하다,가고 싶다,왕추천,추천하다,좋다,간단하다,가능하다,사랑하다,다양하다,즐기다,좋아하다,종류 다양하다,설레다,잘모르다,잘하다,심심하다,마시기 좋다,못하다,다정하다,친절하다,좋은 분,깔끔하다,냄새 심하다,맛있다"
14937312072,BL000000014937312072,변하지 않는 오랜 철학 밀로 빚어 더 부드러운 버번 위스키 메이커스 마커 Maker's mark,https://blog.naver.com/lizxwijn/224353447554,블로그,네이버블로그,liz winery,2026-07-21,긍정,,"겨울,오늘날,기간,마크,제품,설립,제조,목표,기존,일반적,적색,사용,숙성,기준,완료,결정,상징적,품질,개성,대표,프리미엄,브랜드,제품명,클래식,오리지널,종류,도수,제품정보,라이트,구현,방식,석회암,천연,이상,이중,미국산,흰색,오크,회전,유지,마무리,질감,지속,기반,스테이,추가,배럴,삽입,형성,텍스처,완성,선택,매력,비교,호밀,향신료,바닐라,체리,카라멜,버번위스키,버번,위스키,발효,풍미,효모,과일향,베이킹,단맛,벨벳,스타일,왁스,병마개,철학과,프렌치,레이어드,피니시,마커,철학,석회,메이커스 마크,밀로,미국,켄터키주,증류소,켄터키,구리","마크 좋다,추천하다,즐기다,강하다,따뜻하다,풍부하다,부드럽다,은은하다,달콤하다,크리미하다,풍미 더하다,단맛,색다른 맛,입맛 맞다"
14965915827,BL000000014965915827,진하고 강력한 풍미 그대로: 메이커스 마크 캐스크 스트렝스 (Maker's Mark Cask Strength),https://blog.naver.com/calor8899/224362957997,블로그,네이버블로그,calor8899님의 블로그,2026-07-30,긍정,"술,메이커스마크,메이커스마크CS,메이커스마크캐스크스트렝스,MakerSMark,CaskStrength,BourbonWhiskey,WhiskeyGram,WhiskeyLover,메막CS,버번위스키,버번추천,위스키추천,캐스크스트렝스,대구위스키,대구위스키샵,대구와인샵,칠곡위스키,칠곡술집,위스키선물,주류상회Be대구칠곡점,대구주류할인점,칠곡3지구위스키,주류상회be,술선물추천,칠곡3지구핫플,여름,여행,휴가,홈캉스","입안,지방,오늘,매일,마크,스트렝스,상회,소식,사용,대표,브랜드,일반적,제품,도수,버전,원액,매력,일반,오크,덕분,인상적,종류,용량,배치,특징,배럴,방식,적용,정규,추천,개인적,순간,특유,동시,경험,선택,애호가,프리미엄,가격,한정수량,주차,매장,상품,행사,인기,특가,오픈,선물,할인점,할인,집들이 선물,수집,옥수수,맥아,곡물,대구,치즈,시나몬,바닐라,체리,카카오,카라멜,다크초콜릿,주류,버번,버번위스키,위스키,바베큐,스테이크,피칸파이,훈제,풍미,레시피,단맛,바디감,얼음,아로마,왁스,입문자,피니시,여름휴가여행,여행,휴가,방울,홈캉스,캐스,페어링,메이커스 마크,인스타그램,주인공,칠곡군,광역시,대구광역시,북구,팔거천,건물주차장,지하주차장,와인샵,술집,칠곡3지구,핫플","스타일 유명하다,특별하다,부담 없다,만족도 높다,만족 높다,만족하다,만족 시키다,풍성하다,추천하다,진하다,제대로이다,즐기다,좋다,느낌 부드럽다,다양하다,빠르다,애호가 사랑이다,생생하다,부드러운 인상,인상적이다,부드럽다,묵직하다,거친 느낌,질감 적다,향 즐기다,달콤하다,단맛,바디감 자랑하다"
14966067962,BL000000014966067962,서면 전포 칵테일바 위스키바 데낄라바 혼술 하기 좋은 레포사,https://blog.naver.com/dbslss0613/224362995317,블로그,네이버블로그,세상은 넓고 맛있는 건 많다,2026-07-30,긍정,"서면칵테일바,서면위스키바,서면테낄라바,서면혼술,서면레포사,전포칵테일바,전포위스키바,전포데낄라바,전포혼술,전포레포사,레포사","영업시간,주말,평일,혼술,단체,이용,가능,헌팅,목적,느낌,손님,마실,메뉴판,업데이트,호기심,다음,거품,잘못,매장,취향,빨간색,숙성,모양,컨셉,나무,덕분,술쟁이,모어,추천,설명,사람,분위기,정보,확인,마커,간편결제,알바생,메뉴,꿀떡,초장,과자,데낄라,테킬라,위스키 칵테일,맥주,위스키,크리스탈,테이블,휴지,그릇,주소,전화번호,무선인터넷,보모어,리노,사장,서면,전포동,칵테일바,위스키바,부산,부산진구,동성로,가게,전국,광역시,부산광역시","술 좋아하다,부담 없다,종류 많다,비싸다,추천하다,좋다,부담스러울수 있다,다양하다,좋아하다,센스 있다,잘 설명하다,쉽다,잘하다,신나다,편하다,서비스 주다,서비스 엄청나다,귀엽다,충실하다,신기하다,같잖다,잘생기다,못하다,깔끔하다,부드럽다,고급진 향,향 있다,향 나다,맛있다,풍미 있다"
14968841962,BL000000014968841962,[광주 지산동] 동명동 조선대 칵테일 위스키 바 '웨이비' 'Way-B' / Maker's Mark 시그니처칵테일 이....,https://blog.naver.com/eeungseo_/224363835557,블로그,네이버블로그,two man 짭짭 one man die i don't...,2026-07-31,긍정,"광주,광주칵테일,광주위스키,동명동위스키,조선대위스키,조선대칵테일바,조대칵테일,동명동칵테일,동명동바,동명동술집,동명동맛집,지산동맛집,지산동술집,조대후문술집,서이추,메이커스마크,서이추환영,답방","시그니처,처음,이용 가이드,포즈,매장,종류,존귀,주심,투어,마커,도장,전남광주통합특별시,이용가,시그니처 메뉴,참깨,딸기잼,레몬,팝콘,칵테일,테킬라,데낄라,안주,기본안주,훈연,쿠키,버터쿠키,티셔츠,전용잔,메이커스 마크,갓파더,에타,조선대학교,웨이비,사장,광주,지산동,동명동,위스키바,특별시,동구,지산로,칵테일바,모교,맛집","애정하다,재미있다,서비스 주다,야무지다,미소짓다,귀엽다,존귀,맛있다,맛집"
14877828987,CF000000014877828987,메이커스마커 feat 트레이더스,https://cafe.naver.com/whiskycognac/899442,카페,네이버카페,위스키코냑클럽,2026-07-01,긍정,,"평일,에디션,브랜드,시음,진정,감동,스트레이트,마무리,게시판,이용,주의사항,삭제,금지,게시글,이름,제품명,표시,구입기,구입처,정보,개인,거래,자랑,언급,문의,댓글,쪽지,이벤트용,이벤트,참여,후기,내용,협찬,혜택,국내,구매,예시,참고,질문,미부착,부착,판매,라벨,매입,해외,구입,유도,마커,트레이더,면세,재판매,초콜릿,버번,위스키,온더락,불법유통,불법,한글,트레이더스홀세일클럽,셀러,오스트레일리아,시드니국제공항,공항면세점,면세점","푸르다,잘모르다,아쉽다,맵다,달콤하다"
14938324204,CF000000014938324204,와이프 첫 피트위스키 먹어본후기,https://cafe.naver.com/whiskycognac/907511,카페,네이버카페,위스키코냑클럽,2026-07-22,긍정,,"현재,후기,친구,선물,보강,재미,도수,라인업,구입처,구입가격,구매,정보,회원,자랑,게시판,이용,주의사항,삭제,금지,게시글,이름,제품명,표시,구입기,가격,개인,거래,언급,문의,댓글,쪽지,이벤트용,이벤트,참여,내용,협찬,혜택,국내,예시,참고,질문,미부착,부착,판매,라벨,매입,해외,구입,위스키,버번,니트류,니트,스모키,유도,마커,면세,재판매,불법유통,불법,담배연기,한글,산토리 가쿠 하이볼,라가불린,와이프,스페인","좋게하다,추천 해주다,위스키 좋다,좋아하다,기분 좋다,즐기다,맛있다"
14955715778,CF000000014955715778,버번위스키,https://cafe.naver.com/whiskycognac/910054,카페,네이버카페,위스키코냑클럽,2026-07-27,중립,,"버팔로,기간,여름,시간,매년,연중,겨울,저장용,참조용,참조,대표,전세계적,세계적,우드,이름,기준,원료,주원료,최소,이상,숙성,용기,내부,사용,도수,첨가물,첨가,색소,향료,인공첨가물,금지,스트레이트,원액,제품,의무,표기,특징,기본,덕분,오크,나무,타격감,기온,성분,직관적,직관,비율,분류,추가,브랜드,비중,강조,베이지,마크,이유,알코올,증발,환경,지역,처음,현상,발생,출시,배럴,크기,표면적,법칙,대비,접촉,면적,비약적,대형,침투,밀착,과정,숨구멍,일정량,일정,수준,규정,재사용,이전,반응,폭발적,통과,날씨,속도,진행,시너지,흡수,한계극복,위치,극단적,극단,관리,탄생,하이엔드급,의미,테스트,농도,측정,정밀,도구,검증,흑색,촛불,불꽃,안정적,기준선,달성,증명,역사적,기원,적용,단순화,시기,시작,공식,계산법,함량,기준점,편의성,순수,정의,방식,옥수수,곡물,호밀,보리,조미료,메이플시럽,정향,시나몬,바닐라,카라멜,버번위스키,증류주,버번,위스키,위린이,풍미,버번캐스크,오크통,개인공부,공부,연수,일본어,과학,영국식,전통,마커,돋보기,잡지,세무관,해군,남북전쟁,세금,세금부과,국세청,계산,생산,폭발,법적 조건,법률상,법제화,알코올 도수,캐스,부피,기후,짐빔,와일드 터키,메이커스 마크,스카치 위스키,스카치,트레이스,포드,로지스,미국 정부,승조원,미국,증류소,원산지,스코틀랜드,켄터키,영국","푸르다,씁쓸하다,충족하다,용량 크다,스모키하다,사랑 받다,엄격하다,비중 높다,가깝다,속도 빠르다,무시무시하다,서늘하다,속도 빨라지다,엄청나다,쉽다,비중 없다,충분하다,강하다,복잡하다,빠르다,찾기 힘들다,안정적이다,독특하다,건조한 환경,스며들다,부드럽다,은은하다,달콤하다,풍미 적다,진한 맛,맛 내다,맛 달라지다,스파이시하다,매콤하다,숙성 좋다"
14878017166,DC000000014878017166,위린이 다음달 도쿄 여행가는데 고인물들 위스키바 추천이랑 팁좀 부탁..,https://gall.dcinside.com/mgallery/board/view/?id=whiskey&no=1709806,커뮤니티,디시인사이드,위스키 갤러리,2026-07-02,부정,,"다음달,고인물,추천,본인,경험,엔트리급,다크,마실,취향,패스,기회,올드,근처,주문,엔트리,도쿄여행,숙소,취미,위린이,버번캐스크,학식,위스키,버번,블렌디드,아보랄리스,재패니스 위스키,오드,위갤,위스키바,대한민국,신주쿠","유명하다,괜찮다,저렴하다,쉽지못하다,다양한 경험,어렵다,못하다"
14905380068,DC000000014905380068,님들이면 뭐사나요?,https://gall.dcinside.com/mgallery/board/view/?id=whiskey&no=1719619,커뮤니티,디시인사이드,위스키 갤러리,2026-07-10,중립,,"다음주,친구,검정색,구형,고정,마커,셀러,다낭",
14934932561,DC000000014934932561,위린이 그린라벨 메이커스마커 마시다 달모어12 40%,https://gall.dcinside.com/mgallery/board/view/?id=whiskey&no=1731025,커뮤니티,디시인사이드,위스키 갤러리,2026-07-20,부정,,"모어,마커,위린이,그린라벨,달모어","비싸다,맛이 없다,밍밍하다"
14940704974,DC000000014940704974,술반입 하니까 생각나는데 몇년전 dmz피스트레인에서는,https://gall.dcinside.com/mgallery/board/view/?id=postrockgallery&no=1003221,커뮤니티,디시인사이드,포스트락 갤러리,2026-07-22,부정,,"반입,내부,기억,페스티벌,마커,DMZ 비무장 지대",
150183142,IG000000000150183142,". 메이커스 마크_Maker's Mark  ° Making: 메이커스마크 증류소 (켄터키) ° Type: 버번 위스키 ° Mash Bill: 옥수수(70%), 적색 겨울밀(16%), 맥아보리(14%) ° Age: NAS ° Strength: 45%   개인 평점  86 / 100  ✨ 주관적인 테이스팅 노트 ✨   Nose [바닐라, 카라멜, 꿀, 오크, 체리, 은은한 시나몬] 첫 향부터 달달한 바닐라와 카라멜이 부드럽게 올라옵니다. 약간의 알코올감이 있긴 하지만 꿀과 잘 익은 체리 같은 달콤한 과일 향이 은은하게 덮어줍니다. 뒤쪽으로는 오크와 시나몬이 살짝 받쳐줍니다.   Palate [바닐라, 카라멜, 토피, 오크, 견과류] 입안에서는 부드러운 바닐라와 카라멜이 중심을 잡아주고, 토피의 단맛과 오크의 씁싸한 맛이 섞입니다. 통통튀는 알콜감이 있지만 거친감은 없습니다. 뒤로 갈수록 고소한 견과류와 바닐라의 풍미가 더해집니다.   Finish [중간, 바닐라, 오크, 은은한 스파이스] 피니시는 적당한 길이로 이어집니다. 바닐라와 오크가 오래 남고, 은은한 스파이스로 마무리됩니다. 부담스럽지 않은 여운이라 다음 한 모금이 자연스럽게 이어집니다.  ✍️ 몇 줄 평 ""버번 입문의 교과서""  메이커스 마커는 강렬한 버번을 기대했다면 조금 심심하게 느껴질 수도 있지만, 오히려 그 부드러움이 가장 큰 매력인 위스키라 생각됩니다. 밀을 사용한 레시피 덕분에 거친 느낌이 적고, 달콤한 바닐라와 카라멜 풍미를 누구나 편하게 즐길 수 있습니다.  버번 특유의 달달함은 충분히 느끼면서도 부담은 적어서 입문용으로도 정말 좋고, 니트는 물론 하이볼이나 온더락으로 즐겨도 만족도가 높은 한 병입니다. 요즘 가격도 착하구요. 오늘은 하이볼도로 한 잔 했는데, 역시 여름엔 ""버번하이볼""이 짱입니다.  버번 한 병 추천해달라고 하면 저는 아직도 메이커스 마커를 항상 얘기해줍니다. 이름은 까먹어도 빨간색 뚜껑은 모두들 기억하니까요^^  #seokbar #위스키 #위스키추천 #버번위스키 #메이커스마크",https://www.instagram.com/p/DafRD2KARU5,인스타그램,인스타그램,seok_bar,2026-07-07,긍정,"seokbar,위스키,위스키추천,버번위스키,메이커스마크","입안,겨울,오늘,여름,마크,적색,개인,평점,주관적,주관,오크,알코올,중심,중간,마무리,여운,다음,문의,매력,생각,사용,덕분,특유,입문,이름,빨간색,뚜껑,기억,추천,피니시,마커,모금,테이스팅 노트,과일향,견과류,단맛,레시피,옥수수,맥아,보리,시나몬,바닐라,체리,카라멜,버번위스키,버번,위스키,하이볼,온더락,니트,메이커스 마크,교과서,입문용,증류소,켄터키","부담 없다,만족도 높다,만족 높다,가격 좋다,추천하다,감 있다,거침 없다,감 없다,적당하다,기대하다,심심하다,즐기다,부담 적다,좋다,편하다,자연스럽다,부드럽다,거친 느낌,은은하다,향 달달하다,향 은은하다,달콤하다,단맛,고소하다,풍미 더하다,풍미 즐기다,달달하다"
